opportunity_id,product,account,deal_stage,close_date,close_value
1C1I7A6R,GTX Plus Basic,Cancity,Won,2017-03-01,1054.0
Z063OYW0,GTXPro,Isdom,Won,2017-03-11,4514.0
EC4QE1BX,MG Special,Cancity,Won,2017-03-07,50.0
MV1LWRNH,GTX Basic,Codehow,Won,2017-03-09,588.0
PE84CX4O,GTX Basic,Hatfan,Won,2017-03-02,517.0
ZNBS69V1,MG Special,Ron-tech,Won,2017-03-01,49.0
9ME3374G,MG Special,J-Texon,Won,2017-03-02,57.0
7GN8Q4LL,GTX Basic,Cheers,Won,2017-03-07,601.0
OLK9LKZB,GTX Plus Basic,Zumgoity,Won,2017-03-03,1026.0
HAXMC4IX,MG Advanced,,Engaging,,
NL3JZH1Z,MG Special,Bioholding,Won,2017-03-10,53.0
KWVA7VR1,GTXPro,Genco Pura Olive Oil Company,Lost,2017-03-18,0.0
S8DX3XOU,GTX Plus Pro,Sunnamplex,Won,2017-03-10,5169.0
ENB2XD8G,GTX Plus Pro,Sonron,Won,2017-03-06,4631.0
09YE9QOV,MG Advanced,Finjob,Won,2017-03-11,3393.0
3F5MZNEH,MG Special,Sonron,Lost,2017-03-03,0.0
M6WEJXC0,MG Advanced,Scotfind,Won,2017-03-06,3284.0
6PTR7VBR,MG Special,Treequote,Won,2017-03-05,61.0
902REDPA,GTXPro,Xx-zobam,Lost,2017-03-09,0.0
5J9CMGDV,MG Special,Rantouch,Won,2017-03-08,46.0
JJXRR8R6,GTX Plus Pro,Fasehatice,Lost,2017-03-17,0.0
WF4HA5NW,MG Special,Ron-tech,Won,2017-03-18,50.0
C5K2JP1H,GTX Plus Basic,Vehement Capital Partners,Won,2017-03-11,1014.0
ADRB8OMB,GTX Basic,Warephase,Won,2017-03-26,561.0
SBCR987L,GTX Basic,Zoomit,Won,2017-03-23,590.0
UP409DSB,MG Advanced,Ganjaflex,Engaging,,
JSD4APT2,MG Special,Bioholding,Won,2017-03-12,61.0
AO9Z2D17,GTX Plus Pro,Xx-zobam,Lost,2017-03-11,0.0
5M58DTJK,MG Special,Cheers,Won,2017-03-05,58.0
KNY1OSAB,GTXPro,Labdrill,Won,2017-03-14,4899.0
EAZDUUM9,MG Advanced,Zotware,Lost,2017-03-01,0.0
2STUSOFE,MG Special,dambase,Won,2017-03-03,67.0
JYKM0B00,GTXPro,Xx-holding,Won,2017-03-06,4338.0
KU28360J,GTX Basic,Fasehatice,Won,2017-03-19,578.0
N4SD17JR,GTX Basic,Acme Corporation,Won,2017-03-01,556.0
E67P9Y3Q,GTX Basic,Green-Plus,Won,2017-03-03,635.0
AT3MMVIS,MG Advanced,The New York Inquirer,Won,2017-03-07,3045.0
REJ11LRY,GTX Plus Basic,Mathtouch,Won,2017-03-14,1233.0
ERV0CAZ7,MG Special,Zumgoity,Won,2017-03-09,60.0
8SOQADK7,MG Special,Gogozoom,Lost,2017-03-30,0.0
TCHFT25B,GTX Basic,Stanredtax,Lost,2017-03-08,0.0
CZVN09WN,GTX Plus Basic,Konmatfix,Won,2017-03-20,1170.0
EG7OFLFR,GTX Basic,,Engaging,,
30UQWUKB,GTX Plus Basic,Genco Pura Olive Oil Company,Won,2017-03-20,1162.0
OLVI7L8M,GTXPro,,Engaging,,
97UN20YY,MG Advanced,Conecom,Won,2017-03-14,3725.0
JXLERZ9O,GTX Basic,Golddex,Won,2017-03-31,559.0
6ROE69W5,GTX Basic,Plexzap,Lost,2017-03-11,0.0
0DFXFKT7,GTX Plus Basic,Rundofase,Lost,2017-03-21,0.0
XKMZVSN4,GTX Plus Pro,Sonron,Won,2017-03-05,4667.0
IU8V0BZK,GTX Plus Basic,Finhigh,Won,2017-03-17,903.0
XY42936P,GTX Plus Basic,Finjob,Won,2017-03-13,1180.0
XRN54MBM,GTX Basic,Ron-tech,Won,2017-03-05,487.0
2V848WZD,MG Advanced,Stanredtax,Won,2017-03-04,3180.0
ONYNTUCG,GTXPro,Funholding,Lost,2017-03-17,0.0
HIOHX80Y,MG Advanced,Gogozoom,Won,2017-03-18,3563.0
F5U1ACDD,GTX Plus Basic,,Engaging,,
LPKT07PV,GTXPro,Opentech,Won,2017-03-23,4704.0
WPB2SLIG,GTX Plus Pro,Silis,Won,2017-03-14,5585.0
XUSUEAV7,GTK 500,Zoomit,Won,2017-03-09,25897.0
ZZY4516R,MG Advanced,,Engaging,,
3TYPII47,GTX Plus Basic,Goodsilron,Won,2017-03-03,1207.0
7WAX8Z8O,MG Advanced,Cancity,Lost,2017-03-08,0.0
MYDUMR3R,GTX Basic,Rangreen,Won,2017-03-04,559.0
0DRC1U9Q,GTX Basic,Green-Plus,Engaging,,
37JFKD4I,GTX Plus Basic,dambase,Won,2017-03-09,1033.0
25YKPHX8,GTX Basic,Kan-code,Won,2017-03-21,462.0
BXXMA7F3,MG Advanced,Nam-zim,Lost,2017-03-01,0.0
GIUUTBXM,GTXPro,Y-corporation,Won,2017-03-14,5539.0
MFX2LR1Q,MG Advanced,Ron-tech,Won,2017-03-15,3573.0
DUHE9FLY,GTXPro,Conecom,Won,2017-03-01,4926.0
96BSG7R1,GTX Plus Basic,Sunnamplex,Lost,2017-03-17,0.0
7FQMSWIX,MG Special,Bioplex,Won,2017-03-04,62.0
C20AVXN7,GTXPro,Gogozoom,Won,2017-03-14,4359.0
GS1QVWCR,GTX Basic,Plusstrip,Won,2017-03-31,566.0
ZWH8FXY3,GTX Basic,Toughzap,Won,2017-03-03,508.0
2U94Y3Q9,MG Advanced,Vehement Capital Partners,Lost,2017-03-20,0.0
AAR79NOO,MG Special,Codehow,Won,2017-03-11,51.0
B6B0PNR2,GTXPro,Dalttechnology,Won,2017-03-05,4899.0
M7I5O9YU,GTX Basic,Cheers,Engaging,,
LXZA2OSZ,GTX Plus Pro,Ontomedia,Won,2017-03-03,5790.0
N0ONCYVZ,MG Special,Kinnamplus,Lost,2017-03-30,0.0
GYB4W2AU,MG Advanced,,Engaging,,
513DPFX5,GTXPro,Codehow,Won,2017-03-03,4438.0
RU023K5W,MG Advanced,Finhigh,Won,2017-03-17,2972.0
VDIU10RV,MG Special,Lexiqvolax,Engaging,,
BZCBQ514,GTX Basic,Y-corporation,Won,2017-03-01,523.0
HEE6P0QH,MG Advanced,Statholdings,Won,2017-03-25,3647.0
L8CHRJ2B,MG Advanced,Umbrella Corporation,Won,2017-03-01,4200.0
579LZ3F9,GTX Plus Basic,J-Texon,Engaging,,
SU8JNMP4,GTX Plus Basic,Bubba Gump,Engaging,,
V2X2KMUR,GTX Plus Basic,Faxquote,Won,2017-03-28,1059.0
AJIPJP75,GTX Plus Basic,Codehow,Lost,2017-03-05,0.0
NYVA2G6U,MG Special,Dontechi,Won,2017-03-02,57.0
FF45BXTL,MG Advanced,Konex,Won,2017-03-27,3671.0
TTA9LYBS,MG Special,Treequote,Won,2017-03-01,58.0
PAGZQH8L,MG Advanced,Treequote,Won,2017-03-06,3956.0
J7YF6DS7,GTX Plus Pro,Betasoloin,Won,2017-03-01,5964.0
S5IXY4Z9,GTXPro,Betasoloin,Won,2017-03-06,4570.0
JQBJMETQ,MG Special,Domzoom,Won,2017-03-27,49.0
0LVWSWEW,MG Special,Donquadtech,Won,2017-03-06,65.0
K53BC1T9,MG Special,Domzoom,Lost,2017-03-27,0.0
D40N5I9Y,GTXPro,Finhigh,Won,2017-03-08,4739.0
051QTX8Z,GTX Plus Basic,Globex Corporation,Won,2017-03-21,1080.0
5D2XH04S,MG Special,Plussunin,Won,2017-03-12,57.0
V9E582SK,GTX Basic,Konex,Won,2017-03-16,469.0
UK0LEZRJ,GTX Basic,Condax,Won,2017-03-03,532.0
PFFHM7HR,MG Advanced,Opentech,Engaging,,
IT10CFQH,GTX Basic,Konex,Won,2017-03-26,538.0
8VKD2CCH,GTXPro,Massive Dynamic,Won,2017-03-21,4829.0
2XQAKBXH,GTX Plus Pro,Doncon,Won,2017-03-11,5370.0
7G7YLGJO,GTX Plus Pro,Hatfan,Won,2017-03-21,6499.0
GCA97W27,GTX Plus Basic,Genco Pura Olive Oil Company,Won,2017-03-06,1161.0
K8FUZHOG,GTX Basic,Scotfind,Won,2017-03-26,576.0
5WJZMULK,GTX Plus Basic,Hatfan,Won,2017-03-19,979.0
ZPYD4T9W,MG Special,Stanredtax,Won,2017-03-07,43.0
KE9ZEDS8,MG Special,Scottech,Won,2017-03-07,57.0
7KK0HQ4C,MG Special,Ron-tech,Lost,2017-03-28,0.0
FP7014Z0,GTX Plus Basic,Funholding,Won,2017-03-12,948.0
N4HFHDMW,MG Advanced,Plussunin,Won,2017-03-10,3012.0
2HFLKREC,MG Advanced,Zotware,Won,2017-03-15,3665.0
7JVTTVCO,GTX Basic,Gekko & Co,Won,2017-03-24,564.0
3X13866U,GTX Plus Basic,dambase,Lost,2017-03-06,0.0
7LE19SYE,MG Advanced,Initech,Won,2017-03-22,3463.0
J5V2M7Y1,GTX Basic,Gekko & Co,Won,2017-03-26,513.0
41MURAI5,GTX Basic,Konex,Won,2017-03-28,590.0
QHI8WRIA,GTXPro,Dontechi,Won,2017-03-30,4511.0
AJXAXV4W,MG Advanced,Finhigh,Lost,2017-03-02,0.0
VPDXX5PJ,GTX Basic,Cancity,Won,2017-03-26,546.0
PZB9NUK8,MG Special,Y-corporation,Won,2017-03-05,46.0
A0ANOYPF,GTXPro,Ron-tech,Won,2017-03-09,4891.0
0P4AAPYX,GTX Plus Basic,Golddex,Won,2017-03-03,1040.0
O6T5WC3W,GTX Plus Basic,Sonron,Won,2017-03-04,1108.0
0NO04P6C,MG Special,Nam-zim,Won,2017-03-04,59.0
22OFSXBT,GTXPro,Statholdings,Won,2017-03-30,5406.0
MRXZTMM6,GTX Basic,Cheers,Won,2017-03-20,515.0
LGI8QEC2,GTX Basic,Treequote,Won,2017-03-06,583.0
6KZ0NCFX,MG Special,Funholding,Won,2017-03-14,54.0
3SF8O9S6,MG Special,Plusstrip,Won,2017-03-27,60.0
CNM0H9FR,GTX Basic,,Engaging,,
XK668R7C,GTX Basic,Dontechi,Lost,2017-03-12,0.0
TZCAQWL3,GTXPro,Funholding,Lost,2017-03-19,0.0
BADC6A9H,GTX Basic,Globex Corporation,Won,2017-03-23,516.0
B8E0UUZR,GTXPro,Rangreen,Won,2017-03-22,4829.0
I043RXJV,GTX Plus Basic,Dontechi,Lost,2017-03-17,0.0
MWWB44CC,GTX Plus Basic,Donquadtech,Won,2017-03-02,950.0
HBTINPDG,GTX Plus Basic,Xx-holding,Lost,2017-03-09,0.0
DZ3KHZSX,GTX Basic,Initech,Won,2017-03-20,513.0
3W1K7X5F,GTXPro,Condax,Lost,2017-03-09,0.0
45A57X68,GTX Plus Pro,Ron-tech,Won,2017-03-12,5522.0
9SLYC4TR,MG Special,Cancity,Won,2017-03-09,56.0
JLWKWQYC,GTXPro,Doncon,Won,2017-03-08,5673.0
7QC6FOKW,GTX Basic,Xx-holding,Won,2017-03-10,598.0
XA184CMW,GTX Plus Pro,Rangreen,Won,2017-03-16,5787.0
S0N7BYU3,GTX Plus Basic,Singletechno,Won,2017-03-08,1070.0
6WOMHAJM,MG Advanced,Donquadtech,Won,2017-03-14,3677.0
G1QGATKV,GTX Plus Pro,Ontomedia,Won,2017-03-30,5425.0
UAE5ZC7O,GTX Plus Pro,,Engaging,,
6XFVQI32,MG Advanced,Yearin,Won,2017-03-23,3415.0
JUCNIG4H,GTX Basic,,Engaging,,
OGD4MDJ9,GTX Plus Basic,Lexiqvolax,Won,2017-03-21,891.0
4NGBUZWJ,GTX Basic,Codehow,Won,2017-03-12,609.0
EFG5DGV5,MG Special,Plusstrip,Won,2017-03-16,54.0
82MM4H33,GTX Plus Basic,Labdrill,Won,2017-03-09,1049.0
14PM641K,GTX Plus Basic,Gekko & Co,Won,2017-03-07,1152.0
DSBGHOPN,MG Special,Plussunin,Lost,2017-03-20,0.0
1YSOZLHF,GTXPro,Umbrella Corporation,Won,2017-03-28,4799.0
E8RP9FRW,MG Special,dambase,Won,2017-03-12,51.0
787IRG9Q,MG Advanced,J-Texon,Won,2017-03-03,3426.0
0TUS4NAC,MG Special,Rangreen,Won,2017-03-11,51.0
FAJTQMUM,GTX Basic,Finjob,Won,2017-03-20,564.0
TWF0J0DF,GTX Plus Pro,Isdom,Won,2017-03-01,5882.0
ICMXZOVL,GTXPro,Stanredtax,Engaging,,
UQ14O415,GTXPro,Plussunin,Won,2017-03-20,5059.0
IBEUTCSW,MG Advanced,,Engaging,,
O3KC8QI8,GTX Plus Basic,,Engaging,,
BOJSLNDG,MG Advanced,Singletechno,Won,2017-03-11,3388.0
WALNFJ70,GTX Plus Pro,,Engaging,,
DASMR0EK,GTX Plus Pro,Zoomit,Won,2017-03-10,5410.0
A76M0OOH,GTX Plus Basic,Zathunicon,Won,2017-03-28,978.0
E1VKE2PH,MG Special,Scotfind,Won,2017-03-26,54.0
SKY95DVG,MG Special,Betatech,Lost,2017-03-22,0.0
V5OK4V5I,GTX Basic,Bubba Gump,Won,2017-03-14,549.0
GJ4L5HHN,GTX Plus Basic,Mathtouch,Won,2017-03-14,1034.0
9R8JWY3J,GTXPro,Vehement Capital Partners,Won,2017-03-03,4998.0
0EOFVU05,MG Advanced,Ontomedia,Won,2017-03-28,3421.0
HNHOPL7M,GTX Plus Pro,Doncon,Won,2017-03-04,5425.0
Y0NYI17R,MG Special,Dalttechnology,Won,2017-03-15,55.0
R4F4RGAL,MG Advanced,Silis,Won,2017-03-14,3558.0
MNVMY83P,GTXPro,Plussunin,Engaging,,
0ZHLQFGU,GTXPro,Blackzim,Won,2017-03-22,4839.0
40DPY158,MG Special,Hottechi,Won,2017-03-25,47.0
DP9E525R,GTX Plus Basic,Fasehatice,Won,2017-03-24,1007.0
DBDUMQQK,MG Special,Inity,Won,2017-03-24,48.0
CNBN12RL,MG Special,Treequote,Won,2017-03-07,49.0
OXL0YWEE,GTX Basic,Mathtouch,Won,2017-03-18,504.0
ZOBJHMAF,MG Advanced,,Engaging,,
KD6MB4AP,MG Special,,Engaging,,
5CSSZJF4,GTX Basic,Finhigh,Won,2017-03-21,543.0
0XG8TOJF,GTX Plus Pro,Fasehatice,Lost,2017-03-18,0.0
IIS0O91J,GTXPro,Fasehatice,Won,2017-03-28,5149.0
2LP5SUR5,GTX Basic,Treequote,Lost,2017-03-09,0.0
PYZZ3IS6,GTX Plus Basic,Blackzim,Won,2017-03-11,1043.0
5I4K5TQE,GTX Plus Pro,Sumace,Lost,2017-03-09,0.0
RV3LPOYP,GTX Basic,Condax,Won,2017-03-29,437.0
A194RP0I,MG Advanced,,Engaging,,
1HVNTEPV,GTXPro,Kinnamplus,Won,2017-03-11,4465.0
LC85AQ1I,GTX Basic,Konex,Won,2017-03-18,443.0
TBV972NP,MG Special,Sumace,Lost,2017-03-23,0.0
EJMX0EIJ,GTX Plus Pro,Betatech,Won,2017-03-20,4278.0
VR9NYBOV,MG Special,Kinnamplus,Won,2017-03-06,41.0
3U25FK08,GTX Basic,Isdom,Won,2017-03-28,519.0
KV2OFRJT,GTXPro,,Engaging,,
CRLK4Z1P,GTX Basic,Kan-code,Won,2017-03-04,524.0
OGENAT0L,GTX Basic,Singletechno,Won,2017-03-27,552.0
F57JWIDF,GTX Plus Basic,Konmatfix,Won,2017-03-02,970.0
ERFRHR3Z,MG Advanced,,Engaging,,
J53D8EOL,GTX Plus Basic,Hottechi,Engaging,,
LF8JZ3Q5,GTX Plus Basic,Hatfan,Won,2017-03-13,1046.0
MRGBSMQ5,GTX Plus Basic,Sunnamplex,Won,2017-03-14,988.0
CBAV8ZJL,GTX Basic,Codehow,Won,2017-03-22,547.0
J32XDDAW,GTX Basic,,Engaging,,
NN4DWBVN,GTXPro,Singletechno,Lost,2017-03-04,0.0
6JXHEZYK,MG Special,Isdom,Won,2017-03-31,54.0
WDHNR2EI,MG Special,Silis,Won,2017-03-20,57.0
4K750D6F,MG Special,Yearin,Won,2017-03-18,55.0
94GI0ZJ7,GTX Plus Pro,Stanredtax,Won,2017-03-15,5765.0
TODG6DEK,GTX Basic,Bioplex,Won,2017-03-16,639.0
G0ECB8FS,GTXPro,Labdrill,Won,2017-03-15,5100.0
1ZDDZD8B,MG Special,,Engaging,,
96MZYUY0,GTXPro,Fasehatice,Won,2017-03-07,4906.0
EZVKSQ9C,GTX Plus Pro,Genco Pura Olive Oil Company,Engaging,,
RJYG004O,GTX Basic,Domzoom,Engaging,,
JZOKHHWN,GTX Plus Basic,Opentech,Won,2017-03-07,1037.0
EH6I67I0,GTX Basic,Plexzap,Won,2017-03-15,537.0
JUUXF02Z,GTXPro,Hatfan,Won,2017-03-09,4694.0
OT87JDWO,GTX Basic,Konmatfix,Won,2017-03-24,560.0
YHKT6YJ7,GTX Basic,dambase,Won,2017-03-13,589.0
H78I3TAY,GTX Basic,Mathtouch,Won,2017-03-14,493.0
1ROC43JK,MG Special,Betatech,Won,2017-03-08,50.0
LPZLQL48,GTX Basic,Y-corporation,Won,2017-03-28,492.0
PYOFK7ZD,GTX Basic,,Engaging,,
DWUXMAGZ,GTX Plus Pro,,Engaging,,
3KR50X38,GTX Plus Basic,Konex,Won,2017-03-13,1255.0
Q3WLHRE9,GTX Basic,Statholdings,Won,2017-03-04,463.0
IX7UEOAP,GTX Plus Basic,Initech,Lost,2017-03-27,0.0
NQU62K1H,GTX Basic,Zencorporation,Won,2017-03-12,605.0
NAQKOU0T,GTX Plus Basic,Fasehatice,Won,2017-03-20,1315.0
I3V3GUAI,GTX Basic,Zumgoity,Won,2017-03-02,559.0
PN4VJDXY,GTX Basic,Rundofase,Won,2017-03-28,557.0
K9D4DQ3R,MG Special,Vehement Capital Partners,Won,2017-03-02,48.0
9X6V79KE,GTX Plus Pro,Isdom,Won,2017-03-25,6282.0
6SN2RQJX,MG Special,,Engaging,,
W1KLFNE4,MG Advanced,Isdom,Won,2017-03-02,3246.0
NKPH3EFG,MG Advanced,,Engaging,,
GD2OCW12,GTX Basic,Finhigh,Won,2017-03-14,514.0
6XO4RYXK,GTX Plus Basic,Silis,Won,2017-03-15,1132.0
18Y7GRPW,GTX Plus Pro,Silis,Won,2017-03-21,5918.0
127ZPLXQ,GTXPro,Hottechi,Lost,2017-03-18,0.0
U07C2HEG,MG Special,Kan-code,Lost,2017-03-14,0.0
RNTOJ78L,MG Special,Hatfan,Lost,2017-03-13,0.0
N07K7DR7,MG Special,Plexzap,Engaging,,
NLB4D5BQ,MG Advanced,Gogozoom,Won,2017-03-24,2955.0
FCFDJIEZ,GTXPro,Fasehatice,Won,2017-03-21,3742.0
YZGDW4G1,MG Special,Initech,Won,2017-03-14,64.0
G8AO5FA2,MG Advanced,Initech,Lost,2017-03-27,0.0
125VIRMX,GTK 500,Warephase,Engaging,,
LXXW3TRW,GTX Plus Basic,Scotfind,Won,2017-03-18,1164.0
8KJ3H262,MG Special,Singletechno,Won,2017-03-07,65.0
88POGNEL,GTX Plus Basic,Cancity,Lost,2017-03-07,0.0
UYP3NNU6,GTX Basic,Groovestreet,Won,2017-03-16,441.0
S1V8684Y,GTX Plus Basic,Finhigh,Lost,2017-03-12,0.0
MOPWEMB5,GTXPro,Hatfan,Won,2017-03-16,4907.0
L62MDI48,MG Advanced,Isdom,Lost,2017-03-01,0.0
3ECHUPQY,GTX Plus Basic,,Engaging,,
3EL8D4WO,MG Advanced,Codehow,Won,2017-03-25,3269.0
VOAN1NXG,GTX Basic,Kinnamplus,Won,2017-03-12,579.0
ALW92XQL,GTX Basic,Isdom,Lost,2017-03-25,0.0
TJ6ZA1M3,GTX Basic,Dalttechnology,Lost,2017-03-07,0.0
FKAFO8O9,MG Special,Xx-holding,Won,2017-03-31,51.0
1XBC7M9F,MG Special,Faxquote,Won,2017-03-08,64.0
8IXBS90G,MG Special,Donware,Won,2017-03-08,60.0
2X45BEOS,GTX Plus Basic,Ganjaflex,Won,2017-03-27,1186.0
EQ8X0QTL,MG Advanced,Yearin,Won,2017-03-09,3577.0
5QD53WHF,GTX Plus Basic,Donquadtech,Won,2017-03-07,1020.0
K5CWSFCW,GTXPro,Blackzim,Engaging,,
79EABK3X,MG Special,Zoomit,Won,2017-03-23,53.0
2DKO9X1T,GTX Basic,Rundofase,Lost,2017-03-10,0.0
IBDEQVBN,GTX Basic,Faxquote,Lost,2017-03-28,0.0
QZ3VV4C1,GTXPro,Sunnamplex,Won,2017-03-08,4719.0
62AK8UWX,GTX Basic,Codehow,Won,2017-03-22,546.0
5QM4ORNT,GTX Plus Basic,Domzoom,Won,2017-03-21,1212.0
4H2QMS78,GTX Basic,,Engaging,,
S91N9YBL,GTX Basic,Sunnamplex,Lost,2017-03-08,0.0
44H0FJMH,GTX Plus Pro,Bioholding,Lost,2017-03-27,0.0
N5AZLQZR,GTX Plus Pro,Dontechi,Won,2017-03-14,5533.0
4T295XQL,MG Advanced,Finjob,Won,2017-03-01,3295.0
YFS5KLJJ,MG Special,Finjob,Won,2017-03-31,45.0
S8GLKDB9,MG Special,Bioplex,Won,2017-03-04,56.0
SQLYCFGV,GTXPro,Opentech,Engaging,,
EUG019AS,GTX Basic,,Engaging,,
IE7VQ5BA,GTX Plus Basic,Finhigh,Engaging,,
01QKN578,GTXPro,Funholding,Won,2017-03-20,4247.0
M0JKP0HT,MG Advanced,Isdom,Won,2017-03-13,3440.0
ZC3KKSUK,GTXPro,Plexzap,Won,2017-03-02,5040.0
3X8VLQ5G,GTX Basic,Cancity,Won,2017-03-12,469.0
EZLXL6GL,MG Special,Isdom,Won,2017-03-07,58.0
R8PEL8V8,MG Advanced,Isdom,Won,2017-03-16,2955.0
L1R32S8H,GTX Plus Pro,Condax,Won,2017-03-26,5228.0
J7N8J8NM,MG Advanced,Toughzap,Won,2017-03-14,3358.0
TO7PGVP1,GTX Plus Pro,Green-Plus,Lost,2017-03-29,0.0
A051G1B4,GTX Basic,Codehow,Won,2017-03-31,517.0
NMDMM5YJ,GTX Basic,Dontechi,Won,2017-03-03,615.0
LWPJEV3U,GTX Basic,Domzoom,Lost,2017-03-10,0.0
I93ZFHEM,MG Special,Condax,Won,2017-03-08,62.0
B2VJCVBB,GTX Plus Pro,Isdom,Won,2017-03-13,4711.0
F90O03ZH,GTXPro,Kinnamplus,Lost,2017-03-23,0.0
PC78RLUX,GTX Basic,Yearin,Won,2017-03-30,510.0
X6GL64T5,GTXPro,Warephase,Won,2017-03-25,4891.0
OWM3BPGW,GTX Plus Basic,Green-Plus,Won,2017-03-17,926.0
RP5PS9A5,MG Special,Betatech,Won,2017-03-10,56.0
AI76U58A,GTX Basic,Treequote,Engaging,,
KFPM2LJW,GTX Basic,,Engaging,,
F2PW7WP2,MG Special,Ontomedia,Won,2017-03-05,47.0
GK8YD2XW,GTX Basic,Rangreen,Lost,2017-03-23,0.0
U4LRR9E9,GTX Plus Pro,Nam-zim,Won,2017-03-10,6490.0
B00UMAV4,MG Advanced,Gogozoom,Engaging,,
C8TV7R8A,GTXPro,,Engaging,,
9N55D1AH,MG Advanced,Treequote,Won,2017-03-02,3841.0
2VCDVCIZ,GTX Basic,,Engaging,,
WI4PODA2,GTX Plus Pro,Faxquote,Won,2017-03-15,5256.0
VF1V41RI,MG Special,Kan-code,Lost,2017-03-28,0.0
1B4L7TNG,MG Advanced,Sonron,Lost,2017-03-25,0.0
MZAN11FT,GTX Basic,Conecom,Won,2017-03-01,625.0
0U3WVJO0,GTXPro,,Engaging,,
0IO00FNS,GTXPro,Warephase,Lost,2017-03-16,0.0
8S6TNXYB,GTXPro,Conecom,Won,2017-03-22,3952.0
PMMW9JX3,GTX Basic,,Engaging,,
MOLGOSGE,GTX Plus Pro,Konex,Won,2017-03-13,5515.0
FA1VHZSV,MG Special,Vehement Capital Partners,Won,2017-03-16,57.0
PXQEX039,MG Special,Konmatfix,Won,2017-03-28,51.0
RX56S6G3,MG Advanced,Fasehatice,Won,2017-03-13,3803.0
G4F8W039,GTX Plus Pro,Rundofase,Won,2017-03-27,5459.0
4T31MWVO,MG Advanced,Stanredtax,Won,2017-03-23,4148.0
2HT2R2GY,GTX Plus Pro,,Engaging,,
83XN082U,GTX Plus Pro,Ganjaflex,Won,2017-03-23,5002.0
J21W3WIW,MG Advanced,Gekko & Co,Won,2017-03-03,3351.0
52UPJFYI,GTX Basic,Domzoom,Won,2017-03-19,571.0
QOL51JIB,GTX Basic,Goodsilron,Won,2017-03-10,601.0
13GM5I6M,GTXPro,,Engaging,,
93AGN8A6,GTX Basic,Zoomit,Won,2017-03-13,576.0
J7UNJFJL,MG Special,Funholding,Won,2017-03-03,52.0
A4H5ESTU,GTX Plus Basic,Fasehatice,Won,2017-03-13,1185.0
8EZ04VQB,GTX Plus Basic,Gekko & Co,Lost,2017-03-28,0.0
4501T63I,MG Special,Plexzap,Won,2017-03-14,56.0
9IA34L8S,GTX Basic,,Engaging,,
FPNGEJRC,MG Special,Opentech,Won,2017-03-29,54.0
S33WRL0Y,GTXPro,Xx-holding,Won,2017-03-13,4818.0
Q7IRUJK7,GTX Plus Pro,Codehow,Won,2017-03-01,5087.0
DTZPYISJ,GTX Plus Basic,Opentech,Won,2017-03-19,1116.0
Y9HWSG8Z,GTX Basic,Gogozoom,Won,2017-03-20,510.0
5T8Q2YID,MG Special,,Engaging,,
JOQCXC9Z,GTX Basic,Streethex,Won,2017-03-16,565.0
AP7PCLAZ,GTX Basic,Finjob,Won,2017-03-26,633.0
BIE471SO,MG Advanced,Xx-zobam,Won,2017-03-29,3962.0
UA8AWDG4,MG Advanced,Y-corporation,Won,2017-03-22,3672.0
BTT6YAVZ,GTX Plus Basic,Green-Plus,Engaging,,
FZDRB789,GTXPro,Goodsilron,Won,2017-03-18,4586.0
PC1NUL8Q,MG Special,Hottechi,Won,2017-03-02,60.0
O7UUAK3Y,GTX Plus Basic,dambase,Engaging,,
TLOHEQ18,GTX Plus Basic,,Engaging,,
F1X5ZJ7V,GTX Basic,Dontechi,Won,2017-05-04,572.0
IF7MJ88P,GTX Basic,Goodsilron,Won,2017-03-01,550.0
06B7XWPC,GTXPro,Sonron,Won,2017-03-17,4125.0
12MQ3WM8,MG Advanced,Zumgoity,Won,2017-03-10,3647.0
91M6FY8S,GTX Basic,Dontechi,Won,2017-03-21,573.0
0LNZRNEU,GTX Basic,Zencorporation,Won,2017-03-29,542.0
NKOKUS7D,MG Advanced,Donware,Won,2017-03-12,3479.0
NF6GCTMV,MG Advanced,Ganjaflex,Lost,2017-03-22,0.0
I4UCA7CU,GTX Plus Basic,Stanredtax,Won,2017-03-21,1012.0
EWDOBEM6,MG Special,,Engaging,,
1LI7ETNZ,GTX Plus Basic,Doncon,Won,2017-03-06,990.0
N36DEZBR,GTXPro,Sunnamplex,Won,2017-03-18,4374.0
77ZECYVJ,GTX Basic,Finjob,Lost,2017-03-17,0.0
IRB461Y7,GTX Plus Basic,Xx-holding,Won,2017-03-30,1054.0
NM2Q3CGW,MG Special,Scotfind,Won,2017-03-15,55.0
OEEUEIPJ,MG Special,Ganjaflex,Lost,2017-03-05,0.0
5E14LG51,GTX Plus Basic,Iselectrics,Won,2017-03-25,1073.0
TIAGZQ54,MG Advanced,Genco Pura Olive Oil Company,Lost,2017-03-20,0.0
QM6VR1H5,GTX Plus Pro,,Engaging,,
QR2BDRAI,MG Advanced,,Engaging,,
Z75ND4JF,GTX Basic,,Engaging,,
CRX91A45,GTX Basic,Faxquote,Won,2017-03-16,586.0
ZOQ8RC86,GTXPro,Treequote,Won,2017-05-05,4667.0
SV4SOO2K,GTX Plus Basic,Hottechi,Won,2017-03-28,880.0
ITHR5WLF,MG Advanced,Plexzap,Won,2017-03-12,3676.0
CGWJ1WHI,MG Special,,Engaging,,
279625VN,MG Advanced,Funholding,Lost,2017-03-25,0.0
M16D8PYH,GTX Plus Pro,,Engaging,,
RK52YU8S,GTXPro,Treequote,Lost,2017-03-09,0.0
E8EY51IC,GTX Plus Basic,Opentech,Lost,2017-03-26,0.0
HG07LMHI,GTXPro,Treequote,Won,2017-03-19,4716.0
VPXW8RJS,MG Advanced,,Engaging,,
85XNDIK1,GTX Basic,Blackzim,Lost,2017-03-30,0.0
2U54WYQ1,GTXPro,Goodsilron,Won,2017-03-23,4211.0
VCA1WAB0,MG Advanced,Funholding,Lost,2017-03-21,0.0
T7T1YIM7,GTX Plus Pro,,Engaging,,
MXNVX2AM,GTXPro,Codehow,Lost,2017-03-18,0.0
1G866GH4,MG Special,Toughzap,Won,2017-03-17,56.0
WDG0B1IR,MG Special,Rundofase,Lost,2017-03-23,0.0
Q5CABPMO,MG Special,Funholding,Won,2017-03-23,44.0
HHBA93J5,GTX Basic,Konex,Won,2017-03-27,532.0
R0W6A9BG,GTX Basic,Treequote,Lost,2017-05-10,0.0
P5EGQ0HI,GTX Basic,Zumgoity,Lost,2017-03-20,0.0
L1EJIE5L,GTXPro,Kinnamplus,Lost,2017-03-17,0.0
S3XI6YB3,GTX Basic,Domzoom,Lost,2017-03-24,0.0
BBC3JB3H,GTX Basic,Isdom,Won,2017-03-08,622.0
4JHY98UG,GTX Basic,,Engaging,,
7XVLKX8G,GTX Plus Pro,Cancity,Lost,2017-03-05,0.0
G39V1X3G,MG Special,,Engaging,,
OX4P78HP,GTX Plus Basic,Xx-zobam,Won,2017-03-16,1257.0
72LNJRY9,GTX Plus Basic,Lexiqvolax,Won,2017-03-25,1135.0
8C2WG2FB,MG Advanced,Hottechi,Lost,2017-03-28,0.0
L0345WKB,GTXPro,Newex,Won,2017-03-14,4313.0
S24L8LVR,GTX Plus Pro,dambase,Won,2017-03-18,5210.0
JXWXEJXE,MG Special,Ron-tech,Won,2017-03-27,47.0
W2JCRPLX,MG Advanced,Konex,Won,2017-03-22,3220.0
EQCD7G7Q,GTX Basic,Initech,Engaging,,
1M2I2NXQ,MG Special,Donware,Won,2017-03-26,47.0
XYNTWPN1,MG Special,Rundofase,Engaging,,
54EGR0AD,MG Special,Yearin,Won,2017-03-25,63.0
VT5Y73GX,MG Special,Betatech,Won,2017-03-15,56.0
8O9V7UOZ,MG Special,Rundofase,Won,2017-03-01,65.0
GIIC5H9X,GTX Plus Pro,Donquadtech,Won,2017-03-19,5743.0
9WMU7YHD,MG Special,Mathtouch,Won,2017-03-03,53.0
8BQMFR86,GTX Plus Pro,Betasoloin,Won,2017-03-30,4974.0
DDCC6ZPK,MG Advanced,Ontomedia,Won,2017-03-25,3892.0
YMGWLEHY,GTXPro,Betasoloin,Won,2017-03-21,3822.0
FKS9MVF6,GTX Basic,Inity,Won,2017-03-02,504.0
6Q67ZUJ1,MG Special,,Engaging,,
HF8ABDF6,MG Advanced,Xx-holding,Won,2017-03-29,3145.0
Y6UBZM6P,GTX Plus Pro,,Engaging,,
SIRC44NM,GTX Basic,Finjob,Won,2017-03-27,564.0
7S6SHJJG,GTX Plus Basic,Fasehatice,Won,2017-03-14,1117.0
ZE84UHHB,MG Special,Inity,Won,2017-03-26,59.0
2R3ZA84D,MG Special,Finhigh,Won,2017-03-28,52.0
LTTYTAXA,GTXPro,Kan-code,Won,2017-03-24,4694.0
RIW4VWBW,GTX Plus Pro,,Engaging,,
ZWFPD71J,GTXPro,Plusstrip,Won,2017-03-06,5620.0
T5C527Z9,GTX Plus Basic,Singletechno,Won,2017-03-08,1095.0
XC4LTIEO,GTX Basic,Conecom,Lost,2017-05-02,0.0
AEBF9M5T,GTX Basic,Ron-tech,Won,2017-03-30,489.0
DWUD4S0P,GTX Basic,,Engaging,,
MCE5DKD1,MG Special,Bioholding,Engaging,,
EV46ES18,GTX Plus Pro,Golddex,Won,2017-03-16,5908.0
ID3IJHUS,MG Advanced,Xx-holding,Won,2017-03-11,3820.0
YBJ72HKE,GTX Plus Basic,Hottechi,Lost,2017-03-12,0.0
RW39Y63V,GTXPro,,Engaging,,
5DEO8EDS,GTX Basic,Rantouch,Won,2017-03-20,581.0
8LW65NDL,GTX Plus Pro,,Engaging,,
CJ2ON1LV,GTXPro,Nam-zim,Engaging,,
4I8X7EMW,GTXPro,,Engaging,,
WPXAMXD2,GTX Plus Pro,Funholding,Lost,2017-03-10,0.0
A4BBDK82,GTX Basic,Gogozoom,Won,2017-03-28,585.0
LMOAYCUK,GTX Plus Basic,Plusstrip,Engaging,,
4XCJP60W,GTX Basic,Nam-zim,Won,2017-05-06,572.0
CDKX2A19,MG Advanced,Zumgoity,Won,2017-03-12,3669.0
344I60EI,GTX Plus Basic,Golddex,Won,2017-03-16,1091.0
YI30GSB5,GTX Plus Basic,Rangreen,Lost,2017-03-31,0.0
0IYQX303,GTXPro,Donquadtech,Won,2017-03-17,4905.0
6IMUQYMN,GTX Basic,Vehement Capital Partners,Won,2017-03-10,540.0
N9GAZ6B6,MG Special,Zumgoity,Won,2017-03-20,49.0
8O3IYWSM,GTX Basic,Globex Corporation,Won,2017-05-17,513.0
R3OR0J5C,MG Special,Gogozoom,Won,2017-03-30,54.0
VCSHYIU8,GTX Plus Basic,,Engaging,,
0I6U3MQ6,GTX Basic,Funholding,Engaging,,
RXV4UXRE,MG Special,Yearin,Won,2017-03-23,56.0
5AKGNKX1,MG Special,Konmatfix,Won,2017-03-16,58.0
KNLMLTJH,MG Special,Treequote,Won,2017-03-27,58.0
WRUG19FZ,MG Advanced,Vehement Capital Partners,Engaging,,
UQQE9ILV,GTXPro,Iselectrics,Engaging,,
G9GH5KV5,GTXPro,Nam-zim,Won,2017-03-21,4453.0
H06UZJH8,MG Special,Plusstrip,Lost,2017-05-08,0.0
K1RXVUG9,GTX Basic,Nam-zim,Won,2017-03-14,619.0
1QT3STIA,GTX Plus Pro,Xx-holding,Won,2017-05-14,5163.0
070M5M6X,GTXPro,Green-Plus,Won,2017-03-25,4071.0
DFTR2O9K,MG Special,Donquadtech,Won,2017-05-08,56.0
W8CXDBQN,MG Special,,Engaging,,
S9MECO24,MG Advanced,Sumace,Lost,2017-03-31,0.0
EJSFO67U,GTXPro,Zotware,Won,2017-03-29,4375.0
VKT0UN11,MG Advanced,Codehow,Engaging,,
SKTD4GGU,GTX Basic,Golddex,Won,2017-03-28,610.0
JIACLB24,GTX Basic,Scottech,Engaging,,
SNAPG5KC,MG Advanced,Hatfan,Lost,2017-05-05,0.0
561707V4,GTXPro,Xx-holding,Won,2017-03-17,4554.0
J28ZRO9G,MG Advanced,Konex,Won,2017-05-18,2880.0
5VYJCJAE,GTX Plus Pro,Zoomit,Engaging,,
BTUG5VDL,GTXPro,Inity,Engaging,,
KZ8Q0AFX,GTX Plus Basic,Initech,Lost,2017-05-02,0.0
CT3HBBI2,MG Special,Mathtouch,Engaging,,
AOOFHH6F,MG Special,Scotfind,Won,2017-05-18,60.0
5U9Y1P87,GTX Basic,Condax,Won,2017-03-21,688.0
J0Y91LUA,GTX Plus Pro,Goodsilron,Won,2017-03-22,6142.0
YBRZQFEO,GTXPro,Green-Plus,Won,2017-03-31,4939.0
PHR8KB1Y,GTX Plus Pro,Warephase,Won,2017-05-15,6270.0
GR2X90DZ,GTX Basic,,Engaging,,
TBZMXKH4,MG Advanced,Acme Corporation,Won,2017-03-29,3833.0
WNXZ1FGS,GTX Plus Basic,Bubba Gump,Lost,2017-03-28,0.0
S3W6Q07M,GTX Plus Pro,Acme Corporation,Engaging,,
K64TY8LU,MG Special,,Engaging,,
6389JY2H,MG Special,Hottechi,Won,2017-06-02,57.0
SZ81H1PM,MG Special,Cancity,Won,2017-03-17,47.0
M842E8JB,MG Special,Donware,Lost,2017-03-13,0.0
JRJ7DBW5,MG Advanced,Plussunin,Lost,2017-03-19,0.0
N9C0OCYY,MG Special,Inity,Won,2017-05-04,57.0
0OESOJNN,GTX Plus Basic,Warephase,Engaging,,
R7XZAIWS,MG Advanced,Genco Pura Olive Oil Company,Won,2017-03-14,3257.0
FFO5WOHT,GTX Basic,Sunnamplex,Won,2017-05-08,511.0
XHHJ48MJ,GTX Basic,Y-corporation,Won,2017-03-14,607.0
YAR5GGA4,GTX Plus Pro,Cheers,Won,2017-03-29,5120.0
NOVPMLOV,GTX Plus Basic,Hottechi,Won,2017-03-23,1343.0
UPHN2I1Q,MG Special,Rundofase,Won,2017-05-14,55.0
NN9R2Y4W,MG Special,Faxquote,Won,2017-03-30,49.0
977FJ9QQ,GTX Basic,The New York Inquirer,Lost,2017-03-29,0.0
DZ57QIQN,GTX Plus Pro,,Engaging,,
A6Y1V5Z0,GTXPro,Zotware,Won,2017-06-04,4426.0
NU8LWEWU,GTX Plus Pro,Groovestreet,Won,2017-05-03,5264.0
PFHS80CR,GTXPro,Conecom,Lost,2017-05-20,0.0
OZ5S8NCK,GTXPro,,Engaging,,
904203D6,MG Special,Dontechi,Won,2017-03-29,59.0
Z0TSV030,GTX Basic,Opentech,Won,2017-03-30,617.0
8C4QM1X6,GTX Basic,Codehow,Won,2017-06-04,565.0
NOPI41RP,GTX Basic,Sonron,Won,2017-03-01,511.0
2536CW3V,GTX Plus Basic,Rantouch,Lost,2017-05-08,0.0
AC5YXLIR,MG Special,Faxquote,Won,2017-03-30,60.0
HSGJKH6U,MG Advanced,Plexzap,Won,2017-03-29,3407.0
4TZF9N1D,MG Advanced,Xx-holding,Won,2017-03-28,3273.0
HNKZ2IC6,GTX Plus Basic,Y-corporation,Lost,2017-03-26,0.0
BB6TCH8B,MG Special,Sunnamplex,Lost,2017-05-05,0.0
IMTPZV7J,MG Advanced,Gogozoom,Won,2017-05-01,3363.0
A4JROIDO,MG Special,,Engaging,,
6NXY7144,GTX Basic,Xx-holding,Won,2017-03-31,365.0
KBKHKULU,GTX Plus Pro,Lexiqvolax,Won,2017-03-18,4869.0
INMJIFTF,GTX Basic,Ontomedia,Won,2017-06-06,599.0
FUVQ5UKB,MG Advanced,Konex,Won,2017-05-20,3194.0
O462ARMZ,GTX Plus Pro,Condax,Won,2017-06-05,5429.0
6DCKCXDC,GTXPro,Hottechi,Won,2017-05-05,5008.0
QVF0JRM5,MG Advanced,Domzoom,Won,2017-03-28,3459.0
7QGG2LO3,GTXPro,Xx-holding,Lost,2017-05-25,0.0
Y6HNPIIT,GTXPro,Hottechi,Won,2017-03-07,4559.0
IBKRO1AN,GTXPro,Labdrill,Won,2017-03-28,4221.0
3TDWLPMV,MG Advanced,Warephase,Lost,2017-03-11,0.0
JN1ZFD18,MG Special,Domzoom,Won,2017-03-06,56.0
ZE7ILYKB,GTXPro,Nam-zim,Won,2017-05-03,5508.0
SRFVQ0HG,GTX Plus Basic,Codehow,Lost,2017-03-24,0.0
D7H1EGS9,GTX Basic,Lexiqvolax,Lost,2017-03-20,0.0
1DDW2GQW,MG Advanced,Cancity,Lost,2017-03-09,0.0
PMEENWD5,GTXPro,Globex Corporation,Engaging,,
WPGTHV8V,GTX Basic,Ron-tech,Won,2017-03-19,657.0
Z1WLLL1H,GTX Basic,,Engaging,,
6GNJMYMO,GTXPro,J-Texon,Lost,2017-05-05,0.0
GWAT8UWK,GTX Basic,Scottech,Won,2017-03-25,638.0
ETZKANFZ,GTX Basic,,Engaging,,
IZD69C5Q,MG Special,Betatech,Won,2017-06-06,41.0
QFU565JJ,GTX Plus Pro,Initech,Won,2017-05-07,5582.0
Z5BCBTAO,MG Special,Konmatfix,Won,2017-05-20,60.0
2KKRRM1G,GTX Plus Basic,Y-corporation,Won,2017-05-03,1036.0
RLUGVSNV,GTX Plus Basic,Funholding,Won,2017-05-12,943.0
ZKSJ1DOK,GTX Basic,Kan-code,Won,2017-06-07,581.0
K8RQWTP4,MG Special,Codehow,Lost,2017-05-15,0.0
RSZC6BMW,GTX Basic,Toughzap,Won,2017-05-07,538.0
O7YNBRX0,GTX Plus Basic,Donquadtech,Won,2017-03-28,1100.0
PK1PS0KR,MG Advanced,,Engaging,,
AAYV8GV4,MG Advanced,Inity,Lost,2017-05-05,0.0
EDEBWIOX,MG Advanced,Finhigh,Lost,2017-05-28,0.0
VAH6Y3F6,GTX Plus Basic,Hottechi,Won,2017-05-17,1039.0
4U431MNA,MG Special,dambase,Lost,2017-05-11,0.0
5HKAT5GS,GTX Plus Basic,Umbrella Corporation,Won,2017-05-10,1076.0
F5VDTC4M,MG Special,Konex,Lost,2017-05-06,0.0
UO4KXDBC,MG Special,Rantouch,Lost,2017-05-23,0.0
TBIW957T,MG Special,Rundofase,Won,2017-03-16,53.0
MSEIIH95,MG Advanced,Statholdings,Won,2017-03-23,3046.0
RPONINLM,GTX Plus Basic,,Engaging,,
V4324HG4,MG Special,Acme Corporation,Lost,2017-05-06,0.0
N852D2Z8,GTX Basic,Scotfind,Lost,2017-03-30,0.0
CF1CSNPX,GTXPro,Kan-code,Won,2017-03-31,5140.0
NOXNFJ2L,GTX Plus Basic,Warephase,Won,2017-05-17,1067.0
F569KUVC,GTX Basic,,Engaging,,
PKDJTR06,GTX Plus Basic,Hatfan,Engaging,,
VYPYVO8V,GTX Basic,,Engaging,,
3LJAJVHR,GTXPro,Opentech,Lost,2017-05-29,0.0
NN6CSUWT,GTX Plus Basic,Zathunicon,Won,2017-03-21,1065.0
X69POZIN,GTX Basic,Lexiqvolax,Won,2017-05-06,481.0
4FAEDB16,GTX Basic,J-Texon,Lost,2017-05-22,0.0
CPGCT81C,GTX Basic,Dalttechnology,Won,2017-03-06,499.0
TK9T01QM,GTXPro,Acme Corporation,Lost,2017-05-07,0.0
P13DDOTM,MG Special,Bioplex,Won,2017-03-08,59.0
1PN7TVPX,MG Special,Hottechi,Lost,2017-05-01,0.0
9ZKORPL2,MG Special,Initech,Won,2017-05-09,45.0
1D54L027,MG Advanced,,Engaging,,
1ZCOKNNI,GTXPro,Sonron,Won,2017-05-14,5743.0
BVYMJ6TD,GTX Plus Pro,Vehement Capital Partners,Won,2017-05-13,6117.0
W5ADQ9SH,GTXPro,Domzoom,Lost,2017-05-26,0.0
VXX8GJGY,GTX Plus Basic,The New York Inquirer,Won,2017-03-19,1158.0
ES9L0DXE,MG Special,Kinnamplus,Won,2017-05-22,59.0
AANB25RH,GTX Plus Basic,Dalttechnology,Lost,2017-05-24,0.0
36PTGLTW,MG Advanced,Xx-holding,Won,2017-03-24,3106.0
6WTNSL1T,MG Advanced,Newex,Won,2017-03-19,2982.0
PV1DISEC,GTX Plus Pro,Hottechi,Won,2017-03-16,6101.0
S6BG03TB,GTX Plus Pro,Treequote,Won,2017-05-08,5883.0
2YOW2BI0,GTX Plus Pro,Xx-zobam,Won,2017-05-22,5051.0
IQ9KYZCG,GTX Plus Basic,Statholdings,Won,2017-05-11,1155.0
AWDOKG69,GTX Basic,Bluth Company,Lost,2017-05-10,0.0
C4AFMVFM,GTX Plus Pro,Cheers,Won,2017-03-06,5616.0
WK6ERCGR,GTX Plus Pro,Golddex,Won,2017-06-06,5116.0
64DJ954O,GTX Plus Basic,Condax,Won,2017-03-30,1136.0
84V18DBW,GTX Plus Basic,Finhigh,Won,2017-06-01,1216.0
WFY0S4WW,GTX Plus Basic,Hottechi,Won,2017-05-02,1089.0
HA1KXAIS,MG Advanced,Condax,Won,2017-06-04,3908.0
CENVLTFH,GTX Plus Basic,Toughzap,Engaging,,
EAYD98X2,GTXPro,Dontechi,Lost,2017-05-27,0.0
YR4W59KS,GTXPro,Finhigh,Lost,2017-05-18,0.0
SNFW1FD7,MG Advanced,Streethex,Won,2017-05-07,3369.0
4NGSQODD,GTXPro,Blackzim,Engaging,,
2EOF1QCY,GTX Plus Pro,J-Texon,Won,2017-05-20,5259.0
5BE27MLY,GTXPro,,Engaging,,
O5O4ZAAC,GTX Plus Basic,Y-corporation,Lost,2017-05-08,0.0
YBAKNQ8Z,MG Advanced,Bubba Gump,Lost,2017-03-30,0.0
N5UIZYIV,MG Special,Konmatfix,Engaging,,
QY6HCHDH,MG Special,Condax,Won,2017-05-25,52.0
CZ3XOD03,GTX Plus Pro,Acme Corporation,Won,2017-05-11,5772.0
LQ44KCMI,GTXPro,Umbrella Corporation,Lost,2017-03-13,0.0
WVJBVA61,MG Advanced,Domzoom,Won,2017-03-21,3496.0
MV9AO6WU,MG Advanced,Finjob,Won,2017-03-12,3602.0
VS2G74XQ,MG Special,Yearin,Won,2017-03-09,57.0
Q37IWCG1,MG Special,Funholding,Won,2017-05-11,51.0
CUR03RXO,MG Advanced,Sonron,Won,2017-06-14,3689.0
81APSLDP,GTX Plus Basic,Xx-holding,Won,2017-05-03,1170.0
RBXWRHBJ,GTX Basic,Rundofase,Lost,2017-03-06,0.0
G2GU9DYX,GTXPro,Rangreen,Won,2017-05-06,4736.0
KBR253C0,MG Advanced,,Engaging,,
379DUF2N,GTX Basic,,Engaging,,
67IKZGGJ,GTX Plus Basic,,Engaging,,
05DTWSVC,MG Special,Genco Pura Olive Oil Company,Lost,2017-05-05,0.0
2YQHHWJ3,MG Special,Zumgoity,Lost,2017-05-22,0.0
ZW58VIDI,MG Special,Hatfan,Won,2017-05-25,64.0
Q7IIF1IP,MG Special,J-Texon,Won,2017-06-05,55.0
AALARPLH,MG Advanced,Goodsilron,Won,2017-03-13,2970.0
8YIANRVX,GTXPro,,Engaging,,
5FFY13G5,MG Special,Scottech,Lost,2017-05-19,0.0
01X8H9SO,GTXPro,Bubba Gump,Won,2017-05-13,5035.0
VLADQZ43,GTXPro,Domzoom,Lost,2017-05-31,0.0
N9VYMV3W,GTXPro,Funholding,Won,2017-03-10,4774.0
A7SA2L21,GTK 500,,Engaging,,
2FTB6A7I,GTX Plus Pro,Kan-code,Won,2017-05-16,5390.0
7V9A9TXZ,GTX Plus Basic,Codehow,Won,2017-06-06,1190.0
HWDRCUYU,GTX Plus Pro,Betatech,Won,2017-05-14,5755.0
GFV4W89I,GTXPro,Scotfind,Won,2017-06-13,4933.0
7A4AC5BC,MG Advanced,Ron-tech,Won,2017-06-04,3642.0
3B6HWK65,MG Special,Blackzim,Lost,2017-05-07,0.0
A3BK99P6,MG Advanced,Kan-code,Won,2017-03-17,2923.0
9W7PFSNX,GTX Basic,,Engaging,,
XYLNH45V,GTX Plus Basic,Zathunicon,Engaging,,
GVBWTDI3,GTX Plus Basic,,Engaging,,
NY21X16G,GTXPro,Zumgoity,Won,2017-03-10,5035.0
O5BC64NW,GTXPro,Zoomit,Lost,2017-05-26,0.0
4DW2FDX4,MG Special,dambase,Won,2017-05-20,54.0
A66X4Q2J,MG Special,Konmatfix,Won,2017-05-01,54.0
VFEV5XBS,GTX Plus Basic,,Engaging,,
IT9YW5RP,GTX Basic,Initech,Won,2017-05-26,592.0
7IZ2GMYK,GTX Basic,Toughzap,Won,2017-05-16,640.0
TTY0X4TG,GTXPro,Dontechi,Won,2017-05-05,5127.0
L8D22SSW,MG Advanced,Betatech,Won,2017-06-17,3822.0
ZDDZ64A2,MG Advanced,Dontechi,Lost,2017-06-17,0.0
RDJFZGM9,MG Special,Blackzim,Lost,2017-06-13,0.0
4563ENEB,GTX Basic,Gogozoom,Won,2017-05-02,574.0
4WP0VJAS,MG Advanced,Codehow,Won,2017-06-18,2525.0
60UOBOEM,GTK 500,Groovestreet,Won,2017-06-07,30288.0
AJZB6F22,GTX Plus Pro,Goodsilron,Lost,2017-05-18,0.0
W4K39GNG,GTX Basic,Scotfind,Lost,2017-03-29,0.0
VN8LKQN3,GTX Plus Basic,,Engaging,,
IXOHJYRM,GTK 500,Cheers,Lost,2017-05-09,0.0
RMNHSNW9,MG Special,Kan-code,Lost,2017-05-01,0.0
QPFNQYMV,MG Advanced,Inity,Won,2017-05-14,3581.0
D77SFTS4,GTX Plus Basic,Warephase,Lost,2017-03-12,0.0
ZHY9C8OO,GTX Plus Basic,,Engaging,,
WRBWZRFD,GTXPro,Conecom,Lost,2017-05-05,0.0
031BBF1I,MG Special,Finhigh,Won,2017-03-30,54.0
H2MC2E7K,GTX Plus Basic,Condax,Engaging,,
O11S2R63,GTX Plus Basic,Konex,Won,2017-06-03,1121.0
G13DD850,GTX Basic,Silis,Won,2017-06-04,477.0
WZU2OHYU,GTX Basic,Condax,Won,2017-05-05,515.0
HVODWXRO,MG Special,Ganjaflex,Lost,2017-05-01,0.0
N3JIVUNY,MG Advanced,Umbrella Corporation,Lost,2017-05-11,0.0
RGCH6CUF,GTX Plus Basic,Goodsilron,Won,2017-06-20,975.0
JX7WZ9UP,MG Advanced,Sunnamplex,Won,2017-05-01,3376.0
FDCEBWRI,GTX Basic,Fasehatice,Won,2017-03-12,458.0
ZL6TJDPG,GTX Basic,Globex Corporation,Lost,2017-05-16,0.0
DWBSHB8M,GTX Basic,Golddex,Lost,2017-05-23,0.0
0AJ6LTZ0,GTX Basic,Golddex,Won,2017-03-14,622.0
SVMB8M7E,GTX Basic,Lexiqvolax,Won,2017-06-09,441.0
6AWEAWCM,GTXPro,Konex,Lost,2017-05-15,0.0
4Q4NBPD6,GTX Basic,Ron-tech,Won,2017-05-21,538.0
K8VSDOP8,GTX Plus Pro,Goodsilron,Won,2017-03-29,4667.0
YNP9PI1X,GTX Plus Basic,Codehow,Won,2017-06-15,1018.0
3XVY4LEU,GTXPro,Bluth Company,Won,2017-05-09,4671.0
OCGXWE8H,MG Special,,Engaging,,
8K1OGB0R,GTXPro,Bubba Gump,Won,2017-05-16,4634.0
RTKUPEX7,GTX Plus Basic,J-Texon,Lost,2017-06-10,0.0
QQDO45YR,MG Advanced,Warephase,Won,2017-05-09,3470.0
USVLKDF4,GTX Basic,Dontechi,Engaging,,
HT25XIAV,GTX Plus Basic,Silis,Lost,2017-05-18,0.0
88KUDE6J,GTX Plus Pro,Acme Corporation,Won,2017-05-30,5366.0
AOOD3MWW,GTX Plus Basic,Rundofase,Lost,2017-05-26,0.0
JCPQZ2SN,GTX Plus Basic,Cheers,Engaging,,
HZIU2NOT,GTX Plus Pro,,Engaging,,
RZ2PUH86,GTX Basic,Groovestreet,Won,2017-05-17,582.0
GLVSDQQT,GTX Basic,Sunnamplex,Won,2017-05-02,583.0
107BPCAS,GTX Basic,dambase,Lost,2017-05-16,0.0
OCLEO3CD,GTX Plus Pro,Fasehatice,Won,2017-05-19,6079.0
FTVCNH87,GTX Plus Basic,Fasehatice,Lost,2017-05-07,0.0
GQCRMEIL,GTX Plus Basic,Konex,Won,2017-06-02,1068.0
UK2JIE61,MG Special,Cancity,Won,2017-05-04,55.0
YM8DBAFV,GTX Basic,Sumace,Engaging,,
AEDL7EC6,MG Advanced,Yearin,Lost,2017-05-02,0.0
OV5X3O5I,GTX Basic,Betasoloin,Won,2017-03-27,493.0
MMWX1A4H,GTX Plus Basic,Ron-tech,Lost,2017-06-20,0.0
LSVMMUJ0,GTXPro,Condax,Won,2017-03-25,5559.0
RP7KA6HS,MG Special,Mathtouch,Engaging,,
97KFQSX1,MG Advanced,Scotfind,Won,2017-05-09,3351.0
08APB75Q,GTX Basic,Isdom,Won,2017-05-13,501.0
P9PFSLS6,MG Special,,Engaging,,
6RL97BR9,MG Special,Inity,Lost,2017-05-08,0.0
TPVFA5B8,GTX Basic,Mathtouch,Won,2017-05-07,532.0
FHLOUD3V,MG Special,Sonron,Lost,2017-05-24,0.0
4E01ALB0,MG Advanced,Green-Plus,Won,2017-05-04,3103.0
E4THD359,GTX Basic,,Engaging,,
K4HVGBVH,GTX Plus Pro,Gekko & Co,Won,2017-05-22,5505.0
6VIK2VX8,MG Special,Isdom,Engaging,,
30R81VZX,GTXPro,Zoomit,Engaging,,
XDLQ71X4,GTX Plus Basic,Y-corporation,Lost,2017-05-22,0.0
TH9RV79M,MG Special,,Engaging,,
L33YUX9V,GTX Plus Basic,Rangreen,Won,2017-05-15,1068.0
QT7LRWTN,MG Advanced,Cheers,Won,2017-05-04,3357.0
Q1JKHY7H,MG Special,Mathtouch,Lost,2017-05-06,0.0
BY0O646G,GTX Basic,Sonron,Lost,2017-05-27,0.0
5831YZMT,GTX Basic,Finjob,Won,2017-06-23,532.0
7VOW7BUJ,GTXPro,,Engaging,,
2J5E145N,GTXPro,,Engaging,,
AZUBCO7L,MG Advanced,Condax,Lost,2017-05-06,0.0
FOWAY95L,GTX Plus Pro,Funholding,Won,2017-05-05,5786.0
YFB7Y92U,GTK 500,,Engaging,,
KGZL60NI,GTX Plus Basic,Sonron,Lost,2017-05-11,0.0
SRZMNS79,GTX Plus Basic,Streethex,Won,2017-05-19,1131.0
S6645YWA,GTX Basic,Y-corporation,Engaging,,
B5A1BERF,GTXPro,Umbrella Corporation,Engaging,,
0XMB83YO,GTX Plus Pro,Scotfind,Won,2017-05-15,5401.0
4TEO0LE1,GTX Plus Basic,Konmatfix,Won,2017-03-28,1062.0
IEAPJ5X1,GTX Plus Basic,,Engaging,,
5P82H5AA,MG Advanced,Zotware,Won,2017-03-23,3695.0
BN8UTT8O,MG Special,Condax,Lost,2017-06-04,0.0
V751HK8R,MG Special,Finhigh,Won,2017-06-03,60.0
H4TBCR80,GTXPro,Groovestreet,Lost,2017-05-28,0.0
QWL218JV,MG Advanced,Singletechno,Won,2017-06-13,2919.0
L2S4T3VA,GTX Plus Pro,,Engaging,,
AF8NG5JC,MG Special,Betatech,Engaging,,
IVJP36UT,MG Advanced,,Engaging,,
12M4HB7G,GTX Basic,Plussunin,Won,2017-05-01,623.0
1XVTUE5J,MG Special,Umbrella Corporation,Lost,2017-03-31,0.0
3VKO28KR,MG Advanced,Scottech,Lost,2017-05-04,0.0
9A9E1KPG,GTX Basic,Genco Pura Olive Oil Company,Engaging,,
5IES0B4B,MG Special,Scotfind,Won,2017-05-04,49.0
HUFYU0AT,GTX Basic,Stanredtax,Lost,2017-05-24,0.0
GMI6XZ4O,GTX Basic,Codehow,Won,2017-05-04,612.0
TF19VML9,GTX Plus Basic,,Engaging,,
YOQCQ4UO,GTX Basic,Hottechi,Won,2017-03-18,534.0
KOZTDBJ5,GTX Plus Basic,Condax,Won,2017-06-07,1103.0
ZHXIDZNI,GTXPro,,Engaging,,
8NMPO9K3,GTX Basic,Conecom,Won,2017-05-10,582.0
PU7GV4MK,MG Advanced,Condax,Lost,2017-05-13,0.0
RCQDGE4W,GTX Plus Pro,Cancity,Won,2017-05-04,6292.0
ZT832XIR,MG Special,Funholding,Lost,2017-06-25,0.0
I995O4XJ,MG Special,Groovestreet,Won,2017-05-24,63.0
EOXZGSX9,MG Advanced,Globex Corporation,Won,2017-05-13,3522.0
PW5OGY78,MG Special,Konex,Lost,2017-05-29,0.0
NJCSG7MX,GTX Basic,Plexzap,Won,2017-05-04,532.0
ZYRF768H,MG Special,Iselectrics,Lost,2017-05-04,0.0
5Q8BQ64R,MG Advanced,Kinnamplus,Won,2017-05-22,3645.0
ZNNBFAKF,GTXPro,Y-corporation,Lost,2017-05-10,0.0
L47EPGVT,GTX Plus Pro,Gogozoom,Won,2017-03-01,4760.0
9GENDMWA,GTX Basic,Betasoloin,Won,2017-05-25,603.0
DHACLHPS,GTX Basic,Bioplex,Lost,2017-05-22,0.0
GKLE0CDI,MG Advanced,Yearin,Won,2017-03-02,3249.0
E9DJS1D8,GTXPro,Dontechi,Lost,2017-03-17,0.0
22ZJM20V,GTXPro,Statholdings,Lost,2017-05-18,0.0
C47Z92AG,GTXPro,Zumgoity,Lost,2017-05-09,0.0
XT9YNOV2,GTX Plus Pro,Acme Corporation,Won,2017-06-11,5724.0
TMZQX7F8,GTX Plus Basic,Groovestreet,Lost,2017-05-02,0.0
5JHSTFEZ,GTX Plus Basic,Plexzap,Lost,2017-05-11,0.0
BAOSO1I2,GTX Basic,Faxquote,Won,2017-05-02,516.0
IZDF2RTL,GTX Plus Basic,Rangreen,Won,2017-05-27,1050.0
F61DLVRS,GTX Plus Pro,Plexzap,Won,2017-05-23,4519.0
80F0J70G,GTX Basic,Funholding,Lost,2017-05-25,0.0
S9W53L4L,GTX Basic,Dontechi,Won,2017-06-05,672.0
12OQKSVK,GTX Plus Basic,Mathtouch,Won,2017-03-20,896.0
VC94R5H8,GTX Basic,Konex,Won,2017-03-23,587.0
XTKIX6I4,MG Advanced,Sonron,Won,2017-06-13,3426.0
5P3NH791,MG Advanced,Golddex,Engaging,,
MSE1UXKU,GTXPro,Ontomedia,Won,2017-03-20,5021.0
HM334UL2,GTX Plus Basic,Rangreen,Won,2017-03-30,1126.0
L4124UJG,GTXPro,Umbrella Corporation,Won,2017-05-15,5473.0
DR2QE1RW,MG Special,Sunnamplex,Lost,2017-05-30,0.0
FD8YL177,MG Special,Rantouch,Won,2017-05-09,51.0
X3ZSQCH8,GTX Basic,Scotfind,Engaging,,
UU21EYFN,GTX Basic,Sonron,Won,2017-03-06,563.0
OBDRD0AD,GTX Basic,Isdom,Lost,2017-05-26,0.0
NSGEM06J,GTX Basic,Opentech,Lost,2017-05-14,0.0
QSQ42Q6M,MG Advanced,Kan-code,Won,2017-06-15,2928.0
PCBA3KAV,MG Advanced,Zathunicon,Won,2017-06-05,3618.0
ZBBMGEV4,GTX Plus Basic,Inity,Won,2017-05-16,1189.0
TYSORYA9,GTX Basic,Donquadtech,Lost,2017-05-07,0.0
ULVXOPG3,MG Special,Hatfan,Won,2017-05-22,60.0
5BXUKFPR,GTX Plus Pro,,Engaging,,
G0R305KO,GTX Plus Basic,Statholdings,Lost,2017-05-11,0.0
ZDZGCWX7,GTX Basic,Cheers,Won,2017-06-22,545.0
PQJZ5Z3R,MG Advanced,Labdrill,Won,2017-05-12,3035.0
8AJG1YLJ,GTX Basic,,Engaging,,
7KXTF2Q6,GTX Basic,Konex,Won,2017-06-23,584.0
WZVE1NTM,MG Special,Scotfind,Lost,2017-05-15,0.0
M6UEZLOQ,GTX Plus Basic,Cheers,Won,2017-06-23,1069.0
D6T5MM04,GTX Plus Basic,Xx-holding,Won,2017-06-22,1035.0
5RNWV17L,MG Advanced,Golddex,Engaging,,
9GCJGVY7,GTXPro,Ganjaflex,Lost,2017-03-02,0.0
5QBQMEY5,GTXPro,Scotfind,Won,2017-03-24,4510.0
9JKVM4BK,GTX Plus Basic,Vehement Capital Partners,Lost,2017-06-05,0.0
14PBBHSE,MG Special,Zotware,Won,2017-05-08,49.0
P1KS5YFX,MG Special,Rundofase,Won,2017-06-07,59.0
7R4VL3Q8,GTXPro,Kan-code,Won,2017-03-04,4705.0
3MNZF5ZK,GTX Plus Pro,Zumgoity,Won,2017-06-03,5148.0
52SANIGE,GTXPro,Ganjaflex,Won,2017-05-08,4833.0
73SY9EU8,GTXPro,Mathtouch,Won,2017-05-31,4664.0
HVM656P3,GTX Basic,Plussunin,Won,2017-05-12,475.0
LXM6CTMS,GTX Plus Basic,,Engaging,,
U2SW8DT1,MG Advanced,Labdrill,Won,2017-06-13,3807.0
VXMFL425,GTX Basic,Faxquote,Engaging,,
XMH4CH4Q,GTX Basic,Stanredtax,Won,2017-05-21,518.0
UNLIS3RY,GTX Plus Basic,Dalttechnology,Won,2017-05-09,1050.0
GVFQXZLL,GTXPro,Y-corporation,Won,2017-05-24,4596.0
E887HZT1,MG Advanced,Cheers,Engaging,,
CGJ7NRZH,MG Special,,Engaging,,
NRYC7T45,GTX Basic,Y-corporation,Won,2017-05-05,618.0
ZVR3I3F0,MG Advanced,Singletechno,Won,2017-05-02,3460.0
2TKQ8B78,GTX Plus Pro,Ontomedia,Won,2017-05-21,5751.0
OZ5O64KJ,GTX Plus Pro,Konmatfix,Won,2017-05-28,5639.0
WXCW16QT,GTX Plus Pro,Bioplex,Lost,2017-06-02,0.0
UCXCUP1U,GTX Plus Pro,Zencorporation,Won,2017-05-18,4766.0
SWJ9OOZU,MG Advanced,Opentech,Engaging,,
9ERRIZKG,GTX Plus Basic,Scotfind,Lost,2017-05-09,0.0
CKLYIFLY,GTX Basic,Singletechno,Won,2017-05-11,589.0
6VDLCBYU,GTX Plus Pro,Finhigh,Lost,2017-05-31,0.0
XYBPUC2H,GTX Basic,Hottechi,Lost,2017-05-16,0.0
B06D1F9M,GTXPro,Faxquote,Engaging,,
OZ761BUJ,GTX Basic,,Engaging,,
I3MC9XZC,GTX Basic,Massive Dynamic,Won,2017-05-18,533.0
L5T2HKKO,GTX Basic,Conecom,Lost,2017-05-05,0.0
6CEEGQ8I,MG Special,Domzoom,Won,2017-05-30,63.0
P2LY9NFN,GTXPro,Bioplex,Won,2017-05-08,4942.0
94GCWI08,GTXPro,dambase,Won,2017-06-12,4650.0
GUMQTC3J,GTXPro,Konmatfix,Won,2017-06-16,4829.0
U64RT0UF,GTX Plus Basic,Betasoloin,Won,2017-05-29,987.0
RWGSCFHR,GTX Plus Pro,Gekko & Co,Won,2017-03-02,4246.0
GEBVQH17,GTX Plus Pro,Iselectrics,Won,2017-05-06,5702.0
3OVJXUSB,MG Advanced,Silis,Won,2017-06-14,2981.0
KQPY8LLI,MG Advanced,Hottechi,Lost,2017-05-13,0.0
DC7COE9W,MG Advanced,Konex,Won,2017-05-01,2873.0
3LED0EK3,MG Advanced,Treequote,Lost,2017-05-11,0.0
SCS5H8V1,GTK 500,Vehement Capital Partners,Engaging,,
81MXE1H7,MG Advanced,Bioholding,Engaging,,
G4MKT3AE,MG Special,The New York Inquirer,Lost,2017-05-07,0.0
GQ125FX0,GTX Basic,Gogozoom,Won,2017-06-03,528.0
JO52QXJ0,GTX Plus Basic,Scottech,Won,2017-06-18,1199.0
PQ2VF873,GTXPro,Zoomit,Lost,2017-03-01,0.0
N6H58J55,GTX Basic,Streethex,Lost,2017-05-13,0.0
W24IDMVV,GTX Plus Pro,,Engaging,,
WR6Q2X53,GTX Plus Pro,Streethex,Lost,2017-05-08,0.0
8O1WNJBA,GTX Basic,Bluth Company,Lost,2017-03-23,0.0
X1LAD57Y,GTX Plus Pro,Ontomedia,Lost,2017-03-04,0.0
E2NXQUWO,MG Advanced,Ganjaflex,Won,2017-03-06,3507.0
MEZLJGRB,GTX Basic,Fasehatice,Lost,2017-05-20,0.0
M1QKPX6R,GTXPro,Green-Plus,Won,2017-05-21,4542.0
X6LO8WPD,GTX Basic,Globex Corporation,Won,2017-05-28,505.0
JQA8H6M5,GTX Plus Pro,,Engaging,,
92G1TO7L,GTX Basic,,Engaging,,
S8WV5MUC,GTX Plus Basic,Cheers,Lost,2017-05-07,0.0
FW2XJG9S,GTX Plus Basic,,Engaging,,
R7JI95HZ,GTXPro,Sonron,Lost,2017-05-31,0.0
SVCKI631,GTX Basic,,Engaging,,
VJ5QGP8Z,MG Advanced,,Engaging,,
CVKLHZEO,GTX Basic,Genco Pura Olive Oil Company,Won,2017-05-13,455.0
8KJZJFJ1,GTX Basic,Initech,Won,2017-03-03,537.0
W560QFJL,GTX Plus Basic,Opentech,Won,2017-03-04,1090.0
TA3PW6ZQ,MG Advanced,Stanredtax,Lost,2017-05-24,0.0
2DVE0XCM,MG Special,Genco Pura Olive Oil Company,Won,2017-03-17,60.0
L3UMWAX7,GTX Plus Basic,Faxquote,Lost,2017-05-17,0.0
R2W96FGX,GTX Basic,,Engaging,,
VOTOT8MK,GTX Plus Pro,Plussunin,Won,2017-06-15,6509.0
Y3ULGUD8,GTX Plus Basic,Ron-tech,Won,2017-05-18,1079.0
7350YGG4,GTX Plus Basic,Silis,Won,2017-05-29,1111.0
2J16RN99,GTXPro,Mathtouch,Lost,2017-05-21,0.0
BRQRF65L,GTX Basic,Donquadtech,Won,2017-03-02,462.0
LB6XW39X,GTX Basic,Xx-zobam,Won,2017-03-04,555.0
WS9CXY7E,GTX Plus Pro,Conecom,Won,2017-03-01,6719.0
CK0MDHHM,MG Advanced,Faxquote,Won,2017-06-02,3281.0
KM1D04JS,GTX Plus Basic,,Engaging,,
RNUH1SI8,MG Advanced,Kan-code,Won,2017-05-07,3398.0
BNY8MJ6L,GTX Basic,Labdrill,Engaging,,
INBGKE14,GTXPro,,Engaging,,
D54HETSI,GTXPro,Hottechi,Lost,2017-05-14,0.0
JOQQZ5RH,GTX Basic,Domzoom,Won,2017-03-01,608.0
90V75MDV,GTXPro,Globex Corporation,Lost,2017-05-17,0.0
LIIBOUUQ,GTX Plus Basic,Donquadtech,Won,2017-05-30,1187.0
5KK2SSSB,GTX Basic,,Engaging,,
UDYSM42B,GTX Plus Pro,Initech,Won,2017-06-22,5855.0
V3HVIJLL,GTX Basic,,Engaging,,
F835LA4P,GTXPro,Cancity,Won,2017-05-10,5068.0
75Q82XU7,GTX Plus Basic,Gekko & Co,Lost,2017-06-13,0.0
AMNKCM1H,MG Special,Betasoloin,Engaging,,
2U6QQHCC,GTX Plus Pro,J-Texon,Won,2017-06-19,4066.0
MMKMJ0WC,GTXPro,Isdom,Won,2017-06-07,4494.0
CZIXINO2,GTX Basic,Finjob,Lost,2017-05-04,0.0
HV7Y6184,GTXPro,Nam-zim,Lost,2017-05-28,0.0
KIHC1QJQ,GTX Basic,Plexzap,Won,2017-05-09,540.0
VBWQO6BM,MG Advanced,Conecom,Lost,2017-05-14,0.0
LTZCN1RA,MG Special,Domzoom,Won,2017-05-19,54.0
84LN84VM,MG Advanced,,Engaging,,
YO32O3T9,GTXPro,Lexiqvolax,Lost,2017-05-28,0.0
MU7JWTP6,MG Special,,Engaging,,
8638OV6W,MG Special,Zathunicon,Lost,2017-05-26,0.0
TTJXSO57,GTXPro,Hottechi,Lost,2017-05-20,0.0
K4VP5HK4,MG Advanced,Betasoloin,Won,2017-05-08,3602.0
10R46CSK,MG Advanced,Betatech,Won,2017-05-07,2904.0
VBA34LWX,GTX Basic,Sonron,Won,2017-05-31,571.0
DLJN7WG0,MG Special,Genco Pura Olive Oil Company,Lost,2017-05-30,0.0
FJCCTOPN,GTX Basic,Zathunicon,Won,2017-06-18,492.0
LR6USOHL,GTXPro,Zathunicon,Won,2017-05-27,4545.0
5VAV2TUY,GTX Plus Pro,Cancity,Won,2017-03-25,5614.0
HTD2ME9C,GTX Plus Pro,Betatech,Won,2017-06-12,5370.0
GHUCMUPL,GTX Basic,Zencorporation,Won,2017-05-02,550.0
1LKY3B4X,GTX Plus Basic,Yearin,Won,2017-03-02,1011.0
7Y5E0RDL,MG Special,Sumace,Won,2017-06-18,56.0
9HRMW8SL,MG Special,,Engaging,,
BEQIZZ7W,GTX Plus Basic,Codehow,Won,2017-03-04,1217.0
44F8ZE41,GTX Basic,Bubba Gump,Lost,2017-05-19,0.0
YJIH415V,MG Advanced,Kan-code,Won,2017-05-10,3222.0
K3DQJ796,GTX Basic,Bioplex,Lost,2017-05-14,0.0
6QF3D2RI,GTX Basic,Massive Dynamic,Lost,2017-05-05,0.0
G9565UWZ,MG Advanced,Opentech,Won,2017-03-01,3348.0
RFKIN7FG,GTX Basic,Conecom,Lost,2017-05-25,0.0
WJQ8VD51,GTX Basic,Faxquote,Engaging,,
2BWZLXZ8,GTXPro,Newex,Won,2017-03-05,4216.0
1WHXI2RW,GTX Plus Basic,,Engaging,,
G5JP0G7Q,MG Advanced,,Engaging,,
2QHRL8CW,GTX Basic,Stanredtax,Won,2017-05-28,404.0
RFYAI0WA,GTX Plus Pro,Initech,Lost,2017-06-08,0.0
WH0DJCGL,MG Special,Zathunicon,Lost,2017-06-14,0.0
LCW83256,GTXPro,Sumace,Won,2017-03-04,5260.0
RVH3UUKY,MG Advanced,,Engaging,,
IHFM8QXN,GTX Plus Basic,Kan-code,Lost,2017-03-07,0.0
QCY951QA,MG Special,Donquadtech,Won,2017-05-06,51.0
CG9VXPV1,GTX Basic,,Engaging,,
09BVA55J,GTX Basic,Scotfind,Won,2017-06-25,598.0
2R9HXKXT,GTX Plus Basic,Konex,Lost,2017-05-25,0.0
JLK8KCNN,MG Special,Zathunicon,Won,2017-05-24,42.0
SZQUBIMH,GTXPro,Vehement Capital Partners,Won,2017-06-07,4689.0
8ZYVKQ27,GTX Plus Pro,Statholdings,Won,2017-06-26,5154.0
25A51PWG,GTXPro,Gogozoom,Lost,2017-05-16,0.0
4B4XCPHT,GTXPro,Zencorporation,Won,2017-05-05,5010.0
5JFOA4XC,MG Advanced,Finhigh,Won,2017-06-14,3215.0
N5FOEJZ9,GTX Basic,Nam-zim,Lost,2017-06-03,0.0
CYWZJ2AI,GTX Plus Basic,Donquadtech,Engaging,,
QTNPGKJ7,GTXPro,Hatfan,Won,2017-06-26,3169.0
EBRWSMI0,GTX Plus Basic,Scotfind,Lost,2017-06-27,0.0
4PKHDQOQ,GTX Plus Pro,Funholding,Won,2017-06-03,5015.0
3Y9SB2QK,GTX Basic,Dalttechnology,Won,2017-03-01,571.0
5MZ0O77T,GTXPro,Bubba Gump,Won,2017-05-16,4839.0
2EILEDKF,MG Advanced,Massive Dynamic,Won,2017-03-05,3315.0
J4NX9TK5,MG Special,Warephase,Won,2017-05-24,60.0
Y7N97FW8,GTXPro,,Engaging,,
0IO43YMS,MG Advanced,,Engaging,,
5ITSLO0E,GTX Plus Basic,Treequote,Won,2017-03-04,999.0
6HG76L6U,GTXPro,,Engaging,,
QGW0TI1U,GTX Basic,Statholdings,Lost,2017-06-11,0.0
WJC5J533,GTX Plus Pro,Finhigh,Won,2017-06-04,5401.0
9SLINQY5,MG Advanced,Newex,Engaging,,
1GIP77EP,GTX Plus Pro,,Engaging,,
XGLMCTLG,GTX Basic,Rundofase,Won,2017-06-18,551.0
X6RLT30X,GTX Plus Pro,Mathtouch,Lost,2017-05-23,0.0
IVT0S1N1,GTX Basic,Faxquote,Won,2017-03-20,600.0
NOLCZMV6,GTXPro,Goodsilron,Engaging,,
JEPGSQC9,GTX Plus Pro,Bioplex,Lost,2017-05-05,0.0
EEDHCEVZ,MG Special,The New York Inquirer,Lost,2017-05-22,0.0
NHDTSMX2,GTXPro,Sumace,Won,2017-03-02,4711.0
E36CR33F,MG Advanced,Vehement Capital Partners,Lost,2017-06-08,0.0
PNL17RE9,GTXPro,Zencorporation,Won,2017-06-28,5133.0
B4SIVH1O,GTX Basic,Fasehatice,Engaging,,
VMEVOJVL,GTX Plus Pro,Sumace,Lost,2017-05-17,0.0
5EKN0BFN,GTX Plus Pro,Zathunicon,Won,2017-05-15,4848.0
R4LH95QS,GTXPro,Mathtouch,Won,2017-03-03,4475.0
52CROFH2,GTX Basic,Betatech,Lost,2017-03-05,0.0
REDGEUCP,GTXPro,Genco Pura Olive Oil Company,Won,2017-03-10,3763.0
6KT5HAR6,GTXPro,Ron-tech,Won,2017-03-05,5006.0
48AJ0X9E,GTXPro,Toughzap,Won,2017-06-15,4498.0
RA1UBXY9,GTXPro,Warephase,Won,2017-03-24,4375.0
ESZY10SI,MG Advanced,,Engaging,,
WGI2GSKJ,GTX Plus Basic,J-Texon,Lost,2017-05-27,0.0
W4BNO6UL,MG Advanced,Fasehatice,Won,2017-06-04,3763.0
S50A0C2S,GTXPro,J-Texon,Lost,2017-03-14,0.0
3H80RIHV,GTX Plus Pro,Sonron,Won,2017-05-10,5491.0
KATNS4R4,GTX Basic,Bioholding,Lost,2017-05-22,0.0
L5U7OT6O,GTX Plus Pro,Y-corporation,Won,2017-06-17,5503.0
QKVUGRN9,GTX Plus Basic,Rangreen,Lost,2017-05-30,0.0
FNY6F0KF,MG Special,Statholdings,Won,2017-05-15,58.0
1W23LEWK,GTX Plus Basic,Genco Pura Olive Oil Company,Won,2017-05-27,1051.0
JHJEQ1U3,GTX Plus Pro,Conecom,Won,2017-03-07,5604.0
CPJAA632,MG Advanced,Xx-zobam,Won,2017-05-15,3273.0
Y3CYQGPH,GTX Basic,,Engaging,,
Q19RWR17,GTX Basic,Rundofase,Engaging,,
GVC0RLQE,GTX Plus Basic,Scotfind,Lost,2017-05-11,0.0
9OLYBVNE,GTX Plus Basic,Scotfind,Won,2017-06-02,1220.0
R8N49PHN,GTX Plus Pro,Singletechno,Won,2017-03-02,5497.0
P5EVJUKQ,GTX Plus Basic,Conecom,Won,2017-06-10,1056.0
XF4648CO,GTX Basic,Kan-code,Lost,2017-06-16,0.0
24UTFDPK,GTX Basic,Massive Dynamic,Won,2017-03-12,572.0
ERYLM04D,MG Advanced,Funholding,Won,2017-05-23,3668.0
6PW6ZQEE,GTX Basic,,Engaging,,
IQ9W1X36,MG Special,Kinnamplus,Won,2017-03-02,50.0
GSR9PIF0,MG Advanced,Silis,Won,2017-05-22,3509.0
8477482V,GTXPro,Gogozoom,Won,2017-06-28,5643.0
VFZOL6CB,MG Special,Dalttechnology,Won,2017-03-10,47.0
75ZOJ3O7,MG Advanced,Finjob,Won,2017-03-08,3312.0
1QQR82TP,GTX Plus Pro,Goodsilron,Lost,2017-06-23,0.0
4E5A84H1,MG Advanced,,Engaging,,
DR6MQSWL,GTX Basic,Labdrill,Won,2017-03-11,480.0
KAV5TU8X,MG Advanced,Nam-zim,Won,2017-05-06,3208.0
UQ86UOWY,GTX Basic,Y-corporation,Lost,2017-05-04,0.0
A82DG6R5,GTX Plus Pro,Kan-code,Won,2017-05-04,5782.0
37FKT2ZP,GTX Plus Pro,Rangreen,Won,2017-05-23,5827.0
03VCDZEE,GTXPro,,Engaging,,
MVXB9PS5,GTX Basic,Newex,Lost,2017-06-17,0.0
M2TZSYTN,GTX Basic,Bioholding,Won,2017-06-16,516.0
KGJL5GHX,GTX Plus Basic,Condax,Won,2017-06-06,956.0
IF7DSONM,MG Special,Stanredtax,Won,2017-03-15,52.0
RR4FWSVB,MG Advanced,Toughzap,Won,2017-05-11,3025.0
C5IWM5VJ,GTXPro,The New York Inquirer,Won,2017-06-10,5618.0
9WZ3I1TF,GTXPro,Umbrella Corporation,Won,2017-05-09,4867.0
IO4GTLAB,GTX Plus Basic,Kan-code,Won,2017-03-14,929.0
7ONH55WT,GTX Basic,,Engaging,,
06T2UPDG,MG Special,dambase,Lost,2017-06-05,0.0
CMKXOOJQ,GTX Basic,,Engaging,,
9L6ADU5C,MG Advanced,Xx-zobam,Lost,2017-05-11,0.0
U185INDA,GTXPro,Toughzap,Won,2017-05-05,5010.0
2AGLONC4,GTXPro,Bluth Company,Won,2017-05-15,5621.0
TBDUMBLA,MG Advanced,Iselectrics,Won,2017-05-02,3233.0
0AXGVKN8,MG Special,Acme Corporation,Won,2017-05-28,55.0
TAPNNL1W,MG Advanced,Bioplex,Won,2017-03-07,3278.0
R9ZAKBFE,GTX Plus Basic,Domzoom,Won,2017-03-10,1155.0
Y40ADYX7,MG Advanced,Goodsilron,Won,2017-03-11,3550.0
R7GVZT8J,MG Advanced,Stanredtax,Lost,2017-05-10,0.0
RSEDY99J,GTX Plus Basic,Hottechi,Won,2017-06-16,1055.0
NR947OAB,GTXPro,,Engaging,,
LMKNU8IZ,GTXPro,,Engaging,,
D5NZQIWU,GTX Plus Basic,Sonron,Lost,2017-06-20,0.0
Z0BGG6IJ,GTX Basic,Y-corporation,Won,2017-05-05,595.0
ZCA1IRGD,MG Advanced,Warephase,Won,2017-05-06,3063.0
NPB8ZLEO,MG Advanced,Konex,Lost,2017-05-13,0.0
HJIO57TA,MG Advanced,Massive Dynamic,Won,2017-06-06,3246.0
U6N053E1,GTX Basic,Scottech,Won,2017-03-02,423.0
R5RSH4JV,GTX Plus Pro,,Engaging,,
MTKCJVFO,GTX Basic,Initech,Won,2017-06-18,542.0
KIP060D0,GTXPro,Ontomedia,Won,2017-03-08,5040.0
YOISPUC6,GTX Plus Basic,Kan-code,Lost,2017-05-21,0.0
2MHTTXX0,GTX Plus Pro,Rangreen,Lost,2017-06-17,0.0
QU4FNKZL,GTXPro,Statholdings,Won,2017-05-09,5423.0
GZUKDP7F,MG Advanced,Cancity,Won,2017-06-13,3295.0
S519S1EK,GTX Basic,Plussunin,Won,2017-06-02,568.0
AL554AUI,GTX Basic,Xx-zobam,Won,2017-05-26,640.0
MCWDHOBT,GTXPro,Plusstrip,Won,2017-05-19,4612.0
GDZV8N5W,GTXPro,Domzoom,Lost,2017-05-26,0.0
X1D1HYMM,GTX Plus Pro,,Engaging,,
F4FLJ0WW,GTX Plus Basic,Goodsilron,Lost,2017-05-26,0.0
P3VM7655,MG Advanced,Dontechi,Won,2017-05-06,3281.0
5QU60VGE,GTX Basic,Finjob,Lost,2017-03-12,0.0
3CLBPMYZ,GTX Plus Basic,Labdrill,Lost,2017-03-08,0.0
G17JEA75,MG Special,Rantouch,Won,2017-03-11,59.0
BGU0JJ9X,GTX Plus Basic,Scottech,Won,2017-06-30,1081.0
U02OIJGK,GTX Plus Basic,Zumgoity,Won,2017-05-09,962.0
3N7ZXGMF,GTX Plus Basic,Codehow,Won,2017-03-06,1123.0
0QHI3KG5,MG Advanced,Xx-zobam,Won,2017-06-10,3075.0
0WWDVOM3,MG Special,Condax,Won,2017-05-09,50.0
QPPUCKFM,MG Special,Dalttechnology,Won,2017-03-06,47.0
VGE4M1C9,MG Special,Globex Corporation,Lost,2017-03-08,0.0
56XQOTXV,GTX Plus Pro,Betatech,Won,2017-05-17,4494.0
1JC9DMNJ,MG Special,Hottechi,Lost,2017-05-06,0.0
AK2LRFXF,MG Special,Singletechno,Won,2017-03-11,61.0
UCK7JRXG,MG Advanced,Goodsilron,Won,2017-05-13,3418.0
GVYF29NM,MG Advanced,,Engaging,,
DN6SG3US,GTX Plus Pro,,Engaging,,
WM30CUBE,MG Advanced,Konex,Won,2017-06-02,3336.0
EW28ZONV,GTX Plus Basic,,Engaging,,
8DWOWB6Y,GTX Basic,Betatech,Lost,2017-03-16,0.0
BGNB966A,GTX Plus Pro,Mathtouch,Won,2017-03-13,4766.0
4Q4CLZCH,MG Advanced,Plussunin,Lost,2017-06-10,0.0
YQ24IWRQ,GTX Basic,Ganjaflex,Won,2017-05-27,592.0
Z30RS0CL,GTX Basic,Iselectrics,Lost,2017-06-01,0.0
FRB34F3W,MG Special,Green-Plus,Lost,2017-05-24,0.0
CGEHFK9N,GTXPro,Treequote,Lost,2017-05-29,0.0
4A189ZAB,GTXPro,Dontechi,Won,2017-06-08,5142.0
0HELH2Q0,GTX Plus Basic,Cheers,Lost,2017-05-29,0.0
9E8A7MQ8,GTX Plus Pro,Blackzim,Engaging,,
HG5P21RO,MG Advanced,Gogozoom,Lost,2017-05-08,0.0
MGP9HCUL,GTX Plus Basic,Plexzap,Lost,2017-06-16,0.0
HVZMZW96,GTX Plus Basic,,Engaging,,
1H1YDS7C,GTX Plus Basic,,Engaging,,
FZC2J90W,MG Advanced,Bluth Company,Engaging,,
XX84TIMO,GTX Plus Basic,Faxquote,Lost,2017-06-26,0.0
2JFS8EGS,MG Special,Nam-zim,Lost,2017-05-03,0.0
GBMHNLRO,GTX Basic,Dontechi,Won,2017-03-15,660.0
NAVG0P26,GTX Basic,Rundofase,Won,2017-05-26,443.0
DK955UBP,MG Special,Codehow,Lost,2017-05-20,0.0
0OOZE4GN,GTX Plus Pro,Zotware,Lost,2017-03-03,0.0
3P0T15VX,MG Special,The New York Inquirer,Lost,2017-05-18,0.0
GK0A4IQW,MG Special,Domzoom,Won,2017-06-18,61.0
UI3DE2C4,GTX Plus Basic,,Engaging,,
UXJSIAVS,GTX Plus Pro,Y-corporation,Won,2017-03-14,4846.0
KR4K652E,GTX Basic,dambase,Won,2017-06-04,574.0
J2SR2H1Y,GTX Basic,Ganjaflex,Lost,2017-06-18,0.0
4U5VTUJL,GTXPro,Sumace,Lost,2017-05-22,0.0
VTT447YT,GTX Basic,Conecom,Won,2017-05-03,497.0
8JJY9B08,GTX Basic,Xx-zobam,Lost,2017-05-04,0.0
STTAXKIU,GTX Plus Pro,Konex,Won,2017-05-30,5159.0
25FUROM1,GTX Plus Basic,Y-corporation,Engaging,,
PX4OW5SC,MG Special,Codehow,Lost,2017-05-02,0.0
87MEZS8G,GTXPro,Conecom,Won,2017-05-13,4311.0
SLIWHUIM,GTX Basic,Ganjaflex,Won,2017-05-22,609.0
XBVFZ1IR,GTX Plus Basic,Cancity,Won,2017-06-24,1008.0
7B3J333S,GTXPro,Zumgoity,Won,2017-06-22,4458.0
9X2S0K15,MG Advanced,,Engaging,,
3N9I1WH7,MG Advanced,Plexzap,Won,2017-05-26,2964.0
TMW4J6NA,GTX Plus Pro,Lexiqvolax,Lost,2017-06-04,0.0
ZI1MPYF3,MG Advanced,Dalttechnology,Won,2017-06-05,3813.0
L6KOBEBZ,GTX Basic,Rundofase,Won,2017-05-27,528.0
Z2S4KUPO,GTX Plus Basic,Rantouch,Won,2017-03-10,1173.0
GIW1PN4L,GTXPro,Kan-code,Won,2017-06-19,3893.0
E57F5Z2K,GTXPro,Sonron,Won,2017-03-15,4678.0
38KKSE72,GTX Basic,Bioholding,Won,2017-06-01,530.0
0GJ586J0,MG Special,Sunnamplex,Lost,2017-03-14,0.0
4V0S4BA3,GTK 500,Goodsilron,Won,2017-06-27,29617.0
1LTD5TKV,GTX Plus Basic,Isdom,Won,2017-05-09,1028.0
VBM56CIF,MG Advanced,Domzoom,Won,2017-06-28,2863.0
XRZVJPD5,GTX Plus Basic,,Engaging,,
PDH2NPE1,MG Advanced,Codehow,Won,2017-06-28,4109.0
OV60VIBB,GTX Basic,Betatech,Lost,2017-05-08,0.0
2OAIXF3A,GTX Plus Basic,Kan-code,Won,2017-03-13,1106.0
QDGUWTLU,MG Special,,Engaging,,
FBSEA94D,MG Special,Bubba Gump,Won,2017-06-30,53.0
EOB01PRO,MG Special,Globex Corporation,Won,2017-05-14,47.0
5QC9H4C2,MG Advanced,Kan-code,Won,2017-05-23,3749.0
3HGQ3BOY,MG Advanced,Ontomedia,Won,2017-05-27,4204.0
CO6ZPH1W,MG Advanced,Umbrella Corporation,Won,2017-06-15,3986.0
M3WTE943,GTXPro,Donquadtech,Won,2017-06-05,5105.0
X914SMX7,GTX Basic,Genco Pura Olive Oil Company,Won,2017-06-22,516.0
1MCE2AOV,GTXPro,Rundofase,Won,2017-06-02,4407.0
8061HKKB,MG Advanced,Zathunicon,Won,2017-06-19,3087.0
T1HIH384,GTX Plus Pro,Inity,Won,2017-05-15,5331.0
FM2NX2GB,MG Advanced,Condax,Won,2017-05-05,4069.0
JSZZN48S,GTX Plus Pro,,Engaging,,
SJ45HNHM,GTX Basic,Hatfan,Won,2017-06-29,463.0
NYGZJYCJ,GTX Plus Pro,Faxquote,Won,2017-05-26,5625.0
6MMFIIGE,GTX Basic,Rundofase,Won,2017-06-15,524.0
IJ817GQJ,GTX Basic,Cheers,Lost,2017-05-12,0.0
F2B62IW4,MG Special,Bioplex,Engaging,,
PCRRS6JP,MG Special,Genco Pura Olive Oil Company,Lost,2017-05-28,0.0
NKL5SWX3,GTX Plus Basic,Zencorporation,Won,2017-06-01,1161.0
WVG1CIHX,GTX Plus Pro,Mathtouch,Won,2017-06-03,6046.0
7GRNFO6D,MG Special,Dontechi,Won,2017-05-18,49.0
G0QKNVIJ,MG Special,Conecom,Won,2017-05-28,51.0
6HRIX06M,MG Advanced,Hottechi,Won,2017-06-26,3415.0
DEHQTB8B,MG Special,Kinnamplus,Engaging,,
AM5YTMH3,GTX Plus Basic,Kan-code,Won,2017-03-10,1053.0
2L5ZWLI7,GTX Plus Basic,Betasoloin,Lost,2017-05-25,0.0
6B6Q8C5S,GTXPro,Donquadtech,Won,2017-03-15,5068.0
DF4KYH5H,GTXPro,Massive Dynamic,Won,2017-06-30,4256.0
KVR52YDI,GTXPro,,Engaging,,
JTDV6H65,MG Advanced,Treequote,Lost,2017-05-08,0.0
O8JF46GT,GTX Basic,Genco Pura Olive Oil Company,Won,2017-03-12,657.0
RK5Y67V6,MG Special,Stanredtax,Won,2017-03-08,60.0
COWOZH43,GTX Basic,Opentech,Lost,2017-05-29,0.0
DGIYD342,GTX Plus Pro,Hottechi,Lost,2017-05-10,0.0
JSSGVBVS,GTX Basic,Silis,Lost,2017-05-05,0.0
V28NVD6A,GTX Basic,Plussunin,Won,2017-05-01,629.0
I1IAVDQM,MG Advanced,Hottechi,Lost,2017-05-23,0.0
4MC584U5,MG Advanced,Treequote,Won,2017-06-02,4082.0
MCYLHUCZ,GTX Plus Basic,Rundofase,Won,2017-05-31,1044.0
5E4DTWHV,MG Advanced,Inity,Lost,2017-06-11,0.0
1VUBYV53,GTX Plus Basic,Rantouch,Won,2017-03-21,1025.0
W03CXYET,GTX Basic,Streethex,Won,2017-06-17,465.0
LZVFFQLN,MG Special,Konmatfix,Won,2017-06-14,50.0
MFV0C5RN,GTX Plus Pro,Vehement Capital Partners,Won,2017-03-09,5548.0
A1WZEK7U,MG Advanced,Kan-code,Won,2017-06-03,3558.0
516FJUNB,MG Advanced,Singletechno,Won,2017-03-07,3959.0
PE8DK02A,MG Special,Ron-tech,Won,2017-03-17,49.0
10NTPQUY,MG Special,Warephase,Won,2017-06-16,50.0
X2EXSMPR,GTX Basic,Xx-holding,Won,2017-03-08,523.0
JCFQVIEG,GTX Plus Basic,Zoomit,Won,2017-06-01,1086.0
XIWKGJOW,GTXPro,Goodsilron,Won,2017-03-09,4445.0
STT3X4NB,GTX Basic,Xx-holding,Engaging,,
DHGLWIDZ,GTXPro,Umbrella Corporation,Won,2017-06-24,4756.0
74VGCEEW,MG Special,Gekko & Co,Won,2017-06-19,67.0
MXTAIS4Q,MG Advanced,Iselectrics,Won,2017-06-09,3783.0
XRDF1NAB,GTXPro,,Engaging,,
YP8QKKEZ,GTX Basic,Doncon,Lost,2017-05-31,0.0
3TSOEM5K,GTX Plus Pro,Rantouch,Lost,2017-06-27,0.0
G7RCJBVL,MG Advanced,Dontechi,Lost,2017-05-31,0.0
G20IQSA3,GTX Basic,Conecom,Won,2017-03-12,522.0
Q16BQCEL,GTX Plus Basic,Kinnamplus,Won,2017-03-18,1001.0
9924I5ZF,GTX Plus Pro,Betatech,Won,2017-05-25,5728.0
SLLJT3T1,GTX Plus Pro,Codehow,Won,2017-06-19,4856.0
AAEUN73V,GTXPro,Cancity,Won,2017-05-26,5570.0
32LY2D1K,MG Advanced,Conecom,Won,2017-05-26,3647.0
S2UWELRW,GTX Basic,Mathtouch,Won,2017-06-11,487.0
5VQRLIEZ,GTX Plus Basic,Donquadtech,Won,2017-06-12,1166.0
WUNMIJW9,MG Advanced,,Engaging,,
6U0CT07B,GTX Basic,Scottech,Won,2017-06-06,595.0
DFN1V29L,MG Special,Condax,Won,2017-06-04,49.0
VBZ862OS,GTX Basic,Xx-holding,Won,2017-03-19,599.0
VFKKSJT2,GTXPro,Kan-code,Won,2017-05-15,4506.0
FJMFXCTD,GTXPro,Sunnamplex,Won,2017-05-06,4512.0
LGLIB8TR,GTX Basic,Gogozoom,Lost,2017-05-01,0.0
JREGYB42,GTX Plus Basic,Nam-zim,Won,2017-05-06,1102.0
4V9NMGEA,GTX Basic,,Engaging,,
9PWM6RYC,GTX Basic,Rantouch,Lost,2017-06-10,0.0
EMUA57Q2,MG Special,Condax,Won,2017-05-12,54.0
DB3N4CHN,MG Special,Hottechi,Won,2017-03-17,62.0
4CXUC4VR,GTX Basic,Rantouch,Engaging,,
79EHWR35,GTX Basic,,Engaging,,
L0GMLGRR,MG Special,,Engaging,,
OF7GY5F4,MG Special,The New York Inquirer,Won,2017-03-09,61.0
D3ZC338T,GTX Basic,,Engaging,,
CVFJUYPM,GTXPro,Singletechno,Lost,2017-05-23,0.0
L5807I4N,GTXPro,Labdrill,Won,2017-03-16,4277.0
Q1ZKBGV5,MG Special,Globex Corporation,Won,2017-05-23,46.0
9JKODCAU,MG Special,Rundofase,Won,2017-06-22,54.0
LELWKXDX,GTX Plus Pro,Donquadtech,Won,2017-06-08,6173.0
QRQ8C6MQ,GTXPro,Globex Corporation,Engaging,,
DA95Q0VE,MG Advanced,Ganjaflex,Lost,2017-03-21,0.0
5HMZH1Z9,GTXPro,Sumace,Lost,2017-06-11,0.0
05QMFSF0,GTXPro,Toughzap,Lost,2017-05-16,0.0
JE245P8R,GTX Plus Basic,Konmatfix,Won,2017-05-28,1149.0
SFQMEZIW,GTX Basic,Silis,Lost,2017-05-04,0.0
B8RR21XP,GTX Plus Basic,Dontechi,Lost,2017-03-16,0.0
ZG8WPG99,GTXPro,,Engaging,,
U85VV1BU,GTX Basic,Goodsilron,Won,2017-05-22,568.0
V6HB68BL,GTX Basic,J-Texon,Won,2017-05-30,567.0
H9JPB7GW,GTX Basic,Genco Pura Olive Oil Company,Won,2017-03-09,542.0
8LFNU39A,GTX Basic,Conecom,Lost,2017-05-28,0.0
SWPTTVQZ,GTX Plus Basic,Funholding,Won,2017-03-16,1062.0
GKJLM1UR,GTX Plus Basic,Fasehatice,Won,2017-03-13,1057.0
8L1ZHTPL,GTX Plus Basic,Globex Corporation,Won,2017-06-01,1020.0
U7M26UZV,MG Special,,Engaging,,
TV300INP,GTX Plus Pro,,Engaging,,
KBQ16F1I,GTX Basic,,Engaging,,
4XX690SP,GTX Basic,Green-Plus,Won,2017-05-11,535.0
JSDGELLK,GTX Basic,Codehow,Won,2017-06-13,522.0
LV1754PS,GTX Basic,Rangreen,Won,2017-05-14,544.0
JIYYV11P,MG Advanced,Genco Pura Olive Oil Company,Won,2017-06-07,3081.0
FYN7C0CV,MG Advanced,,Engaging,,
6TB7XA83,MG Special,dambase,Won,2017-05-18,51.0
U5UM9W8V,GTX Plus Basic,Zencorporation,Lost,2017-05-09,0.0
5JDWBOLS,GTX Basic,,Engaging,,
POB32WHJ,GTX Plus Basic,Acme Corporation,Lost,2017-05-06,0.0
4T8KR12S,GTX Plus Basic,Streethex,Won,2017-03-20,1076.0
JA0D4V57,MG Advanced,Y-corporation,Won,2017-05-09,3685.0
6CKB8I8U,GTX Plus Basic,Hottechi,Lost,2017-05-13,0.0
HKBAON9X,GTXPro,Golddex,Won,2017-05-18,3997.0
7S1N6QHI,MG Special,Y-corporation,Won,2017-03-18,51.0
CHI2T3IH,MG Advanced,Sunnamplex,Won,2017-03-21,3164.0
X7HK448T,GTX Basic,Funholding,Won,2017-06-22,496.0
1YYN3PBU,MG Advanced,Faxquote,Lost,2017-05-13,0.0
R4L36Y0P,GTX Basic,Stanredtax,Won,2017-03-26,579.0
CPTEPYPZ,GTX Basic,Xx-holding,Lost,2017-05-20,0.0
AJJ7VJWA,GTXPro,Bioholding,Lost,2017-05-02,0.0
8BR6E4S6,GTXPro,Treequote,Lost,2017-05-27,0.0
YNKWBEEN,GTX Basic,Kan-code,Won,2017-06-27,521.0
SARVIBLS,MG Advanced,Gekko & Co,Won,2017-03-07,3889.0
M4ZNQTEQ,MG Advanced,Plussunin,Won,2017-03-12,3340.0
K0GWTWYL,MG Special,Finhigh,Lost,2017-03-20,0.0
TCSQO748,GTXPro,Cheers,Lost,2017-05-11,0.0
7TI1WTV9,GTXPro,Acme Corporation,Engaging,,
01EH41WA,GTXPro,,Engaging,,
ITCY8YV0,GTXPro,Blackzim,Won,2017-06-11,5876.0
SAUAOZVO,GTX Plus Pro,Toughzap,Won,2017-05-29,5092.0
1XHLB0Q5,GTX Plus Basic,Massive Dynamic,Lost,2017-05-09,0.0
71GQNH5T,MG Advanced,,Engaging,,
LSA39JBG,GTX Basic,,Engaging,,
OJVA8ZEK,GTX Plus Basic,Acme Corporation,Won,2017-06-08,966.0
UAX3F7D4,GTX Plus Pro,Opentech,Won,2017-03-21,6024.0
7PDUWDGT,MG Advanced,Condax,Won,2017-03-14,3759.0
QWJ2TRQM,GTXPro,Streethex,Lost,2017-05-24,0.0
3AU5SZ3V,GTXPro,Donquadtech,Won,2017-03-23,4443.0
BVOO33UA,MG Advanced,Cheers,Won,2017-06-28,3397.0
SC7XGQVA,GTX Plus Pro,Singletechno,Lost,2017-03-15,0.0
UY45Y7AM,MG Special,Sunnamplex,Lost,2017-05-14,0.0
M92Y63Q3,MG Special,Domzoom,Won,2017-05-05,59.0
AKTPC3M1,GTX Basic,,Engaging,,
JXAYTFNI,GTX Basic,Cancity,Lost,2017-05-12,0.0
BMM5D5R4,GTX Basic,dambase,Lost,2017-05-21,0.0
PSGTTYUT,GTX Basic,Rangreen,Won,2017-06-06,494.0
JRC2PMKX,GTX Plus Basic,Codehow,Won,2017-05-16,1060.0
JA5G7YBO,MG Special,Blackzim,Engaging,,
6M5LV1ZE,MG Special,Scottech,Lost,2017-05-26,0.0
CZ8PPZTC,MG Special,Bioplex,Engaging,,
IBZQBCSU,MG Special,Vehement Capital Partners,Lost,2017-05-19,0.0
YABTM1G5,GTX Basic,Domzoom,Lost,2017-05-30,0.0
FPTH6URQ,GTX Basic,Faxquote,Won,2017-05-11,624.0
S3XE14XP,GTX Basic,Goodsilron,Won,2017-05-08,565.0
U6Q0T9KV,GTX Basic,Konex,Won,2017-06-14,642.0
YQ0Y0YQS,MG Advanced,Newex,Engaging,,
HRWHRCH8,MG Special,Betasoloin,Won,2017-03-14,48.0
8B29CRQL,MG Special,Donware,Won,2017-05-19,60.0
3KM8WN7L,GTX Basic,Kan-code,Won,2017-05-18,522.0
5Z8S8UHK,GTX Basic,,Engaging,,
S0XILDHQ,GTX Plus Pro,Umbrella Corporation,Won,2017-03-18,4701.0
ZVR3CS7N,GTX Plus Pro,Scottech,Lost,2017-05-20,0.0
AZH0INTS,GTXPro,Singletechno,Won,2017-03-13,4987.0
9AMJKJX6,GTX Basic,Inity,Won,2017-05-31,579.0
NMKAJZJ4,MG Special,,Engaging,,
3NQBMKOK,GTX Basic,Kan-code,Won,2017-06-29,494.0
VBG91TQH,GTX Basic,Isdom,Won,2017-06-11,545.0
QZE24X2H,GTX Basic,Y-corporation,Won,2017-06-01,584.0
WSPBQ5YR,MG Advanced,dambase,Won,2017-06-09,3714.0
YJJ1BLPQ,MG Advanced,Finhigh,Won,2017-05-15,3423.0
XUGTSB00,MG Advanced,Ron-tech,Won,2017-03-19,3167.0
3DKK3JF3,GTX Basic,Acme Corporation,Lost,2017-05-29,0.0
I0TSIELX,GTX Plus Basic,Xx-holding,Won,2017-05-29,987.0
SX0SSL0H,GTX Plus Basic,,Engaging,,
420PORSF,MG Advanced,Konex,Lost,2017-06-06,0.0
DVCPCBMJ,MG Advanced,Domzoom,Lost,2017-05-21,0.0
UMZ986GC,MG Advanced,Dontechi,Won,2017-05-24,3428.0
I7BWM5O0,MG Special,Warephase,Engaging,,
UPQRP36U,MG Special,Gekko & Co,Lost,2017-05-22,0.0
RZI9HX5X,GTX Plus Basic,Hottechi,Won,2017-05-31,1149.0
WFJPWN9O,GTX Plus Pro,Globex Corporation,Won,2017-06-11,6023.0
6F79VYH8,GTX Basic,,Engaging,,
ZQ4QTT1Z,GTX Plus Basic,,Engaging,,
2WH4NUR9,GTX Basic,Bluth Company,Lost,2017-06-04,0.0
S93L97VV,MG Special,Scottech,Won,2017-03-17,47.0
HRU8FNE1,GTX Basic,Donquadtech,Won,2017-03-10,542.0
JDFN8AZI,GTXPro,Xx-zobam,Won,2017-03-16,4980.0
11EK1VP7,GTXPro,Funholding,Won,2017-05-28,4978.0
50HQRWGJ,GTXPro,Vehement Capital Partners,Won,2017-06-10,5256.0
N90VSHI2,GTXPro,Hottechi,Won,2017-06-07,4327.0
21PRD9FN,GTXPro,Donware,Won,2017-05-15,5022.0
ITIQJARB,GTX Plus Pro,Bioholding,Won,2017-03-11,4887.0
EAUV9J9L,MG Advanced,Stanredtax,Won,2017-03-21,3724.0
9A4H9IAC,GTX Plus Basic,,Engaging,,
XWEZ1WNK,GTX Basic,Y-corporation,Won,2017-03-11,535.0
ZTLLHCBU,GTX Basic,Dontechi,Engaging,,
JTSUYWUD,GTX Plus Pro,Blackzim,Lost,2017-05-24,0.0
CJ5U6GX3,MG Advanced,Singletechno,Won,2017-03-15,3969.0
SLYFFVBE,GTX Plus Basic,Blackzim,Engaging,,
HDUV7VJN,GTX Plus Pro,Toughzap,Won,2017-03-13,6805.0
5OCY2XME,GTX Plus Basic,Isdom,Won,2017-06-12,1190.0
1YB00UYY,GTX Plus Pro,Condax,Won,2017-05-29,4821.0
NCMT5KK3,GTX Basic,Dalttechnology,Engaging,,
Y23HQJRG,MG Special,Kinnamplus,Won,2017-05-06,53.0
81FNO0VM,GTX Plus Basic,,Engaging,,
RFQP9VCW,MG Advanced,,Engaging,,
NGCM47PC,GTXPro,,Engaging,,
9HXSC391,MG Advanced,Vehement Capital Partners,Won,2017-05-22,3087.0
ENOMNCOJ,MG Special,Bioholding,Won,2017-06-03,59.0
CG4TWLUR,GTX Plus Basic,Bubba Gump,Won,2017-06-02,857.0
0FIG6ZP2,GTX Plus Basic,Massive Dynamic,Won,2017-06-27,1142.0
IA62KQBO,GTX Basic,Ganjaflex,Won,2017-05-14,566.0
C54ZXDLT,MG Advanced,Xx-zobam,Won,2017-03-18,4291.0
X96MMTCI,GTX Plus Basic,Rantouch,Won,2017-06-16,1039.0
P4RDU8QM,MG Advanced,Xx-holding,Won,2017-05-19,3151.0
7C9Q2ZA3,GTX Basic,Gogozoom,Won,2017-03-24,590.0
YZ1EYM3Y,MG Advanced,Ron-tech,Won,2017-03-18,3217.0
M7J5BV9Q,GTX Basic,Zoomit,Won,2017-03-11,597.0
MDRX39D8,GTXPro,Newex,Won,2017-05-11,4918.0
7GRFWF1U,GTXPro,Scotfind,Won,2017-03-19,5266.0
EHP6OQ69,MG Advanced,Finhigh,Lost,2017-05-14,0.0
JDXSS1HT,GTX Basic,Silis,Engaging,,
4R1NMA9E,GTX Basic,Singletechno,Lost,2017-05-17,0.0
CDA8Y12G,MG Special,Blackzim,Won,2017-05-07,61.0
RYLLRATF,MG Advanced,Faxquote,Won,2017-05-31,3470.0
KEF5O2Q6,GTX Basic,Betatech,Lost,2017-06-26,0.0
Y38ULZPM,MG Special,Newex,Won,2017-05-28,48.0
YFP8IZ98,MG Special,Acme Corporation,Won,2017-06-22,61.0
U9CDTLZM,MG Special,Blackzim,Lost,2017-05-26,0.0
V5AN4BZF,GTX Basic,Silis,Lost,2017-05-29,0.0
58J6HCYK,GTX Basic,Y-corporation,Lost,2017-06-05,0.0
GDGR4C37,GTX Plus Basic,Plusstrip,Lost,2017-05-27,0.0
COOYICXU,GTX Basic,Inity,Lost,2017-05-22,0.0
UALNIVAY,GTX Plus Pro,Hottechi,Lost,2017-05-11,0.0
E5UW8AGQ,GTX Basic,Streethex,Won,2017-06-11,595.0
EWA9JFBA,MG Special,Zumgoity,Won,2017-06-01,51.0
99DK6OHX,MG Special,Opentech,Lost,2017-06-08,0.0
MK57PHV1,GTXPro,Kan-code,Won,2017-05-25,4624.0
T1F2I8ED,GTX Plus Basic,,Engaging,,
26CH1NDR,GTX Basic,Mathtouch,Engaging,,
ISAWVDYZ,GTX Basic,,Engaging,,
ZGZSYIJV,GTX Plus Basic,Finhigh,Lost,2017-05-15,0.0
6LI7FXQT,MG Special,Bioholding,Lost,2017-05-28,0.0
D01U0UR8,GTX Basic,Funholding,Won,2017-06-17,571.0
9LFX3HBC,MG Advanced,Lexiqvolax,Won,2017-03-25,3333.0
JP3IMU5X,GTX Plus Pro,Isdom,Won,2017-05-16,4853.0
5I8WOI8P,MG Special,Toughzap,Won,2017-06-08,51.0
LJBQ7P0V,MG Special,Zotware,Engaging,,
ZRYPU2QW,MG Advanced,,Engaging,,
7C9BUYV0,GTX Basic,Cheers,Lost,2017-05-23,0.0
GMVW87C4,GTXPro,Cheers,Won,2017-06-17,5035.0
NY9ARKRE,MG Special,Codehow,Won,2017-06-01,51.0
XO3XXR9X,GTXPro,Dalttechnology,Won,2017-06-09,4342.0
8QBIFURM,MG Advanced,Codehow,Lost,2017-03-13,0.0
0A1LN7GB,MG Special,,Engaging,,
ZWAJWK40,MG Special,Vehement Capital Partners,Won,2017-06-22,48.0
WQ0C723A,GTX Plus Pro,Kan-code,Won,2017-05-18,5215.0
RCQ32MXL,GTX Plus Basic,Streethex,Lost,2017-05-12,0.0
396WP6JS,MG Special,Gogozoom,Won,2017-03-19,58.0
57689GK9,MG Advanced,Finhigh,Won,2017-03-20,3587.0
S2WDGIHL,MG Advanced,Warephase,Won,2017-05-29,2915.0
8VG88HMH,GTXPro,Konex,Won,2017-06-28,4762.0
TF7HCU69,GTX Plus Basic,Gekko & Co,Won,2017-06-12,1062.0
0EX7ML4W,GTX Plus Pro,Finhigh,Lost,2017-05-10,0.0
1B27CZ2M,GTX Plus Pro,,Engaging,,
839AMI93,GTX Basic,,Engaging,,
BFGASJAW,GTX Basic,,Engaging,,
5BSHJG7W,GTX Basic,Kan-code,Lost,2017-05-30,0.0
HW38EMKM,GTX Plus Pro,Kan-code,Lost,2017-03-20,0.0
5XPYFICK,MG Special,Inity,Engaging,,
B5QCN9H7,MG Special,Massive Dynamic,Lost,2017-05-29,0.0
X7M4GO0J,GTX Plus Basic,Zencorporation,Won,2017-06-28,1074.0
JYI35PPE,MG Special,Newex,Lost,2017-05-05,0.0
6XHE52MV,MG Special,Inity,Lost,2017-05-30,0.0
0YN6EALP,MG Special,Scottech,Won,2017-03-17,57.0
A4LUP6W6,GTX Basic,Zotware,Won,2017-05-22,586.0
KUK2H5MD,GTX Plus Basic,Rundofase,Won,2017-06-13,1184.0
HTW9348H,GTX Basic,Silis,Lost,2017-05-19,0.0
ILR33OAV,MG Advanced,,Engaging,,
A6CE8BHR,GTX Plus Basic,Lexiqvolax,Lost,2017-06-08,0.0
UI1UION3,GTX Basic,J-Texon,Won,2017-06-10,526.0
ZPX96Q40,GTX Plus Pro,Condax,Won,2017-06-12,5344.0
I0CYLPNE,GTXPro,Konex,Won,2017-05-22,4125.0
FGH181PC,GTX Basic,Dalttechnology,Won,2017-06-06,528.0
8OBC9CQE,MG Advanced,Singletechno,Won,2017-03-26,3254.0
G3KFZ8KX,GTXPro,Green-Plus,Lost,2017-05-07,0.0
2Y84YR3K,GTX Basic,J-Texon,Won,2017-05-24,516.0
97QHOOWD,GTX Basic,Y-corporation,Won,2017-03-27,538.0
YL7XWUYO,GTX Basic,Codehow,Won,2017-06-17,459.0
VO8TFB31,GTX Basic,Cheers,Lost,2017-06-26,0.0
Q949MQ5W,GTXPro,Sunnamplex,Won,2017-05-22,5137.0
HZU0L5GS,MG Advanced,Konmatfix,Won,2017-06-04,3330.0
8RF8XVYF,GTX Basic,Conecom,Won,2017-05-10,589.0
ZILYYA1V,MG Special,Goodsilron,Won,2017-03-30,45.0
BY2L60V1,MG Special,,Engaging,,
NH0WGTR4,MG Special,Funholding,Lost,2017-05-25,0.0
73HO9OZC,GTX Basic,Finjob,Engaging,,
WBJX6O2D,GTX Plus Pro,Opentech,Won,2017-06-11,5664.0
1IHNDN80,MG Advanced,Streethex,Lost,2017-05-02,0.0
T14K7M5G,GTX Plus Basic,Initech,Won,2017-06-11,1074.0
XPP2Q5WQ,GTX Plus Basic,Globex Corporation,Lost,2017-05-02,0.0
FM4LX5O0,GTXPro,Treequote,Lost,2017-05-26,0.0
HG07756D,GTX Basic,Finjob,Won,2017-03-31,481.0
E7YSM99K,GTX Plus Basic,Labdrill,Won,2017-06-02,1101.0
4D1FP59D,GTX Basic,Warephase,Won,2017-06-23,522.0
3E4VTH6E,MG Special,Hatfan,Engaging,,
TK29F68V,MG Special,Y-corporation,Won,2017-06-13,49.0
QHJ3W8FW,GTXPro,,Engaging,,
N3H82NHO,GTXPro,Newex,Won,2017-06-02,4865.0
GTANESSU,GTX Plus Basic,Isdom,Won,2017-05-22,991.0
LA0O6BHX,GTX Plus Pro,Dontechi,Won,2017-05-27,4509.0
RRKQ0P07,GTXPro,Nam-zim,Won,2017-05-03,5169.0
J4V3VKQ5,GTX Basic,Sonron,Won,2017-03-27,491.0
17U8549G,GTXPro,Labdrill,Won,2017-06-15,4281.0
G281LUYF,GTX Plus Basic,Finhigh,Lost,2017-05-08,0.0
4NAK1XFV,MG Special,Umbrella Corporation,Lost,2017-05-18,0.0
Y34MVXP3,MG Advanced,Kinnamplus,Won,2017-06-27,3443.0
N8G3G1UF,MG Special,Gogozoom,Won,2017-05-29,60.0
SDXZB8MC,MG Special,Hottechi,Won,2017-06-20,53.0
PFUE2JYB,MG Special,Finjob,Won,2017-05-26,56.0
4A8SFEJ2,GTX Basic,Scotfind,Won,2017-03-17,665.0
HEG8WPQF,GTX Plus Basic,Inity,Won,2017-05-09,1140.0
0FST40LV,MG Special,Streethex,Won,2017-05-25,52.0
I7WERQ6B,MG Special,Warephase,Won,2017-06-08,52.0
T7UYHDUN,GTX Plus Pro,Donquadtech,Lost,2017-03-24,0.0
Y28VHZKQ,MG Advanced,,Engaging,,
V0EIMVES,GTX Plus Pro,Konmatfix,Won,2017-05-13,5121.0
DL4SZAGH,MG Advanced,Rundofase,Won,2017-03-31,3611.0
RVIU1YQ8,MG Special,Massive Dynamic,Won,2017-03-24,50.0
ZNSWDHTJ,GTX Basic,Rundofase,Won,2017-05-15,618.0
A2G8VYZY,GTX Plus Basic,Globex Corporation,Won,2017-03-17,1247.0
F5I33E1I,MG Special,Sumace,Engaging,,
Y9B94N72,MG Special,Donware,Won,2017-05-03,55.0
34MBPHRL,GTX Plus Basic,Singletechno,Won,2017-06-17,1157.0
K73K8IQ3,GTX Basic,Hottechi,Won,2017-05-22,537.0
8L5WBK75,GTXPro,Dalttechnology,Won,2017-03-30,4955.0
Z1RN8D42,GTXPro,Singletechno,Won,2017-06-02,5606.0
4IT33RBO,GTX Basic,,Engaging,,
JV1NCDKP,MG Special,Isdom,Won,2017-05-11,57.0
ECCVMNUZ,MG Special,Sunnamplex,Won,2017-05-20,66.0
A3GVFKYP,GTXPro,Dalttechnology,Won,2017-06-27,5113.0
COTHR6F7,GTXPro,Sunnamplex,Won,2017-05-22,4595.0
7VKQWIXD,GTX Plus Basic,,Engaging,,
3OAEEV0S,MG Advanced,Gekko & Co,Won,2017-03-21,3503.0
RTH5O6ZW,MG Advanced,Mathtouch,Won,2017-06-13,3600.0
V74O6XQT,GTXPro,,Engaging,,
GH6U8WWN,GTX Basic,Massive Dynamic,Won,2017-03-19,425.0
GVNI96XB,GTXPro,Dontechi,Won,2017-06-20,4565.0
KC324LPK,GTXPro,Ron-tech,Won,2017-05-22,4754.0
2Y2R082L,MG Special,dambase,Won,2017-05-06,62.0
HALGOQ5D,GTXPro,Betasoloin,Won,2017-05-30,4688.0
1R38Y0C1,MG Advanced,Golddex,Won,2017-03-20,3386.0
3QQW8VJ2,GTXPro,Xx-zobam,Won,2017-06-06,3869.0
8JS4BWQ7,GTX Basic,Streethex,Won,2017-03-24,615.0
78TOITP2,MG Special,Finhigh,Won,2017-05-18,55.0
MRCYKUX4,MG Advanced,,Engaging,,
3PVNGGBX,GTX Basic,The New York Inquirer,Engaging,,
MN6E59H6,GTX Plus Pro,,Engaging,,
BSA76OL5,GTX Basic,Isdom,Lost,2017-05-17,0.0
YHNBSXPN,GTX Plus Basic,Hatfan,Won,2017-03-25,1019.0
TW6D3KT4,MG Advanced,Blackzim,Won,2017-05-12,2798.0
Z8RI8RLU,GTX Basic,Streethex,Won,2017-06-03,502.0
FT0L8HZZ,MG Advanced,Isdom,Won,2017-03-16,3323.0
AW0GW33Q,GTX Plus Basic,Condax,Lost,2017-06-11,0.0
IJLPV177,MG Special,Nam-zim,Lost,2017-03-30,0.0
9UVKASFY,GTX Plus Pro,Nam-zim,Lost,2017-05-27,0.0
KKSMEP2A,MG Advanced,Finjob,Lost,2017-06-21,0.0
E96ZTKHC,GTX Basic,Scotfind,Won,2017-03-17,542.0
RZ08GKZY,GTXPro,Faxquote,Won,2017-05-22,5172.0
EK0ZZHKT,MG Advanced,Massive Dynamic,Lost,2017-06-24,0.0
9U6RAS0M,GTX Basic,Umbrella Corporation,Won,2017-03-31,538.0
3S31RHE5,GTXPro,Betasoloin,Won,2017-05-18,4497.0
GOM8T4Y4,GTX Plus Basic,Codehow,Won,2017-05-09,1178.0
7Z5AVSH6,GTXPro,Treequote,Won,2017-06-21,4969.0
E7OPE1O8,MG Special,Rangreen,Won,2017-03-20,60.0
647E6ED0,MG Advanced,Dontechi,Won,2017-06-05,2875.0
V4XHHFO3,GTX Basic,Blackzim,Engaging,,
PEX6S873,GTK 500,Cheers,Lost,2017-05-19,0.0
M9OTPNII,GTX Plus Pro,Donware,Won,2017-05-20,6177.0
EZRICI17,MG Advanced,Rundofase,Lost,2017-06-28,0.0
7PXJ92C5,GTXPro,,Engaging,,
BAXENBTS,GTXPro,Finjob,Lost,2017-05-06,0.0
086279IX,GTXPro,Kan-code,Won,2017-06-14,4369.0
6EEC9HQQ,GTXPro,Y-corporation,Won,2017-05-21,4878.0
MHN0SWM2,GTX Plus Pro,Genco Pura Olive Oil Company,Won,2017-06-21,4527.0
8SKE4TT5,GTX Plus Basic,Xx-holding,Lost,2017-05-30,0.0
IGELOJ42,GTX Plus Pro,Cancity,Won,2017-06-03,6102.0
0LMA8GMJ,GTX Plus Pro,Bubba Gump,Won,2017-05-10,4983.0
E40RN3MN,MG Special,Isdom,Won,2017-03-25,47.0
093R7PK9,MG Special,Zoomit,Won,2017-06-11,52.0
I8A9OXP2,GTXPro,Gekko & Co,Won,2017-06-25,5031.0
7IFEKEMG,MG Special,Bioplex,Won,2017-06-06,53.0
4XZ4RY1N,GTX Plus Basic,,Engaging,,
K2KK9SW2,GTX Basic,Inity,Won,2017-05-02,550.0
Z0RLNFVY,GTX Plus Basic,,Engaging,,
8SIG4C8X,GTXPro,Donquadtech,Won,2017-06-06,5223.0
K4ETVW4H,MG Special,Betasoloin,Won,2017-05-12,53.0
YA2NDY1H,GTXPro,Bluth Company,Won,2017-05-17,4519.0
G6DYTQQE,GTXPro,Vehement Capital Partners,Won,2017-06-01,4833.0
RQULJHTU,GTX Plus Pro,,Engaging,,
RZZ9K7UN,GTX Plus Pro,Zencorporation,Won,2017-06-29,5407.0
3918OU6O,GTX Basic,Rundofase,Lost,2017-05-02,0.0
YZ9ZKK3P,MG Special,Finjob,Won,2017-05-08,56.0
GK1NH8G7,GTX Basic,Iselectrics,Engaging,,
OPCLCCQH,GTX Plus Basic,Konex,Engaging,,
E1921PBZ,GTX Basic,Finjob,Won,2017-05-23,468.0
0E761F02,GTX Basic,Kan-code,Won,2017-05-02,579.0
HDBNC8W1,MG Advanced,Treequote,Won,2017-06-11,3185.0
WFCEPHD3,GTXPro,,Engaging,,
KP6NOWM7,MG Special,Cheers,Won,2017-06-03,54.0
HPYLUU5P,MG Special,Newex,Won,2017-06-26,62.0
I7AH5FW0,GTX Basic,dambase,Lost,2017-05-23,0.0
RSFYKC1F,GTX Basic,Betatech,Won,2017-06-25,619.0
RMW0TRSZ,MG Special,Golddex,Lost,2017-05-20,0.0
GNENBXRW,MG Special,Hatfan,Lost,2017-05-17,0.0
L20NI94X,MG Advanced,Xx-holding,Lost,2017-06-05,0.0
AF7XJNED,GTX Plus Pro,,Engaging,,
CG65AS6X,GTXPro,Xx-holding,Won,2017-03-29,4408.0
9XV6GX8D,GTX Basic,Cheers,Won,2017-06-07,605.0
IDIMBX0N,GTX Plus Pro,Genco Pura Olive Oil Company,Won,2017-03-26,6064.0
W75XU368,GTX Basic,Plussunin,Won,2017-06-17,641.0
WIY2Q0Q5,GTX Basic,Vehement Capital Partners,Won,2017-05-17,491.0
EJDHOY6M,GTX Basic,,Engaging,,
DF1011UT,GTX Plus Basic,Konmatfix,Engaging,,
7V1FQBL9,GTXPro,Plussunin,Lost,2017-05-03,0.0
4PXSBQU8,MG Special,Codehow,Won,2017-05-27,47.0
QRKHWNRB,MG Special,Faxquote,Won,2017-06-25,63.0
1YGNHE69,MG Advanced,Sumace,Won,2017-05-18,3291.0
IBS3H6Z4,GTX Plus Basic,,Engaging,,
TAEUD0HP,GTX Plus Basic,Singletechno,Won,2017-06-10,1188.0
04YGLJ3N,GTX Plus Pro,,Engaging,,
72TBO2HA,GTX Basic,Cheers,Lost,2017-05-08,0.0
FCW4SAAP,GTX Basic,Scotfind,Won,2017-06-11,478.0
DEH0MYSO,MG Special,Green-Plus,Won,2017-05-24,60.0
PEVJ6O6R,GTXPro,Silis,Won,2017-03-27,4064.0
T02CX0BY,MG Advanced,Ontomedia,Won,2017-03-31,2550.0
IN9S33CD,GTX Plus Pro,Finhigh,Engaging,,
SSX3QRTB,MG Special,Bioplex,Lost,2017-05-08,0.0
UBX7TMQG,GTX Plus Pro,Dontechi,Lost,2017-05-10,0.0
RR5AMWPQ,MG Special,Genco Pura Olive Oil Company,Lost,2017-05-16,0.0
FHLNW3WH,MG Advanced,Statholdings,Won,2017-06-21,3378.0
1GT10YJD,GTX Plus Pro,,Engaging,,
4UZCVHEV,GTX Basic,,Engaging,,
DJH67UIZ,MG Special,,Engaging,,
7VGJ2B7O,MG Special,,Engaging,,
IAVMELUO,GTXPro,Gekko & Co,Won,2017-05-30,6135.0
PRMMZX9O,GTX Plus Basic,Newex,Won,2017-06-02,999.0
ZZFES7ID,MG Special,Singletechno,Won,2017-06-05,52.0
G7PNQB9M,GTX Plus Basic,Warephase,Lost,2017-05-25,0.0
Z0R5O2VW,GTX Plus Pro,Donware,Lost,2017-05-24,0.0
VS0TWECS,GTX Basic,Plussunin,Won,2017-06-18,530.0
XN7EV14M,GTX Basic,Konmatfix,Won,2017-05-09,538.0
P5BRH80Z,MG Special,Rundofase,Won,2017-03-27,53.0
CQVDJR45,GTXPro,Scottech,Won,2017-06-12,5416.0
QUFCX2MF,MG Special,Scotfind,Lost,2017-05-27,0.0
RW13VT8T,GTX Plus Pro,Mathtouch,Won,2017-05-11,4995.0
H2IOHZ8R,GTX Basic,,Engaging,,
5LJ47CVS,GTX Basic,Sonron,Lost,2017-06-22,0.0
87XTACKH,GTX Plus Basic,Bioholding,Won,2017-05-26,1137.0
0Z2CQ0MQ,GTX Basic,Sonron,Won,2017-03-28,453.0
4SK6YLB0,GTX Plus Basic,Hottechi,Won,2017-05-27,1065.0
EVVX3PQ5,GTXPro,Singletechno,Won,2017-05-04,4373.0
9Y3JDP1B,MG Advanced,Labdrill,Won,2017-06-19,2560.0
ACB3QZAY,GTXPro,Singletechno,Lost,2017-06-04,0.0
COWC9H9T,GTX Plus Basic,Groovestreet,Won,2017-03-31,1171.0
ZTHMJWYZ,MG Special,Konex,Won,2017-06-22,53.0
MMGWAWBA,GTX Plus Pro,Treequote,Won,2017-06-02,6553.0
8LPO6YCO,MG Advanced,Betatech,Won,2017-05-07,3542.0
I7MDOGGU,GTX Basic,,Engaging,,
CDUIUYY2,MG Advanced,Finhigh,Won,2017-06-11,3619.0
10IY4PV4,MG Advanced,,Engaging,,
A1TDRYHZ,MG Advanced,Rangreen,Engaging,,
2JY9SQ2L,MG Special,,Engaging,,
9328IHHL,MG Advanced,Bluth Company,Won,2017-05-18,3589.0
ZFB7CBR6,GTX Plus Pro,Plexzap,Won,2017-05-13,6262.0
3N3RAHXR,GTX Plus Basic,Nam-zim,Engaging,,
6RJE18RW,GTX Plus Basic,Acme Corporation,Won,2017-03-24,1161.0
GK86H0SK,GTXPro,Umbrella Corporation,Won,2017-03-28,4975.0
QXU90OP8,GTX Basic,Zotware,Won,2017-03-22,586.0
NXXSU27K,MG Special,The New York Inquirer,Won,2017-03-25,41.0
RACLHBXN,GTX Plus Basic,,Engaging,,
06YL7WVJ,GTX Plus Basic,Ron-tech,Won,2017-03-21,929.0
K4Y8R0FX,MG Special,Streethex,Won,2017-06-04,65.0
F8O0IY28,GTX Basic,Zencorporation,Won,2017-03-30,574.0
8T8J06EL,GTXPro,Condax,Lost,2017-06-26,0.0
3AE6GW2D,GTXPro,Streethex,Lost,2017-05-09,0.0
T0SEVT4K,MG Advanced,Labdrill,Won,2017-06-16,3028.0
36VPT9RZ,GTX Basic,Singletechno,Won,2017-03-26,403.0
R2RL1Y49,GTX Basic,Sonron,Lost,2017-05-16,0.0
7Q7SA3EK,MG Advanced,Kan-code,Won,2017-06-07,3290.0
THKCN7HU,GTX Basic,,Engaging,,
6JI36HIE,MG Advanced,Sonron,Lost,2017-06-23,0.0
B5CBSTM5,MG Advanced,Golddex,Won,2017-03-29,3550.0
SNBYNW8H,MG Advanced,Rangreen,Won,2017-06-23,3657.0
IEN6RBZI,GTX Plus Basic,Zotware,Won,2017-06-24,1046.0
9P026O47,MG Special,Warephase,Won,2017-05-27,50.0
AJLNEUVY,MG Advanced,Funholding,Won,2017-03-27,2871.0
LJIAOC0Q,MG Special,Bioplex,Won,2017-06-04,52.0
PD2198ZH,GTXPro,,Engaging,,
2BYD4WQ7,MG Special,Funholding,Lost,2017-05-19,0.0
HP6DSCMH,GTX Basic,Kan-code,Won,2017-06-12,564.0
FM4S93O6,GTX Plus Pro,Donware,Lost,2017-05-23,0.0
ALHQU8W8,GTX Basic,Plexzap,Engaging,,
GGPSSI5Q,MG Advanced,Ganjaflex,Won,2017-06-02,3780.0
4D95LU0H,GTX Basic,dambase,Won,2017-06-24,491.0
KA79LTFF,GTX Basic,Dontechi,Won,2017-03-30,604.0
OBBVVO9O,GTK 500,Singletechno,Lost,2017-05-27,0.0
83HX5CIJ,GTX Basic,Sonron,Lost,2017-03-23,0.0
SGV1FR3O,GTX Basic,Cheers,Won,2017-06-23,568.0
TJ6U9HZ3,GTX Basic,Singletechno,Won,2017-06-24,601.0
K72CEXGZ,GTX Plus Basic,,Engaging,,
1N99TLIA,MG Advanced,Blackzim,Lost,2017-06-02,0.0
JYE2QFGE,GTX Plus Pro,Genco Pura Olive Oil Company,Won,2017-05-06,5616.0
IEOMRMWW,GTXPro,Zotware,Lost,2017-06-28,0.0
ZW7N89K3,GTXPro,Faxquote,Lost,2017-05-18,0.0
MIU04JC2,MG Special,dambase,Lost,2017-06-21,0.0
VF2OKZY5,MG Advanced,Scotfind,Lost,2017-06-12,0.0
QSBKLWSW,GTX Basic,Opentech,Won,2017-06-29,542.0
0GTJE2VQ,GTX Basic,Gekko & Co,Won,2017-06-14,497.0
H91G4MYP,GTXPro,J-Texon,Won,2017-05-22,5443.0
DDBH2FPP,GTX Plus Basic,Rangreen,Won,2017-06-16,1037.0
P1SGQODJ,GTX Plus Basic,Rangreen,Engaging,,
N8F2PFQP,GTX Plus Basic,Betasoloin,Won,2017-04-03,992.0
WELHHO3U,GTX Plus Basic,Stanredtax,Won,2017-03-30,966.0
CUAYGT78,MG Advanced,Zotware,Lost,2017-06-26,0.0
9KDR9PQX,GTX Plus Pro,Vehement Capital Partners,Lost,2017-04-01,0.0
8A5HA974,GTX Basic,Warephase,Lost,2017-04-01,0.0
M1L0IWB6,MG Advanced,Ron-tech,Won,2017-05-11,3232.0
I2U6MKUT,GTX Basic,Ganjaflex,Won,2017-05-29,548.0
5C8HCDXT,MG Advanced,,Engaging,,
RK6UFTI8,MG Advanced,Plussunin,Lost,2017-03-26,0.0
ECOU1XXZ,MG Special,Ron-tech,Won,2017-05-30,52.0
9FPDDSIJ,GTXPro,,Engaging,,
4RDJBBB6,MG Special,,Engaging,,
OTDDPHWJ,GTXPro,Genco Pura Olive Oil Company,Lost,2017-05-28,0.0
20N9WSRC,GTXPro,Globex Corporation,Lost,2017-05-23,0.0
IJ4GXGCU,GTXPro,Isdom,Won,2017-03-30,5109.0
GZCWM6GK,MG Special,Statholdings,Engaging,,
U0G8KIPB,MG Special,Codehow,Won,2017-06-21,49.0
2YVVZN5L,GTX Plus Basic,Konmatfix,Lost,2017-05-03,0.0
3JUL12VK,GTX Basic,,Engaging,,
TGW7OYMD,GTX Basic,Kan-code,Won,2017-06-25,447.0
XJ9RQU4K,MG Advanced,Isdom,Won,2017-06-14,3430.0
9Y85N0W5,MG Advanced,,Engaging,,
4TRMURKI,GTX Basic,Condax,Lost,2017-06-18,0.0
TJXY9DQG,MG Advanced,Donquadtech,Won,2017-06-10,3245.0
DV9ZB9KL,GTX Basic,Bioholding,Lost,2017-03-27,0.0
J712QVSG,MG Special,Ron-tech,Won,2017-03-26,61.0
LCBVIPRA,MG Special,Golddex,Won,2017-06-29,60.0
8GE7FY98,GTXPro,,Engaging,,
88R08IL1,MG Special,Kan-code,Lost,2017-04-01,0.0
4U9D1IZ5,GTX Basic,,Engaging,,
WNMF0OHM,GTX Plus Pro,dambase,Won,2017-04-01,5060.0
I0D1O3GX,GTX Basic,Xx-zobam,Lost,2017-04-01,0.0
PO158L29,GTX Basic,Blackzim,Engaging,,
7LNGJB3S,GTX Basic,Kan-code,Won,2017-04-01,585.0
AVD2WQZY,GTXPro,Sumace,Lost,2017-06-11,0.0
UD9V38LV,GTXPro,Betasoloin,Lost,2017-05-19,0.0
JMTO8BPQ,GTXPro,Hottechi,Lost,2017-04-03,0.0
06YBVWXZ,GTXPro,Condax,Lost,2017-04-03,0.0
ODGKZEVV,GTXPro,,Engaging,,
1VCAS7FL,MG Special,Condax,Lost,2017-04-05,0.0
G2TASA8C,MG Special,Dontechi,Lost,2017-06-15,0.0
CRW2CCMB,GTX Basic,Nam-zim,Won,2017-06-05,572.0
7FER10E1,MG Special,Golddex,Won,2017-06-08,54.0
K96NUCWR,GTX Basic,Dontechi,Lost,2017-04-01,0.0
SE609QTE,MG Special,Stanredtax,Won,2017-05-05,60.0
CT9XECID,MG Advanced,Zumgoity,Won,2017-04-01,3251.0
SUO8VZQ8,GTX Plus Pro,Lexiqvolax,Won,2017-06-14,5930.0
9LX9MAPU,GTX Plus Basic,Mathtouch,Won,2017-04-01,941.0
PHP5V833,GTX Basic,Cancity,Lost,2017-05-18,0.0
7XEB6TFB,MG Special,Scottech,Won,2017-06-06,56.0
KV9LW061,MG Advanced,Codehow,Won,2017-04-04,3445.0
M41NS5DN,GTX Plus Pro,,Engaging,,
QIHWKCFK,MG Advanced,Singletechno,Engaging,,
8RZ1A49O,MG Special,Bioholding,Won,2017-03-31,54.0
GEJLL5L3,GTX Basic,,Engaging,,
V4EKF9RF,MG Advanced,Mathtouch,Won,2017-03-31,3498.0
VJ1EK4A3,GTX Basic,Vehement Capital Partners,Won,2017-04-02,540.0
65B8HSTW,GTXPro,Gekko & Co,Won,2017-04-02,4986.0
KIJB458K,GTX Plus Pro,Toughzap,Lost,2017-04-03,0.0
8PHJ7N4E,GTX Plus Pro,Domzoom,Won,2017-05-15,5214.0
EDAJ0YEW,GTXPro,Isdom,Won,2017-03-30,4794.0
KMB8TJ0I,MG Advanced,,Engaging,,
9X5HUUJ5,GTX Plus Basic,Kan-code,Lost,2017-04-02,0.0
CR6ZLEWC,GTX Plus Pro,,Engaging,,
21S1ETXM,GTX Plus Basic,Scotfind,Lost,2017-04-03,0.0
54JFGNXN,GTX Basic,Cancity,Won,2017-05-27,648.0
WLXPA3LB,MG Advanced,Dontechi,Won,2017-06-30,3040.0
3WQMBMSN,GTX Plus Basic,Treequote,Won,2017-06-30,1185.0
XIKWT7HM,MG Special,Finhigh,Won,2017-03-26,48.0
J9QQVBQX,GTX Plus Basic,J-Texon,Lost,2017-04-01,0.0
I51MJ7PP,GTX Plus Basic,Cheers,Won,2017-06-30,1021.0
V690FQG4,GTX Plus Basic,Scotfind,Won,2017-05-26,1264.0
OSB9S3PI,MG Special,Zumgoity,Lost,2017-05-23,0.0
JWRSTAU8,GTX Basic,Ron-tech,Won,2017-06-12,503.0
YYAZ4JBY,GTXPro,Ganjaflex,Won,2017-04-03,4440.0
8SEGAAT7,GTX Plus Basic,Inity,Lost,2017-04-03,0.0
4L36DJTM,MG Special,Rangreen,Won,2017-04-02,52.0
YB20NWM1,MG Special,,Engaging,,
7Z3S4XV9,GTX Basic,Konex,Lost,2017-04-03,0.0
SQOW8W0G,GTX Basic,Initech,Lost,2017-05-05,0.0
W3LGBNI2,MG Special,Gekko & Co,Lost,2017-04-06,0.0
J2B3UZXA,GTX Basic,Gekko & Co,Won,2017-03-26,499.0
43LFUTVM,GTX Plus Pro,,Engaging,,
VH78FLDN,GTXPro,Cheers,Lost,2017-04-03,0.0
KZKMLY96,GTX Plus Basic,Condax,Won,2017-03-29,1159.0
9BGKQZ3H,MG Special,Domzoom,Lost,2017-04-03,0.0
H6NJKV4F,GTX Plus Pro,Betasoloin,Won,2017-05-20,5479.0
CMS1HUGL,MG Advanced,,Engaging,,
6R6S91WE,GTXPro,,Engaging,,
L69Q015M,GTXPro,Zotware,Won,2017-05-19,4555.0
RX3F3VIU,MG Special,Hottechi,Lost,2017-04-02,0.0
R5I9AAFG,MG Special,Fasehatice,Lost,2017-05-25,0.0
JQ3HJFNA,GTX Plus Basic,Initech,Won,2017-03-28,1026.0
XCC1C1GG,GTX Basic,Stanredtax,Won,2017-04-03,503.0
WI1HQSIS,GTX Plus Basic,Streethex,Won,2017-06-14,1144.0
LCTI4CFV,MG Special,Genco Pura Olive Oil Company,Won,2017-06-16,55.0
3T64Z7DB,GTX Basic,,Engaging,,
3F2ZPCSL,GTX Plus Basic,,Engaging,,
8GMDSXYY,MG Advanced,Kan-code,Won,2017-04-06,3181.0
QLTDWAEM,MG Special,Scottech,Won,2017-06-19,54.0
XFB1VXQY,MG Advanced,,Engaging,,
UB8M6I5R,GTXPro,Singletechno,Won,2017-06-30,3959.0
EBTJPEEY,GTX Basic,Streethex,Won,2017-05-31,571.0
ATW70WX1,GTXPro,Donquadtech,Lost,2017-04-05,0.0
9DBMY3OF,GTX Basic,Kan-code,Lost,2017-04-04,0.0
HRV9DSYF,GTX Basic,Blackzim,Won,2017-04-03,545.0
MNC7Q3JJ,GTX Basic,Labdrill,Won,2017-06-21,554.0
TJ03NDNX,MG Advanced,Iselectrics,Engaging,,
E3WWC6FJ,MG Special,Yearin,Won,2017-04-02,68.0
QKKZQJ46,MG Special,Zencorporation,Won,2017-06-16,52.0
VRYR5A81,GTX Basic,Finhigh,Engaging,,
M52B4VC5,MG Special,Globex Corporation,Lost,2017-04-04,0.0
Z72Y3C3C,MG Special,Dontechi,Won,2017-04-04,54.0
FQPPZ9NQ,MG Advanced,Donware,Won,2017-05-25,3822.0
DUHS8KVY,GTX Plus Basic,The New York Inquirer,Won,2017-04-05,971.0
M72CT8RN,GTX Plus Pro,Donware,Won,2017-04-05,6024.0
XBFTCRLN,GTXPro,Stanredtax,Won,2017-04-04,4820.0
3ZILMRQK,GTX Plus Pro,Kinnamplus,Lost,2017-05-28,0.0
FZ72CGOI,GTXPro,Plussunin,Lost,2017-06-25,0.0
72HZ4LDT,MG Advanced,Ganjaflex,Won,2017-04-02,2940.0
J6OQS0AU,MG Advanced,,Engaging,,
4X3LNCWH,MG Special,Doncon,Won,2017-04-04,49.0
97PFKCPG,GTXPro,,Engaging,,
FB9M4FR7,MG Special,,Engaging,,
CMPFB2PS,GTX Basic,Conecom,Lost,2017-04-02,0.0
61HW4ELT,GTX Plus Basic,Finjob,Lost,2017-05-31,0.0
F481S8G3,GTX Basic,J-Texon,Won,2017-05-22,545.0
5G4I94TF,GTX Plus Pro,Statholdings,Engaging,,
677XNEFB,MG Special,Y-corporation,Won,2017-06-18,58.0
7L0S5EON,MG Advanced,Streethex,Lost,2017-04-03,0.0
A3D8MRDX,GTXPro,Dontechi,Won,2017-05-12,4280.0
YE6R6I1K,MG Advanced,Umbrella Corporation,Won,2017-05-29,2880.0
JXUXBANJ,GTK 500,Y-corporation,Won,2017-04-05,25288.0
UWPUJESS,MG Special,Hottechi,Lost,2017-05-25,0.0
HSTXUOVW,MG Special,Hatfan,Lost,2017-05-06,0.0
2ZT298DY,GTX Basic,Goodsilron,Lost,2017-04-04,0.0
Z769EPTS,GTX Basic,Hottechi,Lost,2017-05-14,0.0
GOIVV4OG,MG Advanced,Zumgoity,Won,2017-05-29,3267.0
CJOU1RYX,GTX Plus Pro,Betasoloin,Won,2017-06-09,5182.0
5OVTFUNQ,GTXPro,Cancity,Lost,2017-04-05,0.0
0RNYAI6O,MG Special,Statholdings,Lost,2017-04-07,0.0
NSI9TMQ1,GTXPro,Zencorporation,Lost,2017-05-31,0.0
2QQD7411,GTX Basic,Y-corporation,Won,2017-05-25,540.0
XR57MBVC,MG Advanced,Finjob,Won,2017-05-01,3492.0
8BY9YRL9,GTX Plus Pro,dambase,Won,2017-06-26,5991.0
7PWQUE7O,GTX Basic,Lexiqvolax,Lost,2017-04-02,0.0
ELCQKUQU,MG Advanced,Konex,Lost,2017-04-06,0.0
CVPH0J04,GTXPro,Sunnamplex,Won,2017-06-26,4968.0
H8CLNRM2,GTXPro,Konex,Won,2017-05-26,5006.0
MJBD6V39,MG Special,Conecom,Lost,2017-05-01,0.0
GQQ01OO5,GTX Plus Pro,Zotware,Lost,2017-05-15,0.0
B85LVFR1,GTXPro,Mathtouch,Won,2017-04-05,5363.0
U8XA7JCO,MG Special,dambase,Won,2017-06-28,49.0
0QPZIIPF,GTX Plus Basic,Donware,Engaging,,
2GR73FEV,GTX Plus Basic,Fasehatice,Lost,2017-04-03,0.0
AV4ZPXE3,MG Advanced,Doncon,Won,2017-04-03,4253.0
X8QV83G1,MG Special,Codehow,Lost,2017-04-08,0.0
T1ZYZ70B,MG Special,Codehow,Lost,2017-06-08,0.0
RO6QLRCX,GTX Basic,Plussunin,Won,2017-05-30,422.0
6FT804V9,GTX Basic,Hottechi,Lost,2017-04-06,0.0
SKTAI2GS,GTX Plus Basic,Codehow,Won,2017-04-08,1056.0
YIGSYPWD,GTXPro,Bioplex,Lost,2017-04-07,0.0
9IP0C0IR,GTXPro,Ganjaflex,Lost,2017-05-28,0.0
E06J9PDT,GTXPro,Dontechi,Lost,2017-04-06,0.0
3OLESA9M,MG Advanced,Inity,Lost,2017-04-03,0.0
3O7PIS8O,MG Advanced,Warephase,Won,2017-04-09,3665.0
FAV4HHP4,GTXPro,Donquadtech,Won,2017-06-03,4329.0
LOMFB71Q,MG Special,Finhigh,Lost,2017-04-03,0.0
C334XDK8,MG Special,Goodsilron,Won,2017-04-08,58.0
R707GGNA,GTX Plus Pro,Y-corporation,Won,2017-06-26,7356.0
EP81D4IN,GTXPro,Fasehatice,Won,2017-06-25,4066.0
UWZ7DFKY,MG Special,Condax,Won,2017-06-06,55.0
7SH51ME1,MG Advanced,Zoomit,Won,2017-06-27,3738.0
DFFEQ87N,MG Special,Scottech,Engaging,,
QPH1YUAN,GTX Basic,Hottechi,Lost,2017-04-04,0.0
7PV7V1RP,MG Advanced,Labdrill,Lost,2017-05-26,0.0
C2WEF4XH,GTX Plus Basic,Y-corporation,Won,2017-05-15,888.0
5G645WYV,GTX Plus Pro,Bioholding,Won,2017-04-07,5447.0
5M3Z5DS4,GTX Plus Pro,Globex Corporation,Won,2017-04-05,5972.0
CR20TBUT,GTXPro,Cheers,Won,2017-04-02,4855.0
M5E8U8HP,MG Advanced,Xx-zobam,Won,2017-05-29,3395.0
BXK5HGEY,MG Special,,Engaging,,
XXUGTDX7,MG Special,,Engaging,,
LWXHKI88,MG Special,,Engaging,,
9VEB4KWV,MG Special,Bioplex,Lost,2017-04-07,0.0
9S7VQ79A,GTX Plus Basic,Goodsilron,Won,2017-03-30,1084.0
1MQFYGEE,MG Advanced,Inity,Won,2017-06-03,3670.0
4G10PCOZ,GTX Plus Basic,Initech,Lost,2017-04-02,0.0
DLZYL69K,GTX Plus Pro,Gekko & Co,Won,2017-06-02,5304.0
KYQ50DTU,GTX Plus Pro,Treequote,Lost,2017-04-06,0.0
FRIVBOOA,GTXPro,Conecom,Won,2017-06-16,3844.0
7ASDRLM5,GTX Basic,Acme Corporation,Won,2017-05-11,549.0
0HB6OUIN,GTXPro,Condax,Lost,2017-05-20,0.0
UWK0KA56,MG Advanced,Stanredtax,Lost,2017-04-05,0.0
CCVCBR83,GTX Basic,Hottechi,Won,2017-04-05,553.0
I6U62W0R,GTX Basic,,Engaging,,
SV2VJ3VH,GTX Plus Basic,Plexzap,Lost,2017-05-05,0.0
ASL3FJZP,MG Advanced,Faxquote,Won,2017-04-07,3523.0
EB89ONZN,GTXPro,Funholding,Engaging,,
0S4K915N,GTX Basic,Konex,Lost,2017-05-20,0.0
8IJOC37Z,GTX Basic,Hottechi,Won,2017-06-28,424.0
28BIO7F9,GTX Basic,Konmatfix,Won,2017-06-02,490.0
9B5T5QTA,GTXPro,Konex,Lost,2017-04-04,0.0
9ZDFLOKA,MG Special,Green-Plus,Won,2017-04-07,48.0
8FXUNDUS,MG Advanced,Hottechi,Won,2017-05-26,3982.0
MLC5KY2R,MG Advanced,Finjob,Lost,2017-06-11,0.0
98YPUABG,GTX Plus Pro,Sonron,Lost,2017-04-06,0.0
181X64EU,GTX Plus Basic,Goodsilron,Won,2017-04-09,1176.0
XLKL4EI0,GTX Basic,Betasoloin,Lost,2017-04-10,0.0
5RUF6451,GTX Basic,Kinnamplus,Won,2017-04-04,589.0
G67668KN,GTX Plus Pro,Singletechno,Lost,2017-05-16,0.0
4SAUJMOI,GTX Basic,Vehement Capital Partners,Lost,2017-04-01,0.0
B2H3P25L,GTX Plus Pro,Xx-zobam,Lost,2017-04-07,0.0
DF19VWL4,GTXPro,The New York Inquirer,Won,2017-04-06,4276.0
ZIZXHX09,MG Advanced,Silis,Won,2017-04-07,3390.0
70GGNRPB,GTX Basic,Bioholding,Lost,2017-04-11,0.0
0VYX8TN3,MG Special,dambase,Lost,2017-04-09,0.0
JPJ3A9T8,GTX Basic,Dontechi,Won,2017-05-19,541.0
1A86ZD0B,GTX Plus Pro,Ganjaflex,Won,2017-06-26,5189.0
PMQ4M2UX,GTXPro,Ganjaflex,Lost,2017-04-07,0.0
OFQCCQ6I,GTX Plus Pro,Xx-zobam,Won,2017-06-23,6920.0
3Z2BQVQ7,GTX Basic,Condax,Lost,2017-04-01,0.0
57FO8KSQ,GTX Plus Basic,Isdom,Lost,2017-04-07,0.0
3VQOFPW7,MG Advanced,Globex Corporation,Lost,2017-05-17,0.0
HMKFBTYR,GTX Basic,Bioholding,Won,2017-06-20,600.0
RMO3I92N,GTX Plus Basic,Bubba Gump,Lost,2017-04-11,0.0
2AV40FHB,GTXPro,Konex,Lost,2017-04-01,0.0
OUR875IK,GTX Basic,Xx-zobam,Won,2017-04-06,564.0
LUFY70BU,GTK 500,Goodsilron,Lost,2017-04-04,0.0
1OUHMFJV,GTX Plus Basic,Zathunicon,Won,2017-05-31,1037.0
GMNQUFQZ,GTX Basic,Hottechi,Won,2017-04-01,500.0
YWF7W7H8,GTX Plus Pro,Hottechi,Won,2017-04-07,5728.0
120BESB3,MG Advanced,Kan-code,Lost,2017-04-09,0.0
HPSSENGT,GTXPro,Statholdings,Lost,2017-04-06,0.0
8TXOC3S3,MG Advanced,Scottech,Lost,2017-04-11,0.0
N55VF08D,MG Special,Finhigh,Won,2017-05-20,54.0
265SZR01,GTX Basic,Xx-holding,Won,2017-06-19,501.0
NFMCPYOV,GTX Basic,Finjob,Engaging,,
NKO2JRRS,GTX Plus Pro,Umbrella Corporation,Won,2017-04-08,6155.0
WW3NDCO2,GTX Plus Pro,Zathunicon,Won,2017-04-08,4668.0
DGPI60HG,GTX Plus Pro,Zumgoity,Won,2017-06-09,5017.0
06DUY829,MG Special,Ron-tech,Won,2017-04-08,59.0
2VDN72EP,GTX Basic,,Engaging,,
HOG5OE78,GTXPro,Fasehatice,Lost,2017-04-08,0.0
PLM5WEY4,MG Advanced,Plexzap,Won,2017-04-06,3316.0
Z9QZKUV5,GTX Basic,Zumgoity,Engaging,,
EWQVZB85,GTX Plus Pro,Plexzap,Won,2017-04-10,6227.0
SFFFNT6B,MG Special,Treequote,Lost,2017-04-07,0.0
99AAJPQN,MG Special,Condax,Won,2017-06-15,58.0
JW2FHT1G,MG Advanced,dambase,Won,2017-04-08,3626.0
08KE6ZQN,MG Advanced,Vehement Capital Partners,Won,2017-04-01,2819.0
WW1WV7IT,GTXPro,Cancity,Engaging,,
0WVCRCOU,GTXPro,Xx-zobam,Lost,2017-04-01,0.0
V5QIL0HU,GTXPro,Zencorporation,Lost,2017-04-07,0.0
T0VJ4AMX,GTX Basic,Green-Plus,Engaging,,
WLS5J30E,MG Special,Inity,Engaging,,
F52YEFJ8,GTX Plus Pro,Globex Corporation,Lost,2017-04-02,0.0
OZDJFUHH,GTX Plus Basic,Fasehatice,Won,2017-04-09,901.0
BUPUP2TV,MG Advanced,Doncon,Won,2017-06-04,3438.0
HTQO5XIW,GTX Basic,Faxquote,Won,2017-04-08,589.0
XCBKZWDX,MG Special,Plusstrip,Lost,2017-06-20,0.0
W7F056RK,GTXPro,Sunnamplex,Won,2017-04-01,5073.0
LIQZNH9U,GTX Plus Pro,,Engaging,,
P9LE92UR,MG Special,,Engaging,,
9LZICBEV,MG Advanced,Hottechi,Lost,2017-04-01,0.0
YAKIMBKC,GTX Basic,Konex,Won,2017-04-02,609.0
FHU2WQ2K,MG Special,Goodsilron,Won,2017-04-01,55.0
VF651O1V,MG Special,Fasehatice,Lost,2017-04-12,0.0
ISHAZTWG,GTX Plus Basic,Green-Plus,Lost,2017-04-12,0.0
0XIPT9AX,GTX Plus Pro,Condax,Won,2017-04-10,5637.0
UURLD9W8,GTX Plus Pro,Plexzap,Won,2017-04-11,5793.0
Y975VCYM,MG Special,Massive Dynamic,Lost,2017-04-12,0.0
OPYWK3XE,GTX Basic,J-Texon,Lost,2017-04-05,0.0
2VTBUOXA,MG Advanced,Dalttechnology,Lost,2017-05-30,0.0
6YEF304L,GTX Basic,Hottechi,Won,2017-04-07,520.0
6AALZVSE,MG Advanced,Finjob,Won,2017-04-02,4080.0
JF9CTPPZ,GTX Basic,Inity,Won,2017-06-30,526.0
LAH7932Y,MG Special,Scottech,Won,2017-05-17,57.0
DOGKQHQP,GTXPro,,Engaging,,
CLOSEH5L,MG Advanced,Xx-holding,Lost,2017-04-09,0.0
ZT6XPQR0,MG Special,Y-corporation,Won,2017-06-28,54.0
MUHI7FIM,MG Advanced,Sunnamplex,Won,2017-04-12,3367.0
G3SJ8X1K,MG Advanced,,Engaging,,
1WSLRC69,GTX Basic,Dalttechnology,Won,2017-04-06,430.0
ZZJ4I52J,GTX Basic,Hottechi,Won,2017-05-05,518.0
IGVGV1O5,GTX Plus Basic,Umbrella Corporation,Lost,2017-04-12,0.0
JW4Q5F4Z,MG Special,,Engaging,,
O5OCDKVH,GTX Plus Basic,Zotware,Lost,2017-04-11,0.0
KKRJ6TBY,GTXPro,Scotfind,Engaging,,
TNUCQKW6,GTXPro,Massive Dynamic,Lost,2017-04-03,0.0
T4NRIY5R,GTX Plus Pro,Bioholding,Won,2017-04-08,5798.0
5PA21ZHE,GTXPro,Betatech,Won,2017-04-10,4685.0
MCR8YCCY,MG Advanced,Genco Pura Olive Oil Company,Won,2017-06-17,3228.0
N4PVP6C0,GTX Basic,Initech,Lost,2017-04-03,0.0
8INCUUGJ,GTX Basic,Plexzap,Won,2017-06-22,452.0
CKSNW8DU,GTX Plus Basic,Condax,Lost,2017-04-11,0.0
MIY4MF3R,MG Advanced,,Engaging,,
JFB4WY8C,GTX Basic,Dontechi,Won,2017-04-08,565.0
BP7JRV1O,GTX Plus Basic,Warephase,Won,2017-06-05,1184.0
OREPAY0O,GTX Plus Basic,Hatfan,Won,2017-06-22,1150.0
YLK0MRJ3,GTX Basic,Iselectrics,Engaging,,
XBSZ29VJ,GTX Plus Basic,Singletechno,Won,2017-05-24,1110.0
8BRN98H6,MG Advanced,Zumgoity,Lost,2017-04-10,0.0
VZS17M7X,MG Advanced,J-Texon,Won,2017-04-06,3817.0
49USIHDH,MG Advanced,Rundofase,Lost,2017-04-10,0.0
A89TBOY5,MG Advanced,Bioholding,Lost,2017-04-06,0.0
26XU4887,GTX Basic,Hottechi,Won,2017-04-10,531.0
QQTQFG9A,GTX Plus Pro,The New York Inquirer,Lost,2017-04-04,0.0
7O00H1TC,MG Advanced,Ontomedia,Lost,2017-04-02,0.0
LGTIXQ46,MG Special,Blackzim,Won,2017-04-07,51.0
H6I16U57,MG Advanced,Sunnamplex,Engaging,,
KJBYGG1S,GTXPro,Mathtouch,Won,2017-05-12,5106.0
IXBUR07V,MG Advanced,Genco Pura Olive Oil Company,Lost,2017-04-13,0.0
B6UWHOD4,MG Special,Stanredtax,Won,2017-04-02,60.0
20CVXRTX,GTXPro,Kinnamplus,Engaging,,
FJ6QV5XK,GTXPro,Y-corporation,Lost,2017-04-09,0.0
4DUMR5WD,GTX Plus Pro,Zotware,Lost,2017-04-09,0.0
AW3L4BTT,GTX Plus Basic,Hottechi,Lost,2017-04-02,0.0
RH805ELL,GTXPro,Hatfan,Won,2017-06-29,5079.0
7RI58VF7,GTX Basic,Streethex,Won,2017-06-20,460.0
VK9KN5PT,MG Advanced,,Engaging,,
R15SXOZA,GTX Plus Basic,Iselectrics,Lost,2017-06-24,0.0
H00Y9555,MG Advanced,Domzoom,Won,2017-04-10,3343.0
RJYMI03Q,GTX Plus Pro,Xx-zobam,Won,2017-05-28,5125.0
5PJJCTJ9,MG Advanced,Bioholding,Won,2017-04-11,3263.0
J60KKQ4B,GTX Plus Basic,Fasehatice,Won,2017-04-08,976.0
X2QRD0DC,GTXPro,Plussunin,Won,2017-04-09,4746.0
4KIZ9WJ0,GTX Plus Basic,Conecom,Lost,2017-04-03,0.0
6RQCLF28,GTX Basic,Codehow,Won,2017-04-11,507.0
DQ7GS2BN,GTX Plus Pro,,Engaging,,
T8WC5X1B,GTX Basic,Konex,Lost,2017-04-14,0.0
HO6M5P37,GTXPro,Fasehatice,Won,2017-04-09,5693.0
D5VY17OP,GTXPro,,Engaging,,
0J21WQH1,GTX Plus Basic,Fasehatice,Lost,2017-04-14,0.0
N88UFF5K,GTX Basic,Labdrill,Lost,2017-04-03,0.0
OV08QE7X,GTX Basic,Cheers,Won,2017-04-10,488.0
WJLJIWYS,GTX Basic,Rantouch,Won,2017-05-20,605.0
BED55OSG,GTXPro,,Engaging,,
QJ25CASO,GTX Plus Pro,Xx-holding,Lost,2017-05-15,0.0
GJQXUDI3,GTX Plus Basic,Funholding,Won,2017-04-11,949.0
OOGOZGGV,GTX Plus Basic,Faxquote,Won,2017-04-04,882.0
C9XJ9KHD,GTX Plus Basic,Goodsilron,Won,2017-06-22,1096.0
IWAKTMEB,GTX Basic,Donware,Lost,2017-04-10,0.0
AKT5EF0X,GTX Basic,Donware,Won,2017-08-04,572.0
89064N0X,MG Advanced,Bluth Company,Lost,2017-04-07,0.0
V7YVW4U0,GTXPro,Kinnamplus,Won,2017-04-12,3731.0
TBJ99S41,MG Special,Konmatfix,Lost,2017-04-12,0.0
QWLH0WD8,GTX Plus Basic,Hottechi,Won,2017-06-13,1214.0
JZTX4MXK,GTXPro,Sunnamplex,Won,2017-04-03,4444.0
4AHNCJ2Y,GTX Basic,Rangreen,Won,2017-06-27,524.0
H5VBBEVI,GTX Plus Basic,,Engaging,,
MB7G8DWS,GTX Plus Pro,,Engaging,,
JK75NQBD,GTX Plus Basic,Bubba Gump,Won,2017-05-20,997.0
U1BDEL90,MG Advanced,Betasoloin,Won,2017-04-10,2794.0
A9C9YCSN,MG Special,Rangreen,Won,2017-04-09,53.0
524GC3WL,MG Advanced,Globex Corporation,Won,2017-04-13,3141.0
T4ZW6SS4,MG Special,Silis,Lost,2017-04-15,0.0
FH4VP5CL,GTX Plus Basic,Bioplex,Won,2017-06-26,1109.0
K9MMOXUC,GTX Plus Pro,Iselectrics,Won,2017-04-14,5691.0
2HS1C21I,GTXPro,,Engaging,,
LV5SEMZQ,MG Special,Nam-zim,Won,2017-04-07,52.0
50B2JN7F,MG Special,Hottechi,Lost,2017-04-10,0.0
JXS3KFKM,GTX Basic,Betatech,Won,2017-04-05,532.0
QODSAVWU,GTXPro,Isdom,Won,2017-04-04,5615.0
Q2BB73WT,GTX Plus Basic,,Engaging,,
UH3P961U,GTX Basic,Goodsilron,Lost,2017-04-04,0.0
3BQTRX5Y,GTXPro,Faxquote,Lost,2017-05-26,0.0
YTL8VNGT,GTX Basic,J-Texon,Won,2017-04-12,565.0
BL4SKUCN,GTX Basic,Ron-tech,Lost,2017-04-11,0.0
8TRT2HNF,GTX Basic,Green-Plus,Engaging,,
ZLN48IIP,GTX Basic,Iselectrics,Engaging,,
W355HYRD,GTXPro,Gekko & Co,Lost,2017-04-05,0.0
5UE0TE1R,GTXPro,Yearin,Won,2017-04-14,3991.0
RFNRVNXJ,GTXPro,Kinnamplus,Won,2017-05-20,5763.0
UTZDDOU7,MG Special,Conecom,Lost,2017-04-14,0.0
HVT28XPH,MG Special,,Engaging,,
2ZXKC707,MG Advanced,Cheers,Lost,2017-04-11,0.0
VNCFE4LQ,GTX Basic,J-Texon,Won,2017-04-15,456.0
VM0MHPAO,MG Special,,Engaging,,
28QWFYSP,MG Special,Bluth Company,Lost,2017-04-05,0.0
VIV0OXU6,GTX Basic,Domzoom,Won,2017-04-11,582.0
KVF0HK8S,MG Special,Domzoom,Won,2017-04-12,59.0
JLT2LLR3,MG Advanced,Donquadtech,Won,2017-04-09,3259.0
LXZD2PZD,GTX Plus Pro,,Engaging,,
2LF1TSPZ,GTX Basic,Ganjaflex,Lost,2017-05-10,0.0
FBJHTF91,GTX Plus Basic,Kan-code,Lost,2017-04-11,0.0
Z50GQV8I,GTX Basic,Vehement Capital Partners,Won,2017-04-11,593.0
O2CPAAF0,GTXPro,Plussunin,Won,2017-06-26,5197.0
CEOTU8PX,GTXPro,dambase,Lost,2017-04-15,0.0
2S3DHZFO,GTXPro,Konmatfix,Lost,2017-06-21,0.0
ZE1ZKD7Q,MG Special,Statholdings,Lost,2017-04-12,0.0
Y9XOOWHS,MG Advanced,Finhigh,Won,2017-06-18,3031.0
5FIGO7XN,GTXPro,Gekko & Co,Lost,2017-04-15,0.0
EFO8XWXE,GTXPro,Zencorporation,Won,2017-05-25,5244.0
BPOTQCFG,MG Special,,Engaging,,
62R8ERQ0,MG Special,Green-Plus,Lost,2017-04-10,0.0
HYCELUAD,GTX Plus Pro,Ontomedia,Won,2017-06-20,5946.0
MJZP9WYC,GTX Plus Basic,Golddex,Lost,2017-04-08,0.0
JNYS6BIJ,GTX Plus Pro,Labdrill,Lost,2017-04-11,0.0
LUT9KYJA,GTXPro,Singletechno,Won,2017-06-06,4335.0
DIWC1AHU,GTX Plus Pro,Finhigh,Lost,2017-04-06,0.0
ILYP3YGW,GTXPro,Konmatfix,Won,2017-04-06,5063.0
0XC4DR3F,GTXPro,Streethex,Won,2017-04-10,5032.0
3ZM8BJQO,GTXPro,Labdrill,Won,2017-05-31,4398.0
AM5J5QPK,GTXPro,Scotfind,Won,2017-04-06,4449.0
DRFUPEOU,GTX Plus Pro,Blackzim,Lost,2017-05-10,0.0
I19TOSXS,GTX Basic,Treequote,Lost,2017-04-06,0.0
DWO4HD34,MG Advanced,Isdom,Lost,2017-04-15,0.0
4YH4JR1Q,MG Special,Funholding,Won,2017-05-31,50.0
XM4VD3NN,GTX Plus Basic,,Engaging,,
NUA0OE6Z,GTX Basic,Goodsilron,Won,2017-06-03,605.0
GDOHDB6U,MG Special,Scotfind,Won,2017-04-08,57.0
I58DG1XE,MG Advanced,Cheers,Won,2017-06-10,2882.0
YA3O04NX,MG Advanced,Gogozoom,Won,2017-06-05,3011.0
D62905BC,GTX Plus Pro,,Engaging,,
C2X9D7JO,GTX Plus Basic,Rantouch,Won,2017-04-11,1181.0
SBLP2LJB,GTX Plus Basic,Betatech,Won,2017-06-11,1067.0
3CWKBXEN,GTX Basic,Donquadtech,Lost,2017-04-13,0.0
ZG82F4GH,GTX Basic,Initech,Lost,2017-04-09,0.0
64KS4KGN,MG Special,Isdom,Won,2017-04-06,54.0
637HKAFD,GTX Basic,Plexzap,Won,2017-06-29,564.0
U9E3G8UT,GTX Plus Basic,Conecom,Lost,2017-04-06,0.0
FB1AO8SL,MG Special,Betatech,Won,2017-04-14,57.0
79LGX9EX,GTXPro,Yearin,Won,2017-06-30,5558.0
LOAYKUEO,GTX Plus Pro,Treequote,Lost,2017-04-10,0.0
EM4XNIPW,GTX Basic,Silis,Lost,2017-04-07,0.0
E6WG7J0I,GTX Plus Basic,Bubba Gump,Won,2017-04-10,1083.0
37FL55S0,GTXPro,Treequote,Won,2017-04-06,5647.0
RSXFS096,GTX Basic,Zencorporation,Lost,2017-08-07,0.0
5QSU8PQU,GTXPro,Silis,Won,2017-06-19,4648.0
N58V2ML8,MG Special,Plussunin,Won,2017-04-14,50.0
SFI9TVH3,MG Advanced,Hottechi,Lost,2017-04-07,0.0
0G65AQVC,GTX Basic,Kan-code,Lost,2017-05-30,0.0
F91QWQ1G,GTXPro,Singletechno,Lost,2017-04-07,0.0
XEP9GSSY,GTX Basic,dambase,Lost,2017-08-07,0.0
0000I7AO,GTX Basic,Rangreen,Won,2017-05-12,505.0
A0VM9Q5M,GTXPro,Doncon,Lost,2017-04-15,0.0
P9SDPJJO,GTX Basic,Green-Plus,Won,2017-04-06,450.0
NW6OPA4M,GTX Plus Pro,Blackzim,Won,2017-05-21,4983.0
ZZQB2NPD,GTX Plus Basic,Ron-tech,Won,2017-06-19,1140.0
9ILB20UV,MG Special,,Engaging,,
KG5JIU81,GTX Plus Basic,Faxquote,Lost,2017-04-07,0.0
4XGA0K6N,MG Advanced,J-Texon,Won,2017-06-22,3188.0
MV1LBCP5,GTX Basic,Silis,Lost,2017-04-06,0.0
UIFIWKNI,GTX Plus Basic,Xx-zobam,Won,2017-08-02,1091.0
MBGVOGCY,GTX Plus Pro,Bioplex,Won,2017-04-12,5095.0
2WQ5FUPR,MG Special,Condax,Won,2017-08-02,51.0
DA6LGJ66,MG Special,Green-Plus,Won,2017-06-19,62.0
OJSYLHMZ,GTX Basic,Zoomit,Won,2017-06-28,550.0
QO6CI3P4,MG Special,Gekko & Co,Won,2017-04-07,45.0
PNO7D8PD,GTX Basic,,Engaging,,
HJP5X1MT,GTX Basic,Dontechi,Won,2017-06-09,527.0
JO4MF90Q,GTX Basic,Kinnamplus,Lost,2017-04-15,0.0
RX95UPUC,GTX Plus Basic,Xx-zobam,Lost,2017-05-30,0.0
2GV66JA7,MG Advanced,,Engaging,,
0SMQAD34,MG Advanced,Domzoom,Lost,2017-04-08,0.0
THMEDL51,MG Special,Rundofase,Won,2017-04-14,64.0
94B4785B,MG Advanced,Plussunin,Won,2017-04-15,3655.0
AKMV6WN5,GTK 500,,Engaging,,
HPIKEMB9,MG Special,,Engaging,,
SLN6HHLD,MG Special,Bioholding,Lost,2017-04-16,0.0
MU3PM8ON,MG Advanced,Rundofase,Lost,2017-04-13,0.0
U0E0XHK9,MG Advanced,,Engaging,,
E6GVZ30Q,GTX Basic,Finjob,Won,2017-05-21,561.0
8254HM4E,GTX Plus Basic,,Engaging,,
QVWM8LUB,GTX Basic,Hatfan,Lost,2017-08-06,0.0
7C2HU8OC,GTX Plus Basic,Faxquote,Lost,2017-04-16,0.0
74P8ZFDD,GTX Plus Pro,Plexzap,Won,2017-04-07,6154.0
MB3376Q1,GTXPro,Cheers,Won,2017-04-12,4756.0
RSAGMF10,GTX Basic,Streethex,Lost,2017-04-14,0.0
3N6VGWVS,MG Special,Gogozoom,Won,2017-05-30,61.0
KG61YJ92,GTX Basic,Warephase,Won,2017-06-24,575.0
Z4A1R9CJ,GTX Plus Basic,Finhigh,Won,2017-05-22,1147.0
I6ZWBDU6,MG Advanced,Funholding,Won,2017-06-12,3161.0
3DB2J8UR,GTX Basic,Isdom,Lost,2017-04-16,0.0
6ER2KL7X,MG Advanced,Condax,Lost,2017-04-14,0.0
CBTC7BHL,GTX Basic,Scotfind,Won,2017-05-04,525.0
93JCG10L,GTXPro,Dalttechnology,Won,2017-04-12,4168.0
X9BUD48V,GTX Basic,Warephase,Won,2017-04-08,596.0
QCNOCX0P,GTXPro,,Engaging,,
TQLJOZBP,MG Special,Zotware,Won,2017-04-15,59.0
9IE6GBXM,GTXPro,Ontomedia,Lost,2017-05-14,0.0
M9V8824W,MG Advanced,,Engaging,,
BG2656VA,GTX Plus Pro,Konex,Won,2017-04-15,5684.0
JXBUN5MY,MG Advanced,Kan-code,Lost,2017-04-15,0.0
7TJEHAED,GTXPro,Gogozoom,Won,2017-04-15,4413.0
QPOE9V6Y,MG Advanced,Opentech,Lost,2017-04-17,0.0
ULJM9JGL,MG Advanced,Vehement Capital Partners,Lost,2017-04-15,0.0
PYY9M6Q4,GTXPro,Mathtouch,Won,2017-04-13,4152.0
WAF692K8,MG Special,Dalttechnology,Won,2017-06-24,51.0
0UDLH6I3,GTX Basic,Zathunicon,Lost,2017-04-15,0.0
WUGE2QUO,MG Advanced,Toughzap,Lost,2017-04-18,0.0
XBLA9VO6,GTX Plus Basic,Sonron,Won,2017-05-18,1103.0
QL7H3WQZ,GTX Plus Basic,Warephase,Won,2017-04-09,1091.0
DXBLA2BS,GTX Plus Basic,Zumgoity,Won,2017-04-17,1189.0
EYW0QD8A,GTXPro,Streethex,Won,2017-06-27,4534.0
NXWNJ7U5,GTX Basic,Golddex,Lost,2017-05-12,0.0
8LVFBGN4,GTX Plus Basic,Konex,Lost,2017-04-16,0.0
UUGY3W44,GTX Basic,,Engaging,,
BHHDOY2E,MG Advanced,,Engaging,,
SUQNORF2,GTX Basic,Codehow,Lost,2017-04-16,0.0
3M03SX77,GTX Basic,Condax,Won,2017-04-13,522.0
C7Y0UUIN,GTXPro,Goodsilron,Won,2017-05-27,5012.0
DI6H5ERU,GTX Plus Basic,Rantouch,Won,2017-04-08,1109.0
SQZ293C0,GTX Plus Pro,Genco Pura Olive Oil Company,Won,2017-04-13,4659.0
2SGRE4VE,GTX Basic,Cancity,Lost,2017-04-16,0.0
AMKR98V4,GTX Plus Pro,Codehow,Lost,2017-06-13,0.0
DESFU690,GTX Plus Pro,Treequote,Lost,2017-04-09,0.0
V8HMIE7M,MG Special,Konmatfix,Lost,2017-05-30,0.0
91JBU17E,MG Advanced,Rangreen,Lost,2017-04-12,0.0
XDECB9X2,GTX Basic,,Engaging,,
4MMQZHCK,MG Advanced,Konex,Lost,2017-04-16,0.0
RSKU2ZHM,MG Advanced,Finjob,Lost,2017-04-13,0.0
8LTQ9ESQ,MG Advanced,dambase,Lost,2017-04-15,0.0
EBBIJKLT,GTX Plus Basic,Stanredtax,Won,2017-04-15,1142.0
GL95LARP,GTXPro,,Engaging,,
8RIKWACO,GTX Basic,Zathunicon,Won,2017-05-27,491.0
FM505XD5,GTX Plus Pro,Y-corporation,Engaging,,
U3394VAL,GTXPro,Finhigh,Lost,2017-04-18,0.0
G58AHYTW,MG Special,Domzoom,Lost,2017-04-14,0.0
KK7L97V7,GTXPro,Funholding,Won,2017-04-09,5678.0
GWRPJWRO,GTXPro,Bioplex,Lost,2017-04-16,0.0
GNKFTK7J,GTX Basic,Sumace,Won,2017-06-14,547.0
UEL6CAP9,GTX Basic,Umbrella Corporation,Lost,2017-04-16,0.0
2FEA30KT,GTX Plus Basic,Singletechno,Won,2017-05-25,935.0
P2VXL7MO,GTX Plus Pro,Scotfind,Won,2017-04-10,4761.0
YT7QY06V,MG Advanced,Newex,Won,2017-04-14,3224.0
L66MAMK5,GTX Basic,Sunnamplex,Won,2017-04-17,501.0
RGYBSSEK,MG Advanced,Statholdings,Won,2017-04-17,3532.0
J6F10SFK,MG Advanced,,Engaging,,
5KC9ZGBX,GTXPro,Xx-holding,Won,2017-04-12,4320.0
AYIPNQFR,MG Special,Genco Pura Olive Oil Company,Lost,2017-04-10,0.0
Q1MP64HG,GTX Plus Basic,Zotware,Won,2017-06-11,1123.0
XGD6BFD6,GTXPro,Xx-zobam,Won,2017-04-09,5217.0
1IH166HI,MG Special,Codehow,Lost,2017-05-27,0.0
U4IJO6SL,GTXPro,,Engaging,,
BK85705L,GTX Basic,Labdrill,Won,2017-06-10,595.0
77MKNCO3,GTX Plus Pro,Konex,Won,2017-04-16,5848.0
OB7TAJOZ,GTX Basic,Faxquote,Lost,2017-04-09,0.0
DU0E2LMZ,MG Special,Plexzap,Lost,2017-04-13,0.0
1B4CL153,GTX Plus Pro,Xx-holding,Won,2017-04-17,5884.0
93X2W24Q,MG Advanced,Betatech,Won,2017-06-02,3666.0
U0E9CRX5,GTX Basic,Zathunicon,Lost,2017-04-18,0.0
I7KV29LC,GTX Basic,Konex,Won,2017-04-20,598.0
NNM6GN1J,MG Advanced,Initech,Won,2017-04-16,3275.0
D1UDLFVY,GTX Basic,Funholding,Lost,2017-04-10,0.0
M8WP93D4,GTX Basic,Isdom,Lost,2017-04-18,0.0
3GPAFD3X,MG Special,Zumgoity,Lost,2017-04-20,0.0
PVLGUIEN,MG Advanced,,Engaging,,
XUQ7RS1Q,GTXPro,Betasoloin,Lost,2017-05-30,0.0
UFGI9P05,GTXPro,Ron-tech,Won,2017-04-18,4978.0
RDQZ245F,MG Special,Dalttechnology,Won,2017-05-29,56.0
JA2CDNVM,MG Advanced,Inity,Won,2017-04-14,3077.0
R0XAJA2I,GTX Plus Basic,Hottechi,Won,2017-04-17,974.0
BU1B6PHK,GTX Plus Basic,Cheers,Won,2017-04-10,915.0
C3918FWQ,GTX Plus Basic,Singletechno,Lost,2017-08-12,0.0
8GBXTWXE,MG Advanced,Blackzim,Lost,2017-04-16,0.0
Z29AX2KB,GTX Plus Basic,Condax,Won,2017-06-20,983.0
E733YMVH,GTX Plus Basic,Inity,Won,2017-04-10,1204.0
Y35ES8UY,GTX Plus Pro,Condax,Lost,2017-04-16,0.0
QDRYCR05,GTX Plus Basic,Konmatfix,Won,2017-04-10,970.0
TYWS7KJR,GTX Basic,Betasoloin,Won,2017-04-16,575.0
X22G55Y5,GTX Plus Pro,Ganjaflex,Won,2017-06-18,5986.0
X7FZMKZW,GTX Plus Basic,Finhigh,Lost,2017-04-21,0.0
72WE0PUH,MG Special,Rantouch,Won,2017-06-16,64.0
45B6VA2Y,MG Special,,Engaging,,
SKBDCYV5,GTX Plus Basic,Zencorporation,Engaging,,
HLGGWYP1,GTX Basic,Scotfind,Lost,2017-04-15,0.0
RU3OP2BA,MG Advanced,J-Texon,Won,2017-06-26,3070.0
YXOM4S7G,MG Special,Finhigh,Lost,2017-04-11,0.0
JPH5WS60,GTX Basic,Initech,Lost,2017-04-11,0.0
O1TDG6YN,GTX Plus Basic,Mathtouch,Lost,2017-04-17,0.0
4INFXLM5,MG Special,Rangreen,Lost,2017-04-20,0.0
LIZMTGH2,MG Advanced,Isdom,Won,2017-04-18,3409.0
04LU4OPA,GTX Plus Pro,Acme Corporation,Won,2017-06-11,5721.0
T1I8GE75,GTXPro,Ganjaflex,Won,2017-06-28,5039.0
2HU581DM,GTXPro,Xx-zobam,Won,2017-04-11,5000.0
75S7S74S,GTX Basic,Hottechi,Lost,2017-04-18,0.0
VTVF5TBV,GTXPro,Codehow,Lost,2017-04-18,0.0
6AC2ATXU,GTX Plus Pro,Gogozoom,Won,2017-04-16,4955.0
F4J6AVPQ,GTXPro,Condax,Won,2017-04-17,5065.0
NFTSU7RW,GTXPro,Globex Corporation,Won,2017-04-17,4343.0
NCUXZU3S,GTXPro,Stanredtax,Won,2017-04-20,3892.0
YGNVLLUR,GTX Basic,Warephase,Lost,2017-04-20,0.0
XQ0N9T87,MG Advanced,,Engaging,,
O08NQM1J,MG Advanced,Cheers,Lost,2017-04-11,0.0
5OJ4IRW4,GTX Plus Basic,Conecom,Won,2017-06-27,1115.0
ZLY8SZXO,GTX Basic,Kan-code,Won,2017-04-16,533.0
DCC85LZO,GTX Plus Basic,Cheers,Won,2017-04-13,1290.0
ZVWUL0LL,GTX Basic,Hottechi,Lost,2017-04-12,0.0
4R5LIB5F,GTX Plus Basic,Green-Plus,Lost,2017-06-13,0.0
P010EEZF,MG Special,Dontechi,Lost,2017-04-12,0.0
7AL9GWK6,GTX Plus Basic,Codehow,Won,2017-06-02,1047.0
RHXY2M2W,MG Special,Gogozoom,Won,2017-04-18,47.0
IKU97NEU,MG Advanced,Funholding,Engaging,,
R7SESFM0,GTX Basic,Condax,Lost,2017-04-21,0.0
X501NN9P,GTXPro,Rangreen,Won,2017-06-09,4413.0
AUDYTWRK,GTX Plus Basic,Hottechi,Won,2017-06-26,950.0
EUKD4Z0V,GTXPro,Plussunin,Lost,2017-04-16,0.0
KPUHKYWU,GTXPro,The New York Inquirer,Won,2017-04-20,4136.0
B0KF3NFK,MG Special,Rundofase,Won,2017-04-18,62.0
70M5V003,MG Special,J-Texon,Lost,2017-04-18,0.0
456BP2X7,MG Advanced,,Engaging,,
OC66D0JA,GTX Basic,Goodsilron,Won,2017-04-11,467.0
KE7SZLG7,GTX Plus Basic,Gekko & Co,Won,2017-06-11,1075.0
XYZ39YT2,MG Special,Betatech,Lost,2017-04-19,0.0
O4LNS6IC,MG Special,Ontomedia,Won,2017-04-13,52.0
UKIM9XIZ,GTXPro,Inity,Lost,2017-04-19,0.0
5Z0ACVAM,GTXPro,Inity,Lost,2017-04-12,0.0
DIAR4IM7,GTXPro,Condax,Won,2017-04-18,4837.0
30YWHJV8,GTX Plus Basic,Plussunin,Lost,2017-04-18,0.0
ABXW1X4U,GTX Basic,Faxquote,Lost,2017-06-22,0.0
SZ1H1L8I,GTX Plus Basic,Xx-holding,Won,2017-04-13,1163.0
IR03B656,GTX Basic,Rundofase,Lost,2017-04-21,0.0
6NZROTHF,GTX Plus Pro,Rantouch,Lost,2017-06-10,0.0
IFIIB8Y6,GTX Basic,Konex,Lost,2017-04-13,0.0
J58BUYQH,GTX Plus Basic,,Engaging,,
R2CS85YJ,GTX Basic,Groovestreet,Lost,2017-04-13,0.0
8EAINY61,GTX Basic,Singletechno,Lost,2017-04-18,0.0
T23MHC9C,GTX Basic,Doncon,Won,2017-04-18,568.0
D30QC4EE,GTXPro,Rantouch,Won,2017-06-19,5063.0
JHIX3ODA,MG Advanced,dambase,Lost,2017-04-21,0.0
BPUE8GTU,MG Special,Rundofase,Won,2017-06-06,46.0
2DOJKFNW,MG Advanced,dambase,Lost,2017-04-12,0.0
0PSKGNYE,GTX Basic,Gogozoom,Won,2017-04-12,504.0
J75N0QYA,MG Special,Gogozoom,Won,2017-04-13,55.0
SDS8SAZC,GTXPro,Hatfan,Won,2017-06-17,4760.0
1426E8W6,GTX Basic,Cancity,Lost,2017-04-21,0.0
3BFBN8JW,MG Advanced,Funholding,Lost,2017-04-18,0.0
W1GERPB9,GTXPro,Fasehatice,Won,2017-06-21,4653.0
FN1QX0BQ,MG Special,,Engaging,,
922DHXBA,MG Special,Opentech,Lost,2017-04-22,0.0
L36WU4AH,MG Special,Massive Dynamic,Won,2017-04-12,55.0
2K8H292S,GTX Basic,Rundofase,Lost,2017-04-18,0.0
7Y530NLJ,GTX Plus Basic,Genco Pura Olive Oil Company,Engaging,,
XNHGOHPW,MG Advanced,Konex,Won,2017-04-22,3223.0
GAM8C5ET,GTX Plus Pro,Betasoloin,Lost,2017-04-17,0.0
BHT7UEDJ,GTX Basic,Zathunicon,Won,2017-04-19,553.0
7PAVX9CP,GTX Plus Basic,Gekko & Co,Won,2017-04-14,1114.0
IVW8MQGN,MG Advanced,dambase,Won,2017-04-20,3785.0
CVFUMOK9,GTX Plus Pro,Rangreen,Engaging,,
1VHUPB8X,GTX Plus Basic,Streethex,Lost,2017-04-14,0.0
G5FN7I7T,MG Advanced,Gogozoom,Lost,2017-06-28,0.0
OHVPXBSR,GTXPro,Yearin,Won,2017-04-13,5316.0
GHY9QZKG,MG Special,Goodsilron,Lost,2017-04-16,0.0
M9RGVU1F,GTXPro,Cancity,Lost,2017-04-24,0.0
JBBJL4C2,GTX Basic,Dontechi,Won,2017-06-23,531.0
HMI6RBK9,GTX Basic,Rangreen,Won,2017-06-16,544.0
2EKGLB0Q,GTX Basic,Y-corporation,Won,2017-04-13,478.0
NBYPJR21,GTXPro,Finjob,Won,2017-04-22,5672.0
HYPZOTY8,MG Special,Goodsilron,Won,2017-04-19,51.0
31I0SB7T,MG Advanced,Konex,Won,2017-04-19,3141.0
R0CLLIH9,GTXPro,,Engaging,,
UIDAJBAI,GTXPro,Doncon,Lost,2017-04-13,0.0
VO3C2LE4,MG Special,Groovestreet,Lost,2017-04-16,0.0
UC7JT39Q,MG Special,Golddex,Lost,2017-04-13,0.0
F1LLBOUV,GTX Plus Basic,Codehow,Lost,2017-04-13,0.0
7H9J8W50,GTX Plus Pro,Hottechi,Lost,2017-04-14,0.0
8O03S3U3,GTX Plus Pro,Conecom,Lost,2017-04-22,0.0
TGQN6HTN,GTX Plus Pro,Kan-code,Won,2017-06-21,5393.0
X8GGF9MG,MG Special,Dontechi,Engaging,,
CPJK2600,MG Special,Statholdings,Lost,2017-04-19,0.0
3P7QQSVF,MG Special,,Engaging,,
PGXIPGDM,MG Advanced,Lexiqvolax,Engaging,,
TLXS1NB8,GTX Plus Pro,Green-Plus,Lost,2017-04-19,0.0
TRR34NSR,GTX Basic,Hottechi,Won,2017-06-06,638.0
F2KINGVU,MG Special,J-Texon,Won,2017-04-23,50.0
Q169CIK6,MG Advanced,Bioplex,Lost,2017-04-18,0.0
1QWG9VM6,GTXPro,Hatfan,Won,2017-04-22,4272.0
8OHCCD42,GTX Plus Basic,Bioholding,Lost,2017-04-15,0.0
QBCK25DV,MG Special,Inity,Won,2017-04-15,58.0
8IEVY30X,GTX Plus Basic,Ontomedia,Won,2017-04-14,1088.0
6444O6DK,GTX Basic,Donquadtech,Lost,2017-04-23,0.0
GNL7T2JP,GTXPro,Silis,Lost,2017-04-18,0.0
V9YR14KW,GTX Basic,Plussunin,Lost,2017-04-20,0.0
24LP4J8U,GTXPro,Kan-code,Lost,2017-05-13,0.0
37LTMWB0,GTX Basic,Betatech,Lost,2017-04-20,0.0
8BH9RNZI,GTXPro,Globex Corporation,Lost,2017-04-14,0.0
2ZU519Y6,GTX Plus Basic,Domzoom,Won,2017-04-19,1327.0
ZESI2PFU,GTX Plus Basic,Dontechi,Won,2017-06-27,923.0
X8T4XLTY,GTX Plus Basic,Scottech,Won,2017-04-23,1058.0
OS2CD01K,GTX Plus Pro,Streethex,Won,2017-04-21,5220.0
JNKDEAG9,GTX Plus Pro,Condax,Lost,2017-04-19,0.0
7MGVL7FC,MG Special,Ron-tech,Won,2017-04-22,55.0
IFJ2AE9R,MG Advanced,Dalttechnology,Lost,2017-04-20,0.0
HEDUIEUN,MG Special,Hatfan,Won,2017-06-23,62.0
D3OST43E,GTX Plus Basic,Golddex,Won,2017-04-20,996.0
Z7OH4GWO,GTXPro,,Engaging,,
9537WTHG,GTX Basic,Rantouch,Lost,2017-06-09,0.0
6PMHI9G4,GTX Basic,Hottechi,Won,2017-04-22,543.0
H3ITKE4I,GTXPro,Hatfan,Lost,2017-04-19,0.0
4RPUMZ9M,GTXPro,Y-corporation,Lost,2017-04-21,0.0
U9RFE81I,MG Special,Warephase,Lost,2017-08-16,0.0
4T2XENE2,GTX Plus Basic,Scottech,Lost,2017-06-16,0.0
LIFA0JYO,MG Special,Finhigh,Lost,2017-05-26,0.0
JQ8V4I1K,MG Special,Bioholding,Won,2017-04-22,56.0
N5CCEEOY,GTX Plus Pro,Kan-code,Lost,2017-04-20,0.0
C0SNGBJU,MG Advanced,Blackzim,Lost,2017-04-23,0.0
VN6JB8HU,GTX Plus Basic,Sumace,Won,2017-06-10,1145.0
JK4IB77I,GTXPro,Silis,Lost,2017-04-26,0.0
81G840FM,GTX Basic,,Engaging,,
U5K2MZB6,MG Advanced,,Engaging,,
XMEYATKB,GTX Plus Pro,Zencorporation,Lost,2017-04-19,0.0
IUDDK8Q0,GTXPro,Bluth Company,Lost,2017-04-22,0.0
YQXAY03C,MG Advanced,Umbrella Corporation,Lost,2017-04-19,0.0
QKQ5N9Z1,GTX Plus Basic,Massive Dynamic,Won,2017-04-23,1033.0
RZRRMWTH,MG Advanced,The New York Inquirer,Lost,2017-04-20,0.0
JS9SCCJ3,GTX Plus Basic,Gogozoom,Lost,2017-04-15,0.0
WOBZWEPI,GTXPro,Treequote,Lost,2017-04-16,0.0
HBIQF55L,GTXPro,Cancity,Won,2017-08-14,4359.0
V5XB0UPL,GTXPro,Warephase,Won,2017-06-02,4575.0
QW9JMUTD,MG Special,Finhigh,Won,2017-04-22,53.0
7ODLTF4W,GTX Basic,J-Texon,Won,2017-04-16,597.0
RUCPPMPY,MG Advanced,Zoomit,Won,2017-06-16,3179.0
SJHD5TFA,GTX Basic,Globex Corporation,Lost,2017-06-16,0.0
2B0QVPBT,MG Special,Stanredtax,Won,2017-04-15,57.0
YIZ1VQ3U,MG Advanced,Hottechi,Lost,2017-04-15,0.0
FMNSL9TP,MG Advanced,Scotfind,Won,2017-04-24,2997.0
8ZU8D508,GTX Basic,Faxquote,Won,2017-05-29,545.0
NVDVFYGE,GTX Basic,Zumgoity,Won,2017-04-25,565.0
QQH0YV1W,MG Special,Treequote,Won,2017-04-24,54.0
ZVAZKWF3,GTXPro,,Engaging,,
IUNX2OMX,GTX Basic,J-Texon,Lost,2017-04-15,0.0
6WODV6KD,GTXPro,Sunnamplex,Won,2017-04-21,4991.0
6S2ABHZS,GTX Basic,,Engaging,,
COM9RNBL,MG Special,,Engaging,,
RTZFPWVN,GTX Plus Pro,Hottechi,Lost,2017-04-19,0.0
VYDCTUAU,MG Advanced,Blackzim,Lost,2017-04-16,0.0
KYFONJP5,GTXPro,Silis,Won,2017-06-16,5546.0
ANXSK3QV,MG Special,Hottechi,Won,2017-04-20,59.0
7I6OHUE4,GTX Plus Basic,Statholdings,Lost,2017-04-23,0.0
AY9NWO78,MG Special,Statholdings,Lost,2017-04-20,0.0
BEP06EN5,GTX Plus Pro,Statholdings,Won,2017-04-16,5082.0
8H95X3AP,GTX Plus Pro,Iselectrics,Won,2017-04-24,5293.0
P7LVKDC9,GTX Plus Basic,Hottechi,Won,2017-06-27,1163.0
QRVHBQSF,MG Special,Ganjaflex,Won,2017-04-16,49.0
8KH8XJRE,MG Special,Donquadtech,Won,2017-05-01,53.0
YZ4AIQQR,MG Advanced,Betatech,Lost,2017-04-16,0.0
R8CW1D6X,MG Advanced,Gogozoom,Lost,2017-06-12,0.0
68KYNPDQ,GTX Plus Basic,Lexiqvolax,Lost,2017-04-24,0.0
K6M3EX4O,GTX Plus Basic,,Engaging,,
9B0HGLRU,GTX Basic,Fasehatice,Lost,2017-04-21,0.0
LWPFQ1UA,GTX Basic,,Engaging,,
TN59K8NP,GTX Basic,Sunnamplex,Lost,2017-08-07,0.0
3OBMD08T,MG Advanced,Codehow,Lost,2017-04-17,0.0
5FWBETTO,MG Advanced,Finhigh,Won,2017-05-19,3641.0
ANRCHVJM,MG Special,Plusstrip,Engaging,,
UDTQF84C,GTX Basic,Condax,Lost,2017-04-17,0.0
35IRGXY3,GTX Basic,Condax,Won,2017-05-23,501.0
YHRVQVPV,GTX Plus Pro,Konex,Won,2017-04-20,4687.0
0PGJNCD7,GTX Basic,dambase,Won,2017-06-23,626.0
7X7YIWJO,GTX Basic,Finhigh,Won,2017-08-03,489.0
2IO3IJPO,GTXPro,Zencorporation,Won,2017-04-27,4852.0
WCSJBX3N,MG Advanced,Warephase,Lost,2017-06-28,0.0
FCNYDFK3,GTX Plus Basic,Bubba Gump,Won,2017-06-06,1192.0
3Y26MZHI,GTXPro,Donquadtech,Won,2017-04-17,5104.0
P0BMLVSL,GTXPro,Codehow,Won,2017-08-09,5820.0
QK5BW61U,MG Advanced,Acme Corporation,Won,2017-08-05,3012.0
J3SZACNW,GTX Plus Pro,Sumace,Lost,2017-04-22,0.0
5SNTPPOV,GTXPro,Mathtouch,Lost,2017-04-18,0.0
D7F2AWWW,GTXPro,Konex,Won,2017-04-23,3930.0
FUL5V96O,GTX Plus Basic,Domzoom,Won,2017-04-22,1055.0
BWIWI1PC,MG Advanced,Blackzim,Lost,2017-04-22,0.0
GYBIACTC,GTX Basic,Scottech,Won,2017-04-24,538.0
VD6BP6T2,MG Special,Domzoom,Won,2017-04-23,68.0
10AEGW41,GTXPro,,Engaging,,
QA9XE19H,MG Advanced,Newex,Lost,2017-04-23,0.0
8ZYPSX66,GTX Basic,Newex,Won,2017-04-28,572.0
0AN86YDG,GTX Plus Basic,Groovestreet,Won,2017-04-24,1234.0
VKXZ36VE,GTX Basic,Ron-tech,Lost,2017-04-18,0.0
OJYFSZ2O,MG Special,Isdom,Lost,2017-04-17,0.0
6G6ZCKSB,GTXPro,,Engaging,,
YGL1F8K1,MG Special,Plusstrip,Won,2017-05-04,56.0
C1WGTTYF,MG Special,Zathunicon,Lost,2017-05-03,0.0
1OZWGQK9,MG Special,Doncon,Lost,2017-04-25,0.0
EXICVP8C,MG Special,Warephase,Won,2017-04-26,52.0
DLXFY70W,MG Advanced,Codehow,Won,2017-04-24,3668.0
GO7UM9AV,GTX Basic,Plussunin,Lost,2017-04-19,0.0
F5ITRBMX,MG Advanced,Zotware,Won,2017-08-04,3138.0
8KFFRJSS,MG Special,Conecom,Lost,2017-04-19,0.0
38VRB2P1,GTX Basic,Ontomedia,Lost,2017-04-18,0.0
9CGD5QSZ,GTX Basic,Zencorporation,Lost,2017-04-21,0.0
UPZRAO84,GTXPro,Iselectrics,Won,2017-06-01,5032.0
BPCWRG9P,GTX Plus Basic,Plussunin,Won,2017-04-20,1310.0
JE5085VJ,GTX Plus Pro,Mathtouch,Won,2017-06-27,5076.0
P5MLWDXX,MG Advanced,Vehement Capital Partners,Won,2017-06-19,3641.0
IJ7AUTVC,GTXPro,Conecom,Lost,2017-04-18,0.0
84T104O7,GTX Plus Basic,Warephase,Won,2017-04-25,1170.0
0GXXCA37,GTXPro,Domzoom,Won,2017-05-01,4226.0
GACPNKGI,MG Special,,Engaging,,
9PCWAYWC,MG Advanced,Green-Plus,Lost,2017-04-18,0.0
OJ0C7S3T,GTXPro,Genco Pura Olive Oil Company,Won,2017-04-24,4784.0
3VMC6PGJ,GTX Plus Basic,Faxquote,Lost,2017-04-25,0.0
E2MWXGNG,MG Advanced,Blackzim,Lost,2017-04-19,0.0
E4082SMQ,GTX Basic,,Engaging,,
QZ2E9TSL,MG Advanced,Golddex,Lost,2017-08-12,0.0
L3AYCTGW,GTXPro,Goodsilron,Won,2017-04-24,5451.0
IZ02GW0R,GTX Basic,Faxquote,Won,2017-04-19,527.0
LSVGDJ1A,GTX Plus Pro,,Engaging,,
2LSNRT4U,GTXPro,,Engaging,,
5AI9WG6M,GTX Plus Pro,Y-corporation,Lost,2017-04-25,0.0
Q1DFFYB5,GTX Plus Pro,Y-corporation,Lost,2017-04-19,0.0
XWZG5VPL,GTXPro,Scotfind,Lost,2017-04-18,0.0
30FHAEJZ,GTX Plus Pro,Fasehatice,Won,2017-04-19,5408.0
AZOXWEKL,GTX Plus Basic,Conecom,Lost,2017-05-02,0.0
2NKZR4IM,GTX Plus Pro,Isdom,Lost,2017-04-24,0.0
3PPB3Q04,MG Special,Konmatfix,Won,2017-06-23,48.0
C9330YF1,GTX Basic,Blackzim,Engaging,,
610UUEAG,GTX Basic,Plexzap,Won,2017-04-24,527.0
FIYSM4E1,GTX Plus Basic,dambase,Won,2017-04-23,1160.0
BCUR8B2A,GTX Basic,Inity,Won,2017-06-06,491.0
8PGDRAH2,GTX Basic,Umbrella Corporation,Won,2017-04-19,555.0
QD8F0CI6,GTX Basic,,Engaging,,
7K0S2P6K,GTXPro,,Engaging,,
G1C9IG0T,MG Special,Lexiqvolax,Lost,2017-04-27,0.0
G4B4Z525,MG Special,Isdom,Won,2017-04-23,62.0
J9SE3QJD,MG Special,Ganjaflex,Lost,2017-04-26,0.0
JORFI81C,MG Special,Konex,Won,2017-04-25,56.0
GET2JILL,MG Advanced,The New York Inquirer,Won,2017-04-23,3490.0
E3HJPDFZ,GTXPro,Y-corporation,Lost,2017-06-24,0.0
Q22714T0,MG Special,Betatech,Lost,2017-04-24,0.0
FCGE8U5M,MG Special,Betatech,Won,2017-04-25,51.0
ROQBT7TM,MG Special,Condax,Won,2017-06-20,54.0
WLFLY0BD,MG Special,Conecom,Won,2017-04-27,56.0
8S649LDO,GTXPro,Kan-code,Lost,2017-05-27,0.0
JR7SC0S2,MG Advanced,Gekko & Co,Won,2017-08-04,3808.0
MFGCEDXE,GTX Plus Pro,Yearin,Lost,2017-05-04,0.0
Y9Y4TXD9,MG Advanced,Konex,Won,2017-05-03,3041.0
ZKOGIB6R,GTX Basic,Xx-zobam,Lost,2017-04-25,0.0
DJMPI9TO,GTK 500,Xx-zobam,Engaging,,
Z353E8FR,MG Advanced,Condax,Lost,2017-04-30,0.0
IKJSXBY0,GTXPro,Isdom,Lost,2017-05-04,0.0
5SYJS0HS,GTX Plus Pro,Goodsilron,Lost,2017-04-23,0.0
U6XJRWV8,MG Advanced,,Engaging,,
UXOQQR39,GTX Plus Basic,Golddex,Lost,2017-04-20,0.0
J5DF2ZO1,MG Special,Kan-code,Won,2017-04-29,44.0
HGF361RQ,GTX Plus Pro,Xx-holding,Lost,2017-04-24,0.0
9B8SPYAF,GTX Basic,Doncon,Won,2017-04-24,552.0
BYF6ABTZ,GTX Plus Pro,Opentech,Engaging,,
VTLI5HIE,GTX Basic,Newex,Won,2017-04-26,474.0
N60UJ28O,GTX Plus Basic,Xx-holding,Won,2017-04-22,1158.0
R102IPTH,GTX Plus Pro,Faxquote,Won,2017-04-19,5839.0
C9O4E52T,GTXPro,Singletechno,Won,2017-08-06,4554.0
CJP7LWRK,GTXPro,Xx-holding,Won,2017-04-24,5078.0
NHE1CETW,GTX Plus Basic,Genco Pura Olive Oil Company,Lost,2017-04-26,0.0
1O1GVZEU,GTX Basic,Cheers,Won,2017-06-04,561.0
K8LRZ95S,GTX Plus Basic,,Engaging,,
2OQB2KPY,GTX Plus Basic,Finjob,Lost,2017-04-22,0.0
KK4VW0ZM,MG Advanced,Ron-tech,Lost,2017-05-22,0.0
JHLG51ZI,MG Advanced,Inity,Won,2017-04-19,3392.0
Q8BZ3PC9,GTX Plus Pro,,Engaging,,
49ZS7GTS,MG Special,,Engaging,,
M857G6G1,MG Advanced,,Engaging,,
TS4CB9TH,GTXPro,Fasehatice,Won,2017-04-20,5040.0
5K0ZFCVO,MG Special,,Engaging,,
6AEVX11M,MG Special,,Engaging,,
BH40KWV5,GTXPro,Goodsilron,Lost,2017-04-24,0.0
MMVHAEI3,MG Advanced,Rantouch,Lost,2017-04-25,0.0
PGRIPWHY,GTX Plus Pro,Sonron,Won,2017-04-25,5853.0
0VXUZU7P,MG Special,Scottech,Won,2017-04-25,49.0
WGETO859,GTX Basic,,Engaging,,
7B21SGQ8,GTX Plus Basic,Gekko & Co,Won,2017-04-29,1080.0
I6TVFB6J,GTX Basic,Genco Pura Olive Oil Company,Lost,2017-04-28,0.0
PHAFVDFO,MG Special,Konmatfix,Won,2017-04-20,55.0
CTWSDG4U,GTX Basic,,Engaging,,
I6O855AE,GTX Plus Basic,Acme Corporation,Won,2017-05-22,1282.0
OUIK8VX3,GTK 500,Lexiqvolax,Won,2017-04-20,23746.0
RYO875D0,GTX Basic,Massive Dynamic,Lost,2017-04-28,0.0
0EYXI1UN,MG Advanced,,Engaging,,
O5S6WEM7,GTX Basic,Doncon,Lost,2017-05-01,0.0
DJ2FHO68,GTX Basic,Golddex,Lost,2017-08-16,0.0
5LHNRZD3,MG Advanced,Streethex,Lost,2017-04-21,0.0
URIKPDOJ,GTX Plus Basic,Cheers,Lost,2017-04-27,0.0
U1J4YN0I,GTX Basic,Cancity,Lost,2017-04-21,0.0
QBUJF4I7,MG Special,Opentech,Lost,2017-04-20,0.0
99QIJAAP,MG Special,Opentech,Won,2017-04-27,61.0
K127AFNP,MG Special,J-Texon,Lost,2017-04-30,0.0
4K7PRO1B,GTX Basic,Goodsilron,Won,2017-04-28,600.0
XOVYPE58,GTXPro,Betasoloin,Engaging,,
AYB7DWUH,GTX Plus Pro,Opentech,Won,2017-04-20,5805.0
6CKXLPAR,MG Special,Hottechi,Won,2017-06-27,58.0
FQ2F717F,MG Special,Scottech,Won,2017-08-03,52.0
2SBP68CP,MG Special,Gekko & Co,Lost,2017-04-21,0.0
S2MSQIXP,GTX Basic,Hottechi,Engaging,,
LPGOTIM2,MG Special,Silis,Won,2017-06-16,55.0
LW8485Y2,GTX Plus Basic,Acme Corporation,Won,2017-08-10,1161.0
UKLAKXP2,GTXPro,Plussunin,Won,2017-04-25,5091.0
4LLWRSBJ,MG Special,Donquadtech,Won,2017-04-22,59.0
YYJILFBU,GTX Plus Pro,Plussunin,Lost,2017-05-01,0.0
AWVSWBQV,GTX Basic,Ontomedia,Lost,2017-04-22,0.0
VORZHQ40,GTXPro,Gogozoom,Lost,2017-04-30,0.0
5QD09R7U,GTX Basic,Rundofase,Won,2017-04-28,549.0
ETISD84I,GTX Plus Basic,Zathunicon,Lost,2017-04-24,0.0
K0T5LJ3E,GTK 500,Plexzap,Won,2017-06-28,24949.0
D5YLWCFW,GTX Plus Basic,Genco Pura Olive Oil Company,Lost,2017-05-02,0.0
ZALE38AC,GTXPro,Newex,Lost,2017-05-09,0.0
T7MVQ9SX,GTX Plus Pro,Fasehatice,Won,2017-05-02,4985.0
GTEFJL6U,GTX Basic,Toughzap,Lost,2017-04-22,0.0
D7MYDHMF,GTX Basic,Conecom,Won,2017-04-29,657.0
XAE858UJ,GTX Basic,Streethex,Won,2017-06-30,628.0
WTCU9X9M,GTX Plus Basic,Conecom,Won,2017-06-15,1183.0
0IF5FH68,GTX Plus Pro,Domzoom,Won,2017-08-03,5203.0
QUGPSHY8,MG Special,Gogozoom,Won,2017-04-27,56.0
C32E4E1D,MG Special,,Engaging,,
QNFO4GX8,GTX Basic,Blackzim,Won,2017-04-28,502.0
U2HYH97X,GTX Basic,,Engaging,,
H1NFMTJ4,GTX Basic,Xx-holding,Won,2017-06-25,527.0
AUJ21SKT,MG Special,Xx-holding,Lost,2017-04-21,0.0
XIXNILOP,MG Special,Finhigh,Won,2017-04-28,64.0
M645P7NW,GTX Basic,Scotfind,Won,2017-04-27,579.0
UPAGB68Z,GTX Plus Pro,Lexiqvolax,Won,2017-04-30,5958.0
7TCCYDR3,GTXPro,Scotfind,Won,2017-05-27,4543.0
H5662N5X,GTX Basic,Inity,Lost,2017-04-22,0.0
07BT6PBZ,MG Special,Treequote,Won,2017-05-02,58.0
N7FJ13VQ,GTX Plus Basic,Plussunin,Lost,2017-04-21,0.0
9UYDTR0R,GTX Plus Pro,Vehement Capital Partners,Lost,2017-04-27,0.0
JOLRMB6X,GTX Plus Basic,Betasoloin,Won,2017-06-24,1036.0
K8DHOJWM,GTX Plus Pro,Genco Pura Olive Oil Company,Won,2017-04-27,4878.0
NKBIYNK5,GTX Basic,Faxquote,Lost,2017-04-28,0.0
8MXI6J6N,GTX Plus Basic,Streethex,Lost,2017-05-05,0.0
MRWHJE9P,GTX Plus Basic,,Engaging,,
HRLYABOS,GTX Plus Basic,Bubba Gump,Won,2017-08-21,1033.0
BTLXFPUB,GTX Plus Pro,Zathunicon,Won,2017-06-12,5343.0
W7GVZL28,GTX Plus Basic,Conecom,Lost,2017-04-30,0.0
HK1JJKQL,GTXPro,Stanredtax,Lost,2017-04-27,0.0
D5TGHX3Y,GTXPro,Stanredtax,Lost,2017-08-10,0.0
HBXLK0B6,MG Advanced,Finhigh,Won,2017-04-26,3269.0
PZ6TGFY6,GTX Basic,Silis,Lost,2017-05-07,0.0
ETADSAC3,GTXPro,Acme Corporation,Won,2017-04-27,4605.0
8W206MO5,GTX Plus Pro,Mathtouch,Won,2017-06-12,4908.0
Z9SY11HK,MG Advanced,Labdrill,Won,2017-04-30,3303.0
6YIW81M9,MG Advanced,dambase,Lost,2017-04-22,0.0
0XI051FP,MG Advanced,Ron-tech,Lost,2017-05-02,0.0
TBPGQYF8,MG Special,Streethex,Won,2017-04-22,55.0
7CC38V2J,GTX Basic,Lexiqvolax,Won,2017-06-29,531.0
PC2V729V,GTX Basic,Newex,Won,2017-05-04,557.0
7AOZ2F9R,GTX Basic,Hottechi,Won,2017-06-12,489.0
7I7BZHHT,MG Advanced,Scottech,Lost,2017-05-29,0.0
79DYTU8Y,MG Special,Streethex,Won,2017-05-06,60.0
V4HYSJS2,MG Advanced,Betasoloin,Won,2017-06-04,2887.0
1L6M83Q5,MG Advanced,Donware,Won,2017-05-02,3214.0
FVGRGJU8,MG Advanced,Betatech,Engaging,,
POFA8BWL,MG Advanced,Acme Corporation,Won,2017-04-23,3850.0
AKXBF6IQ,MG Special,Gogozoom,Won,2017-06-09,54.0
Q6OUJCH5,GTXPro,,Engaging,,
VD94D677,MG Special,Groovestreet,Lost,2017-04-29,0.0
EBUJQ571,GTXPro,Plexzap,Won,2017-08-12,5040.0
Z2M1XXEK,GTX Plus Pro,Iselectrics,Won,2017-04-22,6263.0
RBOI8DLQ,GTXPro,Scotfind,Lost,2017-05-02,0.0
OI6UHCTN,GTX Basic,Blackzim,Won,2017-04-23,570.0
LTOKXFP1,GTXPro,Dalttechnology,Won,2017-04-29,4633.0
JV6PZSN6,GTX Plus Pro,Donquadtech,Lost,2017-04-29,0.0
9EGAFG1B,GTXPro,Kinnamplus,Lost,2017-05-08,0.0
VPSJHIAA,GTXPro,The New York Inquirer,Won,2017-04-28,4891.0
MJF4D19K,GTX Plus Pro,Streethex,Won,2017-04-29,5858.0
JR4WED6G,GTXPro,Rundofase,Won,2017-05-24,4939.0
GC4YH9D0,GTX Basic,Inity,Won,2017-08-12,570.0
2ZUL1AAV,MG Advanced,Fasehatice,Lost,2017-04-29,0.0
8CUN8O4Z,GTX Basic,Y-corporation,Won,2017-04-30,500.0
AMX2BM39,MG Advanced,Kan-code,Won,2017-04-23,3546.0
FK3NS3EW,GTX Basic,Dalttechnology,Won,2017-04-30,525.0
IIVP87B8,MG Special,,Engaging,,
3AB31BUU,GTX Plus Basic,Conecom,Won,2017-04-27,1024.0
ZQ7TYNUV,GTX Plus Pro,Streethex,Won,2017-04-30,6384.0
2PCPSBP9,GTX Basic,Acme Corporation,Lost,2017-05-08,0.0
E223LSRZ,GTX Basic,Donware,Won,2017-06-24,587.0
SW75F1Q1,MG Special,Labdrill,Won,2017-04-28,55.0
0Z6MNUF2,MG Advanced,Y-corporation,Won,2017-04-30,3242.0
HWD8ELR9,GTX Plus Pro,Zumgoity,Won,2017-05-26,5558.0
XJI41C0L,GTXPro,Singletechno,Won,2017-04-28,4869.0
9FWCMMM3,MG Advanced,Hottechi,Won,2017-04-29,3661.0
4QFATB6J,GTX Basic,,Engaging,,
61E7IHAY,MG Special,,Engaging,,
XPDLW6F0,GTXPro,Kan-code,Won,2017-04-29,5456.0
NCL2AJUL,MG Special,Globex Corporation,Lost,2017-08-26,0.0
1E2LYCWP,GTXPro,Plussunin,Lost,2017-04-24,0.0
NZPZ87IX,GTX Basic,Ganjaflex,Lost,2017-04-30,0.0
SDJDM8RI,MG Advanced,Umbrella Corporation,Lost,2017-08-20,0.0
O64JQPJ2,GTXPro,Mathtouch,Lost,2017-04-30,0.0
I18DIO6O,GTX Plus Pro,Zotware,Won,2017-04-24,5780.0
8W464DG6,GTXPro,Zencorporation,Won,2017-04-30,5787.0
FI5OA7O6,GTXPro,Bioplex,Won,2017-04-25,5149.0
AT6SDVJ5,GTX Plus Basic,Ganjaflex,Lost,2017-08-26,0.0
YDBPPU6J,GTXPro,Betasoloin,Won,2017-06-03,5100.0
L6PCVRJS,GTXPro,Vehement Capital Partners,Won,2017-04-30,4810.0
UO6R0X7G,MG Special,Goodsilron,Lost,2017-05-04,0.0
PC38XXQN,MG Advanced,Blackzim,Lost,2017-08-01,0.0
7EBT21IA,GTX Basic,Betatech,Won,2017-04-24,560.0
M7W3E298,GTXPro,Inity,Won,2017-05-02,4916.0
KTC0RC8I,MG Special,,Engaging,,
MCRDLBIE,MG Special,Newex,Won,2017-06-11,45.0
JW4K9O5H,GTX Plus Basic,Konex,Lost,2017-04-25,0.0
FX54MQFC,GTX Basic,Golddex,Won,2017-04-24,592.0
A2C5O4EN,GTX Basic,Doncon,Won,2017-04-29,529.0
79G6725X,GTXPro,J-Texon,Won,2017-04-26,5415.0
GM6C1UK3,GTX Plus Pro,Streethex,Lost,2017-05-02,0.0
6VET70WX,GTX Basic,Bioholding,Won,2017-06-15,518.0
UQO59R6N,MG Special,Warephase,Won,2017-08-11,52.0
CY7C3ZPJ,MG Advanced,,Engaging,,
HEOTZFII,MG Special,Labdrill,Lost,2017-04-24,0.0
8V4PEF5D,MG Special,Funholding,Won,2017-06-25,51.0
7RJMI3GC,GTX Basic,Genco Pura Olive Oil Company,Won,2017-04-24,554.0
2ZEFCKS3,GTXPro,Rundofase,Won,2017-09-01,4835.0
3EGE42CM,MG Advanced,Ontomedia,Lost,2017-04-24,0.0
M9GP930T,MG Special,,Engaging,,
APWT2PFU,MG Special,Blackzim,Won,2017-04-30,59.0
SUT0ZGFM,MG Advanced,Initech,Lost,2017-05-06,0.0
PTCP8RP4,MG Special,Zumgoity,Lost,2017-05-05,0.0
QRFKRSKS,MG Advanced,Dontechi,Lost,2017-08-06,0.0
J82TWNI7,GTXPro,Plexzap,Lost,2017-08-13,0.0
DSIX9DGZ,MG Special,Newex,Lost,2017-04-30,0.0
64WCPKZ1,GTX Plus Pro,Xx-zobam,Won,2017-05-08,5813.0
D3G7ER0D,GTXPro,Opentech,Won,2017-05-01,5414.0
LITG1BL1,GTX Plus Pro,Xx-holding,Lost,2017-04-28,0.0
7FKONHLX,MG Special,Ron-tech,Won,2017-04-25,62.0
NMY6FA6X,MG Advanced,,Engaging,,
S439SXI1,GTXPro,Plussunin,Won,2017-08-04,4505.0
SG1T9M5F,GTXPro,Isdom,Lost,2017-04-30,0.0
SLP4PTFK,GTX Plus Basic,Konmatfix,Won,2017-05-06,1020.0
X3S5O9LJ,GTX Plus Pro,Domzoom,Won,2017-04-29,5029.0
ZA6AJ0N1,GTXPro,Scottech,Won,2017-08-15,5191.0
QGBMWIO6,GTX Basic,Zotware,Lost,2017-05-06,0.0
T361XRAQ,GTXPro,Dontechi,Lost,2017-05-03,0.0
NUQPJV8A,MG Advanced,,Engaging,,
GWRN1R49,MG Advanced,Scotfind,Won,2017-05-05,3042.0
Q0KYIEKA,GTX Basic,Globex Corporation,Won,2017-04-26,580.0
VY4IVO2W,GTX Plus Basic,,Engaging,,
2K7R3QHZ,GTX Basic,Nam-zim,Won,2017-09-03,616.0
WUWOHRX2,GTX Plus Basic,J-Texon,Won,2017-04-29,788.0
2OPR77CI,GTX Basic,Kan-code,Lost,2017-04-26,0.0
EO481IOJ,GTXPro,Vehement Capital Partners,Won,2017-04-25,4980.0
INKH0Y59,MG Special,,Engaging,,
OSMGVV1S,MG Special,,Engaging,,
1VIKWVHD,GTX Basic,Green-Plus,Lost,2017-08-10,0.0
UOXKC4UG,MG Advanced,Bioplex,Won,2017-08-04,2981.0
RDF2R9F8,GTX Basic,Finjob,Lost,2017-04-30,0.0
196BHHOS,GTX Plus Pro,Green-Plus,Lost,2017-04-27,0.0
BDUNPUWY,GTX Plus Basic,,Engaging,,
EYZ1MNSS,GTX Basic,Zencorporation,Won,2017-04-27,560.0
HDALWEHF,GTXPro,,Engaging,,
KFVI73X6,MG Advanced,Donquadtech,Won,2017-05-10,3844.0
88R4UBAN,GTX Basic,Bluth Company,Won,2017-05-06,562.0
08EX3XKE,MG Special,The New York Inquirer,Won,2017-05-01,51.0
4DK84UMX,GTX Plus Basic,Finhigh,Won,2017-06-20,984.0
735GFCU0,GTXPro,Gogozoom,Won,2017-06-07,4923.0
OTJR9SSK,GTX Plus Basic,,Engaging,,
2L8LJJRJ,GTX Basic,Faxquote,Lost,2017-08-03,0.0
2EO70V27,GTXPro,Sunnamplex,Lost,2017-04-27,0.0
7KU6B599,GTX Basic,Hottechi,Lost,2017-08-16,0.0
PNBSQPBR,MG Advanced,Konmatfix,Lost,2017-05-02,0.0
GQ2W1DXM,GTXPro,,Engaging,,
S87Y1DOY,GTX Plus Basic,Y-corporation,Won,2017-04-26,1113.0
EUE812O3,GTX Plus Pro,Treequote,Won,2017-05-11,6039.0
OBE9NAIO,GTX Basic,Massive Dynamic,Won,2017-06-04,538.0
7CTCDP9S,MG Advanced,Globex Corporation,Lost,2017-04-27,0.0
XE84LNAS,GTXPro,Groovestreet,Won,2017-05-22,4364.0
CEEJ2EN5,GTX Plus Basic,,Engaging,,
JNEQWZQK,GTX Basic,,Engaging,,
QRW4NKCY,GTX Basic,Labdrill,Lost,2017-08-07,0.0
RD0L0NJG,GTX Basic,Rantouch,Won,2017-04-27,464.0
PEPOKEFV,GTX Plus Basic,Cancity,Lost,2017-08-01,0.0
M16WB7N8,GTX Plus Pro,Warephase,Lost,2017-08-01,0.0
JHVY8I1M,GTX Plus Basic,Hottechi,Won,2017-06-30,1073.0
E59MLGMH,GTX Basic,Umbrella Corporation,Lost,2017-04-28,0.0
VGIIK8MS,GTX Plus Basic,Donware,Lost,2017-05-01,0.0
BTM58SCH,GTXPro,Massive Dynamic,Lost,2017-08-09,0.0
RXAQJKSL,GTX Plus Pro,,Engaging,,
HVVED5ZC,MG Special,Donware,Lost,2017-08-04,0.0
IGRY0M4Q,MG Advanced,,Engaging,,
HE5988NI,GTX Plus Basic,Globex Corporation,Lost,2017-08-09,0.0
N5QER189,GTX Plus Basic,Rundofase,Won,2017-05-11,1055.0
AEMTQ0GH,MG Special,Faxquote,Won,2017-04-28,43.0
3KSHTB4P,GTX Basic,Hottechi,Lost,2017-05-04,0.0
XPJQBSLV,MG Special,Golddex,Won,2017-04-28,49.0
ZZI8GUEM,GTX Plus Basic,Nam-zim,Lost,2017-04-28,0.0
HBWY3B48,GTXPro,Y-corporation,Lost,2017-04-28,0.0
ZBAMKTFX,GTXPro,Labdrill,Won,2017-08-08,4901.0
SICU0A7Z,GTX Basic,Stanredtax,Won,2017-04-27,517.0
H7GBGRSO,GTX Plus Basic,Funholding,Won,2017-06-13,1105.0
RLAGB32O,GTX Basic,Nam-zim,Won,2017-05-10,556.0
NYLCZ28K,MG Advanced,Treequote,Won,2017-08-16,3025.0
3LO8XJBY,MG Special,Condax,Won,2017-06-05,54.0
YMMQA65I,MG Special,Condax,Won,2017-04-28,53.0
I8A539VV,GTXPro,Newex,Won,2017-04-27,4735.0
9HYMQL4I,GTX Basic,,Engaging,,
DJF1XMC4,GTX Basic,Konex,Won,2017-04-29,584.0
NCDZRUZD,GTXPro,Umbrella Corporation,Lost,2017-05-12,0.0
0KEO3OP7,GTX Plus Pro,,Engaging,,
UXNB9OIB,GTXPro,Konex,Won,2017-04-28,5676.0
XWW6KUG0,GTX Basic,Konmatfix,Lost,2017-04-29,0.0
ZXUNLSOB,GTXPro,Scottech,Lost,2017-04-29,0.0
MZILPLUE,GTXPro,Finhigh,Won,2017-05-06,4727.0
MUYUSTKF,GTX Plus Pro,Gekko & Co,Lost,2017-08-11,0.0
7QIU2BCK,GTX Plus Basic,dambase,Won,2017-08-01,821.0
F749HRQ5,GTX Plus Basic,Golddex,Lost,2017-05-17,0.0
5ICV1IBY,GTX Plus Basic,Dontechi,Won,2017-08-07,999.0
H1O491SG,MG Special,dambase,Won,2017-08-05,54.0
ODIX25WY,GTX Basic,Conecom,Lost,2017-08-06,0.0
IRBQH4FY,MG Advanced,Gogozoom,Won,2017-05-10,3397.0
ZKVVWZ8T,GTX Basic,Silis,Won,2017-05-15,574.0
ZTT02VDQ,MG Special,Inity,Lost,2017-05-09,0.0
SAGXC5PF,MG Special,Gogozoom,Won,2017-08-15,59.0
J5QLUH5O,MG Special,Treequote,Won,2017-04-29,60.0
GIIKA5B9,GTX Basic,Lexiqvolax,Lost,2017-04-29,0.0
WX8KQPCM,GTX Basic,Zoomit,Won,2017-05-15,573.0
0CSJCW8I,GTXPro,Finjob,Won,2017-05-17,4406.0
0WRMY7IX,GTX Plus Basic,Plussunin,Won,2017-04-28,1146.0
7882RJGY,MG Special,,Engaging,,
N6185PK0,GTX Basic,Kinnamplus,Won,2017-05-13,525.0
FQ4QOS8U,GTX Basic,Dontechi,Lost,2017-04-29,0.0
XW9U35NQ,GTX Plus Basic,Scottech,Lost,2017-09-06,0.0
066V2ZGP,MG Advanced,Rangreen,Won,2017-08-14,3334.0
YUH42UOF,GTX Basic,Initech,Lost,2017-05-12,0.0
XZF4GG94,GTX Plus Basic,Donquadtech,Lost,2017-04-30,0.0
QAKLPDKQ,GTXPro,Ganjaflex,Lost,2017-04-29,0.0
731TOWDY,GTK 500,Labdrill,Won,2017-06-18,27385.0
KOI7M0RU,GTX Basic,Konmatfix,Lost,2017-08-15,0.0
HHDQ9EW4,GTX Basic,Inity,Engaging,,
KXY0TY2K,GTX Plus Basic,Lexiqvolax,Lost,2017-04-29,0.0
UNSJJUY4,GTX Basic,Warephase,Won,2017-08-14,599.0
XNO6DQPU,MG Special,Mathtouch,Won,2017-05-03,64.0
VMIAO42Z,GTX Plus Pro,Donquadtech,Engaging,,
A2HLNPEL,GTXPro,Scotfind,Lost,2017-05-06,0.0
NENHRB3K,MG Advanced,Lexiqvolax,Lost,2017-05-14,0.0
PE3CL3ME,MG Special,Kinnamplus,Lost,2017-06-10,0.0
IE6TPFU9,GTX Plus Basic,Scottech,Won,2017-05-15,918.0
VP8ERXPR,MG Special,,Engaging,,
WWTJ5PNC,MG Special,Bubba Gump,Won,2017-05-04,60.0
DH9CHQ02,GTXPro,Ontomedia,Lost,2017-05-10,0.0
S2ZN5NLA,GTX Basic,Gekko & Co,Won,2017-05-06,519.0
UEZOR630,GTX Basic,,Engaging,,
R9U1QNHQ,MG Special,Betasoloin,Engaging,,
NEM0GXXH,GTX Plus Pro,Scotfind,Won,2017-05-04,4956.0
5CZBHSRI,MG Advanced,Toughzap,Engaging,,
E8LO9APO,GTX Basic,Treequote,Lost,2017-05-17,0.0
EQZGV36H,GTX Plus Pro,Rangreen,Won,2017-08-08,5913.0
DYNHHN6P,GTXPro,Massive Dynamic,Engaging,,
FZ1TTF0X,GTX Basic,Bioholding,Lost,2017-05-31,0.0
DG6RIZ6R,GTX Plus Basic,Groovestreet,Won,2017-08-21,1210.0
DH6L7VA6,MG Advanced,Labdrill,Lost,2017-04-30,0.0
ZH14SZPT,GTX Plus Basic,,Engaging,,
9SBO74M5,MG Advanced,Genco Pura Olive Oil Company,Won,2017-08-10,3139.0
WHHVN372,GTX Basic,Initech,Won,2017-08-11,527.0
Q2CLAKLM,GTX Plus Pro,,Engaging,,
PJKAJVUG,GTX Basic,Dontechi,Lost,2017-05-04,0.0
FWTNRN0L,GTX Plus Pro,Labdrill,Won,2017-08-12,5408.0
TTNORNQI,MG Special,Groovestreet,Won,2017-08-12,62.0
BGQ2F0HA,GTX Basic,Domzoom,Won,2017-05-13,586.0
CY33L07I,GTXPro,Nam-zim,Lost,2017-05-01,0.0
JGXLR3H3,GTX Basic,Lexiqvolax,Won,2017-08-06,532.0
ZNFFFJ1T,GTX Basic,Newex,Won,2017-08-13,585.0
T5JO33V3,GTX Basic,Ron-tech,Won,2017-08-11,583.0
V7Y78MPU,GTX Basic,Rangreen,Won,2017-09-02,433.0
CNO8JPLA,GTX Basic,Condax,Won,2017-05-06,557.0
Y5OTY9O5,GTXPro,Opentech,Won,2017-05-09,4704.0
OTLQMB5X,GTX Basic,,Engaging,,
I81SUA2R,GTXPro,Plussunin,Won,2017-08-12,5182.0
2UHH7PD3,GTXPro,Lexiqvolax,Won,2017-05-13,5311.0
AZZEZKBN,GTX Plus Pro,Condax,Lost,2017-05-18,0.0
443ATESI,MG Special,Globex Corporation,Won,2017-08-28,64.0
OIO2H2MY,GTX Plus Pro,,Engaging,,
7DT8UKKY,GTX Basic,Zencorporation,Engaging,,
4UN65HWV,GTX Plus Basic,Warephase,Won,2017-08-23,878.0
E5NRH4BP,MG Special,Genco Pura Olive Oil Company,Won,2017-05-02,59.0
NK438B9U,GTX Basic,Zotware,Lost,2017-05-20,0.0
KCTYAQOR,GTXPro,Streethex,Lost,2017-08-07,0.0
OLGT0VHP,GTX Plus Pro,Statholdings,Engaging,,
RCNTHN0E,MG Special,Singletechno,Won,2017-08-20,65.0
ZIFDD41D,GTX Basic,Hottechi,Won,2017-08-11,543.0
I92EJ805,GTX Basic,Bluth Company,Engaging,,
5WHMLQDK,GTXPro,,Engaging,,
A5BVV5P8,GTX Basic,Scotfind,Lost,2017-06-12,0.0
QP006VDE,MG Advanced,Domzoom,Engaging,,
R1K16RZO,GTX Plus Pro,,Engaging,,
JQNSK78U,GTX Plus Pro,Condax,Lost,2017-05-10,0.0
C3OOZUTI,GTX Plus Pro,Warephase,Lost,2017-05-07,0.0
FI0I7E73,MG Advanced,Ron-tech,Won,2017-05-08,3971.0
523458T9,GTX Basic,Scottech,Won,2017-05-16,554.0
UYQJ2A1O,GTX Plus Pro,,Engaging,,
7FY0HBH7,MG Advanced,Cheers,Lost,2017-06-26,0.0
GAIFPSU2,GTX Plus Basic,Fasehatice,Won,2017-06-16,1273.0
UIX6X6R3,MG Advanced,Umbrella Corporation,Engaging,,
GBSK2HX8,GTX Plus Basic,Conecom,Won,2017-05-11,1300.0
60NIT1PM,GTX Plus Basic,,Engaging,,
44Y3J17P,GTX Plus Basic,,Engaging,,
59FN87JP,GTX Plus Pro,Mathtouch,Lost,2017-05-21,0.0
OJ92D9QU,MG Special,Condax,Lost,2017-08-14,0.0
GYKFAK7W,MG Advanced,Sonron,Won,2017-05-10,3527.0
GXBV5VYA,GTX Basic,Rundofase,Won,2017-05-06,526.0
VXWUALY5,MG Special,Condax,Lost,2017-06-10,0.0
IUDG3PF0,GTX Basic,Isdom,Lost,2017-08-07,0.0
DNUTJO70,GTX Basic,Hottechi,Won,2017-06-22,569.0
I631R5DT,GTX Plus Pro,Scotfind,Won,2017-05-14,6310.0
V9XJAZPC,MG Advanced,Globex Corporation,Lost,2017-05-10,0.0
OJPTGB57,GTX Plus Basic,Konex,Won,2017-05-17,1135.0
J9OP2A5I,MG Special,,Engaging,,
QYTGB5LA,GTX Plus Pro,dambase,Won,2017-08-19,5145.0
UCNEMT8P,MG Special,Cancity,Won,2017-08-09,54.0
7DDJHUWU,GTXPro,Scotfind,Lost,2017-05-17,0.0
8WB5HXOB,GTX Plus Pro,,Engaging,,
KOFE244J,MG Special,Codehow,Won,2017-08-01,53.0
D3JR6WFQ,GTX Basic,Umbrella Corporation,Won,2017-05-13,511.0
OJMME9V9,GTX Plus Pro,Konex,Won,2017-08-25,5747.0
4ZX1WPS7,GTXPro,Inity,Engaging,,
79IN4OVP,GTX Basic,Acme Corporation,Lost,2017-08-01,0.0
2NPSMBLK,GTXPro,Codehow,Lost,2017-08-08,0.0
NLKPA1KP,GTX Basic,Inity,Won,2017-08-11,596.0
38EYB40T,MG Special,Conecom,Won,2017-05-14,60.0
3FZVCDW0,GTXPro,Finjob,Won,2017-05-04,4372.0
2NTWE1G4,GTXPro,Xx-holding,Won,2017-05-08,4604.0
86C26QSR,GTX Plus Pro,,Engaging,,
SHGSBZU8,MG Advanced,Goodsilron,Lost,2017-05-13,0.0
AETY0W6G,GTXPro,Betasoloin,Won,2017-05-08,4859.0
A7F5O29R,MG Advanced,Zoomit,Won,2017-08-03,3718.0
LR45YFE4,MG Special,Groovestreet,Engaging,,
MIYAP26S,MG Advanced,Sumace,Lost,2017-05-19,0.0
IEZCZAKT,GTX Basic,Hottechi,Won,2017-05-30,493.0
PDMWTS8O,MG Special,Domzoom,Won,2017-06-04,54.0
OPEICJES,MG Special,Konmatfix,Won,2017-06-09,52.0
10UN7LA8,MG Advanced,Rangreen,Won,2017-06-23,3813.0
C2W2VHJY,GTXPro,Vehement Capital Partners,Lost,2017-08-04,0.0
Z032GGRE,GTXPro,Dontechi,Won,2017-08-12,4935.0
I8WTUMTA,MG Advanced,Codehow,Won,2017-08-17,3560.0
P05J08B4,GTXPro,Betatech,Lost,2017-05-20,0.0
GVCMT0GZ,GTXPro,Statholdings,Lost,2017-08-25,0.0
58SGEGN8,GTX Basic,Ron-tech,Lost,2017-05-10,0.0
LZLXBQ0I,GTX Plus Basic,Betatech,Lost,2017-08-20,0.0
1L2S3CMT,MG Advanced,Zumgoity,Lost,2017-08-27,0.0
CE852VBF,GTX Plus Basic,Stanredtax,Lost,2017-08-25,0.0
KTX7ETCE,GTX Basic,Genco Pura Olive Oil Company,Won,2017-08-05,528.0
JEPAVEO7,GTX Plus Basic,Stanredtax,Won,2017-06-20,1188.0
4T9CQH5J,GTX Plus Pro,Xx-zobam,Lost,2017-09-15,0.0
51T70SQX,MG Advanced,Dontechi,Lost,2017-05-10,0.0
SUYF0EN7,GTX Basic,Betatech,Won,2017-08-09,590.0
S2D060YF,GTX Basic,Y-corporation,Won,2017-08-14,578.0
DE5WRZ6B,GTXPro,Gekko & Co,Lost,2017-08-06,0.0
UJ7BYO6A,MG Advanced,,Engaging,,
N6CXTO48,GTX Basic,Lexiqvolax,Lost,2017-05-09,0.0
4Z7B0OQB,MG Advanced,Bioholding,Lost,2017-08-15,0.0
LCQ934W7,GTX Plus Basic,Xx-holding,Engaging,,
70TRVHOM,GTXPro,Donquadtech,Won,2017-08-05,4697.0
0G0S9TB8,GTXPro,Ontomedia,Lost,2017-08-13,0.0
U43RA5W8,GTXPro,Ontomedia,Lost,2017-05-30,0.0
SOE904XE,GTX Plus Basic,Kinnamplus,Won,2017-08-26,1161.0
C64JTLGO,GTX Plus Basic,Vehement Capital Partners,Won,2017-05-06,1101.0
F9XJYM9F,GTX Basic,Inity,Won,2017-08-12,511.0
XWN6WWOD,MG Special,Condax,Won,2017-08-01,57.0
17MPPMM0,MG Special,Xx-holding,Lost,2017-05-12,0.0
FV6PHMQW,GTX Basic,Singletechno,Won,2017-05-21,635.0
NX2K0HQ9,GTXPro,Nam-zim,Won,2017-08-16,4352.0
Z236WCM1,GTX Plus Basic,Vehement Capital Partners,Engaging,,
T5GZDRDE,MG Special,Y-corporation,Lost,2017-05-16,0.0
91G2ZW58,GTX Plus Pro,Rangreen,Lost,2017-05-10,0.0
H2PEIFZH,MG Advanced,Domzoom,Won,2017-05-08,3952.0
RG893DYQ,GTX Basic,The New York Inquirer,Engaging,,
WQSJNIEZ,GTX Basic,,Engaging,,
V8M89S4W,GTX Basic,Kan-code,Won,2017-05-06,560.0
5QR02PQI,GTX Plus Basic,Bioholding,Lost,2017-05-08,0.0
WB974HS4,GTX Plus Basic,Funholding,Won,2017-09-18,984.0
L6VDDXFV,MG Advanced,Vehement Capital Partners,Lost,2017-05-11,0.0
B0MOQZVN,GTX Basic,Sonron,Won,2017-05-14,579.0
09C4GR2W,GTX Plus Basic,Groovestreet,Won,2017-08-10,1151.0
6YN4FZHL,GTX Plus Basic,Donware,Won,2017-08-25,881.0
45CION64,MG Special,Umbrella Corporation,Won,2017-08-17,59.0
BSQRXW4X,GTX Basic,Plexzap,Won,2017-05-12,608.0
PYEQPW42,GTX Plus Pro,Dontechi,Won,2017-05-09,4784.0
5NW73ZRY,MG Advanced,Acme Corporation,Won,2017-05-22,3370.0
0P8NFYML,MG Special,Betasoloin,Lost,2017-05-24,0.0
HF74MC9F,GTX Plus Pro,Ganjaflex,Engaging,,
1Y9KPBXY,GTX Plus Basic,Funholding,Lost,2017-09-10,0.0
0AR9HD16,GTX Basic,Funholding,Won,2017-08-17,526.0
Q72BVH8T,GTX Plus Basic,Mathtouch,Lost,2017-05-12,0.0
OH7VVUY0,GTXPro,Hottechi,Won,2017-06-29,5028.0
4DPSFUEC,GTX Basic,Condax,Lost,2017-05-23,0.0
BB7JH1C4,GTXPro,Isdom,Lost,2017-05-18,0.0
FWTTJ2G8,GTX Basic,Initech,Engaging,,
FLJCJ7IE,GTX Basic,Codehow,Lost,2017-05-18,0.0
7T109BBY,GTX Basic,dambase,Lost,2017-05-20,0.0
4JVY843T,MG Advanced,Streethex,Lost,2017-05-23,0.0
J71N4WQ6,GTX Plus Basic,,Engaging,,
INI33ALF,GTX Basic,Genco Pura Olive Oil Company,Won,2017-05-22,569.0
D3M1KUQ2,MG Special,Codehow,Lost,2017-05-26,0.0
NOO83M87,GTX Plus Pro,Gekko & Co,Lost,2017-08-02,0.0
8G9Q7NXD,MG Special,Kan-code,Won,2017-08-09,51.0
IGHYUSN8,GTX Plus Pro,Golddex,Engaging,,
3F34LWKM,GTXPro,,Engaging,,
IRCBYH9Z,GTX Plus Basic,dambase,Lost,2017-08-30,0.0
559PYA0L,MG Advanced,Bubba Gump,Won,2017-05-21,4287.0
RIC5ZHK4,GTX Plus Basic,Plussunin,Engaging,,
YVXKNYSM,GTXPro,,Engaging,,
237L2CSV,GTXPro,Ontomedia,Won,2017-05-15,3960.0
AS7MJ0S1,GTXPro,Konex,Lost,2017-05-09,0.0
INAEAAI9,GTX Plus Basic,Codehow,Won,2017-09-02,1093.0
1XNXJUQM,GTX Plus Basic,Warephase,Won,2017-08-10,1194.0
Z64MQTF2,GTXPro,Rangreen,Won,2017-08-14,5310.0
BM0QXHMH,GTX Plus Basic,Blackzim,Lost,2017-08-04,0.0
ARY1F1KN,GTX Plus Basic,Fasehatice,Lost,2017-05-20,0.0
XPCDFUDY,GTX Basic,Hottechi,Lost,2017-08-03,0.0
73086D08,GTX Plus Pro,,Engaging,,
VDOUNMRC,GTX Plus Basic,Golddex,Won,2017-08-08,1222.0
TEKCKT3V,GTX Plus Basic,Inity,Won,2017-08-05,901.0
1WJT7CM8,MG Advanced,Ontomedia,Lost,2017-08-26,0.0
96A1GDXO,GTX Plus Pro,Kan-code,Won,2017-08-01,5601.0
OIFERO7S,MG Advanced,,Engaging,,
Z2E1UVVB,MG Advanced,,Engaging,,
AAU2IQFW,GTX Plus Basic,Donquadtech,Won,2017-08-05,995.0
PRHL94PK,MG Advanced,Xx-zobam,Won,2017-08-05,3666.0
3WC1FUFP,GTX Plus Basic,Zumgoity,Lost,2017-05-18,0.0
SHG8Y43V,MG Special,Scottech,Won,2017-05-19,56.0
1O2ZN81M,GTX Plus Basic,Initech,Won,2017-05-17,1372.0
J6T6BTJI,MG Advanced,Bluth Company,Won,2017-08-01,3282.0
0WO582AV,GTXPro,Dontechi,Lost,2017-08-06,0.0
JTTLDM4E,MG Special,Dalttechnology,Won,2017-08-18,43.0
8KQH5XI1,MG Special,Newex,Won,2017-09-05,54.0
1Q5XFO8D,GTX Basic,Stanredtax,Lost,2017-08-21,0.0
A3PNPLTG,GTX Basic,Cheers,Won,2017-05-16,575.0
03CWYGC9,GTX Plus Basic,Hottechi,Won,2017-08-10,768.0
FSEF5ZR9,GTXPro,Singletechno,Won,2017-09-12,4426.0
N23C5EKK,GTX Basic,Betatech,Lost,2017-05-10,0.0
S9K81CWS,GTX Basic,Konmatfix,Won,2017-08-20,553.0
PJ00PLEU,GTX Plus Pro,Codehow,Lost,2017-05-20,0.0
0AQGBN7B,GTX Plus Basic,,Engaging,,
3F8AA8RT,GTX Plus Basic,Green-Plus,Lost,2017-08-05,0.0
4NAHJMYM,GTX Plus Pro,Zoomit,Won,2017-09-18,4786.0
6KVOMBDJ,MG Advanced,Rundofase,Lost,2017-05-23,0.0
TFS5SYN2,GTXPro,The New York Inquirer,Lost,2017-05-17,0.0
N7KJ821I,GTX Plus Pro,Inity,Lost,2017-08-02,0.0
YCKKT5ME,MG Special,Ron-tech,Lost,2017-08-19,0.0
HI2E8TBI,GTX Plus Pro,dambase,Won,2017-05-16,5338.0
UU25XD9E,GTXPro,Hatfan,Engaging,,
Q54L8P6I,GTX Basic,Scotfind,Lost,2017-05-15,0.0
XSB7IN6X,GTX Plus Basic,Statholdings,Won,2017-08-31,996.0
K5GFWLKM,GTX Plus Basic,,Engaging,,
1K6HY455,MG Advanced,,Engaging,,
FQW15KC4,MG Advanced,Gekko & Co,Lost,2017-05-20,0.0
G17H7YXA,MG Special,Dontechi,Won,2017-08-09,63.0
XOE5EU8U,GTX Plus Basic,Opentech,Lost,2017-08-17,0.0
WEB7LYK0,GTX Plus Basic,Inity,Won,2017-05-19,1075.0
N4Z3QYK7,GTXPro,Warephase,Won,2017-05-24,5033.0
JECCHO49,MG Advanced,Rundofase,Won,2017-06-26,3249.0
QUOU67L5,GTX Plus Basic,Globex Corporation,Won,2017-08-14,1015.0
SSZHMEE3,GTX Basic,Stanredtax,Lost,2017-06-27,0.0
WUE92JFJ,GTX Plus Basic,Gogozoom,Won,2017-05-16,1100.0
EYNZMBI0,GTX Plus Pro,Blackzim,Won,2017-09-13,4755.0
LPOOKZCQ,GTX Basic,Kan-code,Lost,2017-08-08,0.0
GL1YE4PQ,GTK 500,,Engaging,,
HFUZQFQQ,GTX Basic,Groovestreet,Engaging,,
OCHUEK3V,GTX Plus Basic,Konex,Lost,2017-05-19,0.0
DU0DYV80,GTXPro,Golddex,Lost,2017-06-30,0.0
3C5KXGO6,GTX Basic,J-Texon,Won,2017-05-10,541.0
95532CI0,GTXPro,Hatfan,Won,2017-06-02,4815.0
8SVMGDPA,GTX Plus Basic,Donquadtech,Engaging,,
Q0MRZHN7,MG Special,Konex,Won,2017-05-12,57.0
WAN7I53E,GTX Plus Basic,Ron-tech,Lost,2017-05-20,0.0
6C1DLYBH,MG Special,Ron-tech,Lost,2017-08-22,0.0
ZC3UEHXG,GTX Plus Pro,Opentech,Won,2017-05-17,5406.0
FHWXZ6HL,GTXPro,,Engaging,,
HJBVO8T4,GTX Basic,Fasehatice,Lost,2017-06-21,0.0
5CJQB25J,MG Advanced,Xx-holding,Lost,2017-08-04,0.0
246MLWZ7,GTX Basic,Rangreen,Engaging,,
O22S564Y,GTX Plus Pro,Goodsilron,Won,2017-05-20,5042.0
UO62J3M0,GTXPro,Rantouch,Won,2017-05-23,3969.0
KLZ95C62,MG Special,dambase,Lost,2017-08-21,0.0
ROBBKT4T,MG Special,Isdom,Won,2017-08-04,59.0
FPTY1B79,GTX Basic,Sumace,Won,2017-05-16,629.0
AP3405RD,MG Special,Dontechi,Won,2017-05-16,57.0
AVZ1BG3K,MG Advanced,Konex,Lost,2017-05-14,0.0
FXLA39YR,GTXPro,Silis,Won,2017-08-06,4861.0
Q9GJ1LJT,MG Advanced,Plussunin,Lost,2017-09-03,0.0
P9VFKNR0,GTXPro,Dontechi,Lost,2017-08-01,0.0
WQ5WIP35,GTX Plus Basic,Zumgoity,Won,2017-05-30,980.0
X5YVW7O5,GTX Plus Pro,Umbrella Corporation,Lost,2017-05-17,0.0
DWCDI7Q2,MG Advanced,Zotware,Lost,2017-05-22,0.0
XH01XH1F,GTXPro,Kan-code,Lost,2017-08-24,0.0
U48PDN1F,GTXPro,Cancity,Won,2017-08-10,5361.0
QO0MQUOY,MG Advanced,Labdrill,Lost,2017-08-11,0.0
Q2RY668B,GTX Basic,,Engaging,,
VBFYOCDO,GTX Basic,,Engaging,,
UMMMBBS6,GTX Basic,Goodsilron,Lost,2017-08-25,0.0
53ZXALR1,GTX Plus Basic,Faxquote,Won,2017-09-14,1220.0
VQUCVSOL,MG Special,Doncon,Lost,2017-05-22,0.0
2NN7T8LG,MG Advanced,Singletechno,Lost,2017-05-16,0.0
SLCWM9BH,GTX Basic,Scotfind,Won,2017-09-04,464.0
974QGNBZ,MG Advanced,Genco Pura Olive Oil Company,Won,2017-05-24,3604.0
T8E8EDZS,GTX Basic,Finhigh,Won,2017-08-21,529.0
9C2RRH1Q,GTX Plus Basic,Toughzap,Lost,2017-09-19,0.0
H26RG9KC,MG Advanced,Green-Plus,Lost,2017-05-18,0.0
R034IT17,MG Special,Bubba Gump,Won,2017-05-12,54.0
T5SX9Z3T,GTX Basic,Conecom,Engaging,,
H6CG7TPM,GTX Plus Basic,Acme Corporation,Won,2017-05-28,1022.0
KV1EXWQG,GTX Plus Basic,Ron-tech,Lost,2017-08-03,0.0
P4GX3HZH,MG Special,Dontechi,Won,2017-05-26,52.0
VPG5E490,GTX Basic,Bubba Gump,Engaging,,
8I84MV5A,GTX Basic,Zencorporation,Engaging,,
KF05URX0,MG Special,,Engaging,,
GACP1E2I,GTXPro,Bioholding,Won,2017-08-11,5037.0
ASW97JK3,GTXPro,Globex Corporation,Won,2017-06-29,4709.0
XBYJ3NUR,MG Special,Treequote,Won,2017-05-20,60.0
4Q2GV039,MG Advanced,Stanredtax,Won,2017-08-24,3766.0
ZA1YVJQC,MG Advanced,Donquadtech,Won,2017-08-11,3552.0
5IQAJGCU,GTX Basic,,Engaging,,
59XUUWAQ,MG Special,Blackzim,Lost,2017-09-02,0.0
GGXEKX47,MG Advanced,Groovestreet,Lost,2017-08-03,0.0
LTVGILHP,GTX Basic,Bioholding,Engaging,,
N00L26DN,GTXPro,Kan-code,Lost,2017-05-30,0.0
8JP05QQR,MG Advanced,Fasehatice,Lost,2017-08-03,0.0
MV227O65,GTX Plus Pro,Sonron,Engaging,,
0BG8WJSX,GTX Basic,Finjob,Lost,2017-05-22,0.0
ZQVUQ5CJ,GTX Basic,Treequote,Won,2017-05-25,472.0
E8QHX9TE,GTX Plus Pro,,Engaging,,
ZFVG8LP2,MG Special,Cheers,Won,2017-05-20,56.0
P2ST849C,MG Special,Opentech,Won,2017-06-16,57.0
6CPBVF9F,MG Advanced,Mathtouch,Lost,2017-08-04,0.0
6ID18IJX,GTX Plus Basic,Newex,Won,2017-08-17,776.0
WSPM5X5V,MG Special,Gogozoom,Lost,2017-05-23,0.0
7SF3PMMY,MG Special,Codehow,Won,2017-06-10,61.0
CZF82O5B,MG Advanced,Hottechi,Won,2017-05-27,3831.0
BLLYPR3S,MG Advanced,Sumace,Lost,2017-08-24,0.0
6VLA3FDQ,MG Special,Rangreen,Won,2017-08-09,52.0
YL98GKZF,GTXPro,Golddex,Lost,2017-08-01,0.0
G43QQLLF,MG Advanced,dambase,Lost,2017-05-20,0.0
1DZNTUSA,GTXPro,Lexiqvolax,Lost,2017-05-20,0.0
G5Z0FWAX,GTXPro,Konex,Lost,2017-08-03,0.0
Z3FOWY9N,GTX Plus Pro,Scotfind,Won,2017-06-22,5698.0
S4OLFL40,GTX Basic,Ron-tech,Won,2017-05-22,595.0
LPY6VIZV,GTX Plus Pro,Codehow,Lost,2017-08-12,0.0
QQ96SPTU,GTX Plus Basic,Newex,Won,2017-08-23,1144.0
5YLCW6L5,MG Special,Finhigh,Won,2017-09-15,61.0
IQ8MEPW9,GTXPro,Acme Corporation,Lost,2017-05-24,0.0
AZX4XC81,MG Advanced,Konex,Lost,2017-08-13,0.0
GO4G2L4X,MG Advanced,Plussunin,Won,2017-05-15,3510.0
9HKP3RBS,GTX Basic,Konex,Won,2017-08-04,513.0
ER3G544S,MG Advanced,Toughzap,Lost,2017-08-14,0.0
YQFF7GFK,GTX Plus Basic,Inity,Won,2017-08-11,1083.0
1D1EJE8U,GTX Basic,Scotfind,Lost,2017-05-26,0.0
5BAGWGAG,GTX Plus Pro,Condax,Won,2017-08-23,5987.0
V1ROZMCX,GTX Plus Basic,dambase,Won,2017-06-28,1041.0
CEQ3J96G,MG Special,Funholding,Won,2017-08-04,54.0
P96S0ATV,MG Advanced,Massive Dynamic,Won,2017-06-01,2677.0
GXKR6EG9,MG Advanced,Rundofase,Won,2017-05-27,3558.0
I6UG2OLX,MG Advanced,,Engaging,,
XA4PGIHG,GTX Basic,Sumace,Lost,2017-08-08,0.0
INBSL1I4,GTX Plus Basic,Plussunin,Won,2017-08-20,866.0
4N2KE2ER,GTX Plus Basic,Condax,Won,2017-08-24,987.0
UJSFG18F,MG Advanced,Dontechi,Won,2017-08-15,3290.0
R9TWUEAT,GTX Plus Pro,Xx-zobam,Lost,2017-08-09,0.0
3K97S8L9,MG Advanced,Donquadtech,Lost,2017-05-19,0.0
QWR1O5R9,MG Advanced,Mathtouch,Lost,2017-05-17,0.0
0MZIJDPM,MG Special,Faxquote,Won,2017-09-13,54.0
3N46WQVI,MG Advanced,Faxquote,Engaging,,
FNQYVW3T,GTX Plus Pro,Singletechno,Won,2017-05-17,4627.0
CO6JN5NH,GTX Basic,Green-Plus,Lost,2017-08-22,0.0
D6XIVDQF,GTXPro,Codehow,Won,2017-09-06,5625.0
CQXYCHKN,GTX Basic,Genco Pura Olive Oil Company,Lost,2017-05-15,0.0
TWXUDY78,MG Special,Singletechno,Won,2017-08-23,57.0
OPL7DH0Q,GTX Plus Basic,Dontechi,Lost,2017-08-24,0.0
5VKRCTJE,GTX Plus Basic,Singletechno,Won,2017-08-01,1032.0
7DDD3NZ2,GTX Basic,Opentech,Won,2017-05-17,567.0
QL97HH1Y,MG Special,Dontechi,Won,2017-05-19,58.0
9KN4MG14,GTX Plus Pro,Gogozoom,Lost,2017-08-25,0.0
4V3TLIGG,MG Special,Rundofase,Won,2017-05-22,50.0
ALZNZ666,MG Advanced,Toughzap,Engaging,,
BJO24Z5A,GTX Plus Basic,,Engaging,,
BWRNVTNR,GTX Basic,Mathtouch,Lost,2017-08-02,0.0
0H4AHJRI,GTX Basic,Bubba Gump,Lost,2017-06-01,0.0
S9WJ9NAS,MG Special,Gogozoom,Won,2017-06-24,59.0
BCA3ICIO,GTX Plus Pro,Umbrella Corporation,Lost,2017-08-14,0.0
F914VHA3,GTX Basic,Bluth Company,Won,2017-08-06,525.0
EF24VTVA,GTX Plus Pro,Kinnamplus,Engaging,,
1CZU97OX,GTX Plus Pro,Singletechno,Won,2017-08-02,5525.0
HY94AVIW,GTX Basic,,Engaging,,
T4FQOS6J,GTX Plus Basic,Opentech,Engaging,,
4BPA17HF,GTX Basic,Zoomit,Won,2017-05-28,628.0
LAOGNZOU,GTX Plus Basic,Hottechi,Won,2017-05-22,902.0
V3KGPHH9,GTX Plus Basic,Stanredtax,Won,2017-06-07,1064.0
RNH95U0V,GTX Plus Pro,Zotware,Won,2017-08-20,6346.0
ZJ1BOSNL,MG Advanced,Xx-zobam,Won,2017-05-24,3089.0
0X1AY1FM,MG Advanced,Sonron,Won,2017-05-18,3484.0
D821LEQV,MG Special,Isdom,Lost,2017-08-24,0.0
B1O27MFD,MG Special,Rundofase,Lost,2017-08-06,0.0
UOUG01WG,MG Special,Betatech,Won,2017-05-16,68.0
848QSODT,GTX Basic,,Engaging,,
3X2HOUYU,GTX Basic,Fasehatice,Won,2017-08-16,575.0
V135X5B7,MG Advanced,Xx-zobam,Won,2017-05-17,3720.0
89P5UVQ0,GTXPro,,Engaging,,
WUXGF870,GTX Plus Pro,Hottechi,Lost,2017-05-27,0.0
3372JYYQ,MG Advanced,Condax,Engaging,,
ENE1HNL3,GTX Plus Basic,Bluth Company,Won,2017-06-27,1078.0
C8SWZNON,GTXPro,Sumace,Won,2017-05-23,3717.0
EXMA7FRC,GTX Plus Basic,Hottechi,Won,2017-05-30,1129.0
KJHM27ZM,GTX Plus Pro,Labdrill,Engaging,,
8H1VRXAK,GTX Basic,Umbrella Corporation,Won,2017-09-15,536.0
10QXTLQX,GTXPro,Acme Corporation,Won,2017-06-25,5857.0
7YT7NRV9,MG Special,,Engaging,,
5BRZKG6Y,MG Special,Blackzim,Lost,2017-09-08,0.0
X4FW4JR1,GTX Basic,,Engaging,,
BHV4K3VV,GTX Basic,Y-corporation,Won,2017-05-25,549.0
BOHWQ1B3,MG Special,Streethex,Won,2017-09-07,61.0
K4KNZQY6,GTX Plus Pro,Scotfind,Lost,2017-08-07,0.0
9WUD1Q5D,MG Special,Toughzap,Lost,2017-08-10,0.0
KAPP0SBT,MG Advanced,Cancity,Lost,2017-08-21,0.0
XSWTUMGY,GTX Basic,Fasehatice,Lost,2017-08-13,0.0
KS9B13NQ,GTX Plus Basic,Blackzim,Won,2017-09-10,1101.0
S983P5KR,GTX Basic,Inity,Lost,2017-08-11,0.0
K0ZYCW3U,GTX Basic,Dontechi,Won,2017-06-27,603.0
SFCT64YG,GTX Basic,Inity,Won,2017-09-05,545.0
DUM5AP8P,MG Advanced,Vehement Capital Partners,Lost,2017-05-30,0.0
XAC1J3TF,MG Advanced,,Engaging,,
RNV54AZ7,GTX Plus Pro,Yearin,Lost,2017-05-26,0.0
AVNVFAIR,GTX Plus Basic,Fasehatice,Won,2017-08-25,959.0
TEJBT5CP,GTX Plus Basic,Konex,Won,2017-06-03,1208.0
UFALPP82,GTXPro,Goodsilron,Won,2017-08-19,4246.0
NHA6MNJF,MG Advanced,Zotware,Won,2017-09-26,3061.0
S3UOGUU5,GTXPro,Rantouch,Lost,2017-06-21,0.0
TSRHYEOQ,GTXPro,Condax,Lost,2017-08-13,0.0
ZIK2R3S7,MG Advanced,,Engaging,,
K44WX2BT,MG Advanced,Massive Dynamic,Won,2017-08-13,3351.0
HF2DSIT5,GTX Basic,,Engaging,,
XD6R8R5B,MG Advanced,Hottechi,Won,2017-05-30,3153.0
CEGQ4V9F,GTX Plus Basic,Konex,Lost,2017-05-20,0.0
58DMWXXI,GTX Plus Pro,J-Texon,Lost,2017-05-27,0.0
8GYJOE85,GTX Basic,Hottechi,Lost,2017-08-22,0.0
KJP1JFKX,GTX Basic,Hottechi,Won,2017-06-06,533.0
LGK00C12,GTX Basic,Bioholding,Lost,2017-08-24,0.0
1F950BGI,MG Special,Genco Pura Olive Oil Company,Won,2017-06-01,56.0
1KV8WY84,GTX Plus Basic,Statholdings,Lost,2017-05-24,0.0
FN080GSV,GTX Basic,Finjob,Won,2017-08-04,522.0
M3IMVC9G,GTX Plus Basic,,Engaging,,
XR3BL1JL,MG Special,Goodsilron,Won,2017-08-20,54.0
BTRIUUWG,GTX Basic,,Engaging,,
YD38G676,MG Advanced,Hatfan,Lost,2017-05-27,0.0
4AS1VXQM,GTXPro,Rantouch,Won,2017-09-07,5154.0
UW6FSSDK,MG Special,Acme Corporation,Lost,2017-08-16,0.0
GYC77KNM,MG Advanced,Gekko & Co,Won,2017-09-16,3483.0
XRO7PMA2,GTX Plus Basic,,Engaging,,
HS58SPS7,MG Special,Bubba Gump,Lost,2017-05-25,0.0
5BGYQS4R,GTX Plus Basic,Finhigh,Won,2017-08-11,1110.0
YMS8IG4L,GTX Basic,Umbrella Corporation,Won,2017-05-27,441.0
04OAV3CV,GTX Plus Pro,,Engaging,,
NISR8D1V,GTX Basic,Hottechi,Won,2017-08-08,553.0
T4MF2SMF,MG Advanced,Scotfind,Won,2017-06-04,3624.0
G6PDDHMN,GTX Basic,Genco Pura Olive Oil Company,Lost,2017-05-31,0.0
S2GG93I6,GTXPro,Faxquote,Lost,2017-08-22,0.0
8GV0BQTU,MG Advanced,Xx-holding,Engaging,,
I99AI8C5,MG Special,dambase,Lost,2017-08-08,0.0
3SEMPUU1,GTXPro,Labdrill,Engaging,,
8W87JE97,GTXPro,Konex,Lost,2017-08-12,0.0
RQM0PS59,MG Special,J-Texon,Lost,2017-08-18,0.0
483NKH0E,GTXPro,Plexzap,Won,2017-08-18,4644.0
G6QI40AT,MG Special,Umbrella Corporation,Lost,2017-05-29,0.0
UQY5TEE8,MG Special,Codehow,Won,2017-09-20,51.0
AXHNVQPQ,GTXPro,Golddex,Won,2017-09-08,4573.0
N2KXGJO3,MG Advanced,Silis,Won,2017-08-01,3033.0
DDP76LIP,MG Special,Hatfan,Lost,2017-05-26,0.0
43AH1M09,MG Special,Warephase,Lost,2017-05-24,0.0
852ZZB90,MG Special,Ron-tech,Won,2017-06-02,58.0
V2GGEAOC,MG Special,Streethex,Won,2017-09-15,51.0
0Y8HO91H,GTXPro,Massive Dynamic,Won,2017-08-02,4873.0
0K59ZLQC,GTX Basic,Donquadtech,Engaging,,
PNUBACZM,GTXPro,Isdom,Won,2017-06-07,4606.0
DPT11UGS,GTX Plus Basic,Iselectrics,Won,2017-09-05,995.0
GQFRHJF6,GTXPro,Umbrella Corporation,Won,2017-08-10,4581.0
S8ALJKKH,GTXPro,Massive Dynamic,Won,2017-08-14,4671.0
2BXYT4PD,GTX Plus Pro,Funholding,Engaging,,
2FMT1053,MG Advanced,,Engaging,,
HU970PDK,GTX Plus Pro,Donquadtech,Engaging,,
D85PDC6S,GTX Plus Pro,,Engaging,,
7D75QXBD,GTX Plus Basic,Groovestreet,Engaging,,
N3GVE0VP,GTK 500,,Engaging,,
L71FBIF7,MG Special,Bioholding,Lost,2017-09-10,0.0
HU6IS6Q2,GTX Plus Pro,Domzoom,Won,2017-06-11,5241.0
UXFEJC9Q,GTX Plus Basic,Nam-zim,Won,2017-05-22,1082.0
D4Z6IL8W,GTX Basic,Rundofase,Won,2017-06-05,616.0
OK39IHP1,MG Special,,Engaging,,
5FG7S674,MG Special,Zencorporation,Lost,2017-08-14,0.0
KJXB9Q7O,MG Special,Finhigh,Lost,2017-05-24,0.0
CX4ZLSDW,MG Special,,Engaging,,
UFL6ZQDV,GTX Basic,,Engaging,,
KN3H2R4V,GTX Basic,Y-corporation,Lost,2017-06-25,0.0
20QTAZ1L,MG Special,Lexiqvolax,Lost,2017-05-23,0.0
NJCI3Y9S,GTXPro,Condax,Won,2017-06-03,4642.0
OATOYNX2,MG Special,Bioholding,Won,2017-06-27,63.0
GAH11YHT,MG Advanced,Konex,Lost,2017-05-20,0.0
FT8227WB,GTX Plus Basic,Zencorporation,Lost,2017-06-01,0.0
0XHTFQE8,GTX Plus Basic,Betasoloin,Won,2017-08-19,1131.0
6I76NXTK,GTX Basic,Ganjaflex,Won,2017-09-04,503.0
0FLFT1R4,GTX Basic,Massive Dynamic,Won,2017-08-03,516.0
QX4VN0WB,GTX Basic,Mathtouch,Won,2017-09-01,592.0
14V0RQBV,GTXPro,Toughzap,Lost,2017-08-27,0.0
2G82J8WD,GTXPro,Warephase,Won,2017-09-11,4914.0
00KY25OA,GTX Basic,Condax,Won,2017-06-01,564.0
QDDD0L2Y,MG Special,Kan-code,Lost,2017-05-27,0.0
6TN4T6HN,GTX Plus Basic,Golddex,Won,2017-06-01,964.0
VA2JJZXD,GTXPro,Rundofase,Lost,2017-09-09,0.0
MQY3YOQS,GTX Basic,Funholding,Won,2017-06-02,583.0
MGD7DZAU,GTX Basic,Globex Corporation,Engaging,,
BRFHWGVC,GTX Plus Basic,,Engaging,,
3YWITFR5,GTX Basic,Ron-tech,Won,2017-08-15,440.0
BEKQZ411,MG Special,Inity,Won,2017-08-31,58.0
PK0T5N02,GTX Plus Basic,Initech,Won,2017-05-26,1093.0
8Z4ZMS9U,MG Advanced,,Engaging,,
DTSCBNCX,GTX Plus Basic,Donquadtech,Lost,2017-08-12,0.0
TUDKP25E,MG Advanced,Rangreen,Lost,2017-08-01,0.0
JL9ERNVY,GTX Plus Pro,,Engaging,,
E1OBRLYZ,GTX Basic,Zencorporation,Won,2017-05-27,529.0
913RPKAD,GTXPro,Sumace,Won,2017-05-24,4839.0
JM5GDLEF,GTXPro,,Engaging,,
NJC209SC,GTXPro,Cancity,Won,2017-09-27,5961.0
MMUC1AXI,GTXPro,Gogozoom,Won,2017-08-09,5647.0
X66G66ZA,MG Special,Toughzap,Won,2017-08-18,56.0
PI2PHSBE,GTX Basic,Zencorporation,Lost,2017-08-05,0.0
CYKC7RXH,GTXPro,Kan-code,Lost,2017-08-06,0.0
WXRWSVTT,GTX Basic,Kan-code,Won,2017-08-18,492.0
81NOKKSW,MG Special,Statholdings,Won,2017-08-31,68.0
CP3JY4PE,MG Advanced,Groovestreet,Won,2017-09-14,3728.0
K2683261,GTX Plus Basic,Plusstrip,Won,2017-09-13,1082.0
MPCJV2LA,GTX Plus Basic,Hatfan,Lost,2017-08-21,0.0
0DDBDPJU,GTX Basic,Funholding,Won,2017-08-05,557.0
RXIQFV8D,MG Special,Dontechi,Won,2017-08-09,60.0
5RGYU88R,GTX Plus Pro,Scottech,Won,2017-05-25,5046.0
F3P73EG4,MG Special,Gogozoom,Won,2017-08-04,53.0
CRLWCEMY,MG Advanced,Stanredtax,Won,2017-06-10,2807.0
3590U14O,GTXPro,Plexzap,Lost,2017-08-23,0.0
CFOYAHQ1,GTXPro,Plusstrip,Lost,2017-05-30,0.0
IQ5ASHI1,GTX Basic,Bioholding,Won,2017-08-11,475.0
G378ZBNC,MG Advanced,Ron-tech,Won,2017-08-03,3031.0
6ZVC87CV,MG Special,Ontomedia,Won,2017-08-09,53.0
4Y1DYANE,GTX Plus Basic,Xx-zobam,Won,2017-06-04,1112.0
CX0SXNCN,GTX Basic,Treequote,Engaging,,
PGYBGBU3,GTXPro,Yearin,Won,2017-09-11,4491.0
GQPQ6XBD,GTX Basic,Blackzim,Won,2017-06-06,562.0
G4KL8QWY,GTX Basic,Rantouch,Won,2017-06-04,593.0
GIVVPRQQ,GTXPro,Hottechi,Won,2017-08-30,4606.0
JF178AXO,GTX Plus Basic,Faxquote,Won,2017-08-11,1100.0
43NBMRFY,GTX Plus Basic,Scotfind,Won,2017-08-18,1198.0
RE3UNESR,GTX Basic,,Engaging,,
PPUSV3RG,GTX Plus Pro,,Engaging,,
UQ67214Z,MG Advanced,Dontechi,Won,2017-08-20,3250.0
HDITQL1S,MG Advanced,Treequote,Won,2017-09-05,2785.0
1WPONGOS,MG Special,Scotfind,Won,2017-08-11,49.0
UF0S02A4,MG Advanced,Inity,Lost,2017-05-25,0.0
ZG1DFNPW,GTX Basic,Bioholding,Won,2017-09-15,547.0
SS9FXCS2,MG Special,Bioholding,Won,2017-08-01,57.0
SHE8LB0Y,MG Special,Fasehatice,Lost,2017-08-08,0.0
9D6NTQ16,MG Special,Y-corporation,Lost,2017-08-06,0.0
59N6QWQM,MG Advanced,Sonron,Lost,2017-05-23,0.0
ZHKJIJA1,GTX Basic,Cheers,Won,2017-08-05,572.0
SDL8MJ4R,MG Special,Ontomedia,Won,2017-06-10,48.0
G86OKJFV,GTX Plus Pro,Isdom,Lost,2017-05-31,0.0
WM7XURV6,GTX Plus Basic,Groovestreet,Engaging,,
6I125KPN,MG Advanced,,Engaging,,
HUCB9WIQ,MG Advanced,Conecom,Lost,2017-09-08,0.0
R8CMI00I,GTX Basic,Kan-code,Won,2017-06-06,555.0
T7HHH8HK,GTX Basic,Konex,Won,2017-09-02,476.0
2YLXKON1,MG Advanced,,Engaging,,
407NLHJH,GTX Plus Basic,Labdrill,Won,2017-06-14,1090.0
ZJQKUIZ4,MG Special,Opentech,Engaging,,
KD63LC6D,GTX Basic,Condax,Won,2017-09-25,584.0
WS3BIQ4S,GTX Plus Pro,,Engaging,,
TB27K4GC,GTK 500,Finjob,Won,2017-08-14,24745.0
U177IWW0,GTX Plus Basic,,Engaging,,
VN8YFKTN,GTXPro,Condax,Lost,2017-05-25,0.0
NFFS1KSK,GTX Basic,Zotware,Won,2017-05-27,512.0
SWEQFKRF,GTXPro,,Engaging,,
V1T47SKL,MG Special,Zoomit,Won,2017-06-07,60.0
LFPY1Z14,GTXPro,Hottechi,Lost,2017-09-07,0.0
M6IGBW79,GTX Plus Basic,Dalttechnology,Won,2017-08-08,1088.0
HYSOZRCG,GTX Plus Basic,,Engaging,,
41RF80KQ,GTX Plus Pro,,Engaging,,
CYB0NUCJ,MG Special,,Engaging,,
2QGI573A,GTX Basic,The New York Inquirer,Won,2017-05-26,463.0
QW4QPPSY,GTX Plus Basic,Gekko & Co,Won,2017-08-24,877.0
99L2TNR5,MG Advanced,Hottechi,Won,2017-08-24,3339.0
3H3TNCP5,GTX Plus Basic,Condax,Engaging,,
J8Y1OGY2,MG Special,Finhigh,Lost,2017-05-28,0.0
7SJD7M9K,GTXPro,Funholding,Won,2017-08-20,4180.0
OKNOWHS3,GTX Plus Basic,Labdrill,Lost,2017-08-02,0.0
VO8WTDHE,GTX Basic,Hatfan,Lost,2017-05-26,0.0
5FX5TX9L,GTX Plus Pro,Hatfan,Won,2017-08-14,4642.0
TLT4JJ0U,MG Advanced,Warephase,Lost,2017-09-13,0.0
RA77E84P,GTX Basic,Globex Corporation,Won,2017-09-08,578.0
7U225819,MG Advanced,Gogozoom,Won,2017-08-11,3285.0
075SHVO3,MG Special,Plexzap,Lost,2017-08-12,0.0
HHNFD7DX,GTX Plus Basic,Xx-zobam,Lost,2017-08-29,0.0
PA55AGYL,GTXPro,Cheers,Won,2017-05-31,5212.0
V93ZA48C,GTX Basic,Donware,Won,2017-09-24,614.0
TR3TXXHF,GTX Plus Pro,Bubba Gump,Won,2017-09-13,5778.0
11V16SZZ,GTX Basic,Labdrill,Engaging,,
SURL8H49,MG Advanced,Bubba Gump,Won,2017-09-10,3521.0
3IWUUUCN,GTXPro,,Engaging,,
POXC3DA1,GTX Plus Pro,Kinnamplus,Lost,2017-09-21,0.0
KMGXUADZ,GTXPro,Rundofase,Won,2017-08-06,5109.0
K7TV5UBZ,GTX Plus Pro,,Engaging,,
X5IZZ69D,GTX Basic,Doncon,Lost,2017-06-20,0.0
X58FLJ8K,GTX Plus Pro,Lexiqvolax,Won,2017-09-18,5190.0
IDBXD4OU,GTX Basic,Scotfind,Lost,2017-08-22,0.0
TDNJDFU6,GTXPro,Zoomit,Lost,2017-08-13,0.0
KIMUGBN5,MG Advanced,Dontechi,Lost,2017-08-14,0.0
4G0X8VHP,MG Advanced,Y-corporation,Engaging,,
6BIZ2MB6,MG Special,,Engaging,,
7U81B9AQ,GTX Plus Basic,Goodsilron,Won,2017-09-27,940.0
WGSS08LF,GTXPro,dambase,Lost,2017-08-26,0.0
WC8KQJV9,GTX Basic,Goodsilron,Won,2017-08-06,647.0
FENOSL5C,GTX Plus Pro,Condax,Won,2017-08-17,6206.0
PQ3CLZ2N,MG Advanced,Massive Dynamic,Won,2017-09-10,3158.0
N4ZJ2PJT,MG Advanced,Donware,Won,2017-08-19,2699.0
32A5TJ6D,MG Special,Domzoom,Lost,2017-08-13,0.0
HZCF65PU,GTX Plus Basic,Plussunin,Won,2017-08-04,1302.0
TCTLOMKP,MG Advanced,Bioplex,Won,2017-06-27,2993.0
O0NCMYX9,GTX Basic,Betatech,Won,2017-06-05,460.0
0STR2QEA,GTX Plus Pro,Inity,Engaging,,
HELQUZNO,GTX Basic,Konex,Won,2017-09-25,616.0
V7DHDF8V,MG Advanced,Scottech,Lost,2017-08-07,0.0
A3OROHUS,GTXPro,Globex Corporation,Won,2017-08-14,4270.0
CXYWGOPF,GTXPro,Ontomedia,Lost,2017-08-21,0.0
DLQTM07N,GTXPro,Treequote,Won,2017-08-22,4787.0
Y2EC6KYG,MG Advanced,,Engaging,,
SUXDAQNV,GTX Basic,Statholdings,Lost,2017-08-28,0.0
ZT2NKCV5,MG Special,Hottechi,Won,2017-05-31,55.0
I4YPNNTU,MG Advanced,Funholding,Won,2017-08-09,3808.0
2PI827MA,GTXPro,,Engaging,,
KOYW9WIV,GTX Basic,Rundofase,Won,2017-09-23,483.0
JRAAPD3L,MG Advanced,Warephase,Won,2017-09-16,3727.0
21JDZDNJ,GTXPro,Faxquote,Won,2017-08-14,4738.0
EP0H3SJO,GTX Plus Basic,Ron-tech,Won,2017-08-04,1275.0
GIP11NY3,MG Advanced,Treequote,Won,2017-08-19,3428.0
7X1D49TU,MG Special,Conecom,Lost,2017-09-11,0.0
PDXFONE0,GTXPro,Mathtouch,Won,2017-06-07,5420.0
77WSI0TH,MG Special,Dalttechnology,Lost,2017-08-28,0.0
DJDVV89L,MG Special,Dontechi,Won,2017-06-11,59.0
ZK4S74FD,GTX Plus Pro,Singletechno,Engaging,,
E5V4WT18,MG Special,Genco Pura Olive Oil Company,Engaging,,
CYSF0YQN,GTX Plus Basic,Dontechi,Lost,2017-08-15,0.0
HEK08UMI,MG Advanced,Rangreen,Lost,2017-08-19,0.0
7AXR8U55,MG Advanced,,Engaging,,
GRRY4DQR,GTX Basic,Silis,Won,2017-09-15,561.0
S3JAC8GQ,GTX Plus Basic,Zathunicon,Won,2017-08-10,1354.0
E3JP7HCX,MG Special,The New York Inquirer,Won,2017-09-18,44.0
FF5G00YD,GTX Basic,Mathtouch,Won,2017-09-18,560.0
5975TDTI,GTXPro,Donquadtech,Won,2017-06-09,5324.0
7X0T2QOL,MG Advanced,,Engaging,,
7KKFQ7LX,MG Advanced,,Engaging,,
IBZI95HI,GTX Plus Basic,Zoomit,Engaging,,
3ATYY665,GTXPro,Conecom,Engaging,,
GZU4ZSFE,GTXPro,Faxquote,Won,2017-09-23,4924.0
E4KL4NGF,GTX Basic,Golddex,Won,2017-08-07,571.0
QCH2R1VO,MG Advanced,Konex,Won,2017-08-12,4022.0
SH6F6COK,GTX Basic,Rundofase,Lost,2017-08-12,0.0
KOJ4SQ1T,MG Special,Groovestreet,Lost,2017-08-22,0.0
DMUQAWQH,GTX Plus Basic,Faxquote,Won,2017-06-12,1030.0
C2RL3DUQ,MG Advanced,Bioholding,Lost,2017-08-09,0.0
2LTS2CL8,MG Special,Streethex,Lost,2017-05-31,0.0
113O9JCA,MG Special,Codehow,Lost,2017-09-09,0.0
54XWHO19,GTX Basic,Hatfan,Lost,2017-08-03,0.0
09RN3MHV,GTXPro,Kan-code,Won,2017-09-21,5074.0
EPSIB2JR,MG Special,Zoomit,Engaging,,
YW14K7PE,GTX Plus Pro,Vehement Capital Partners,Won,2017-09-23,5198.0
G1L2YY5P,GTX Basic,,Engaging,,
9UYUV724,GTX Plus Pro,Faxquote,Lost,2017-09-06,0.0
UZI6MKVR,MG Special,Betatech,Lost,2017-08-24,0.0
N1H9ILZ9,GTX Basic,Conecom,Won,2017-09-03,576.0
V8RYC18P,MG Special,Stanredtax,Won,2017-08-21,57.0
5OQELHMF,GTXPro,Konex,Lost,2017-08-14,0.0
NCF4DT7H,MG Advanced,Condax,Lost,2017-06-05,0.0
DC2JL47C,GTXPro,Dontechi,Engaging,,
GMN9KQN2,GTXPro,,Engaging,,
L9WWFYQW,GTXPro,Codehow,Lost,2017-08-18,0.0
AR2T4LAR,GTXPro,Scottech,Won,2017-08-22,4432.0
GPC8PLM7,GTX Basic,Kinnamplus,Won,2017-09-02,481.0
YA822MOB,GTX Plus Pro,Y-corporation,Lost,2017-08-22,0.0
JBCQ1ODR,GTXPro,Newex,Won,2017-08-28,5293.0
M26BSX5S,GTXPro,Codehow,Lost,2017-08-06,0.0
PLYYX5CD,GTX Plus Pro,Hottechi,Won,2017-08-17,5769.0
JP2EY6QU,GTXPro,Globex Corporation,Won,2017-09-02,4929.0
48INT6OA,GTXPro,Rundofase,Won,2017-08-05,4924.0
EVDMSM4N,GTX Plus Basic,Blackzim,Lost,2017-08-14,0.0
9FH4OP4U,GTX Plus Pro,Faxquote,Won,2017-08-04,5312.0
N128I4H8,MG Special,Nam-zim,Won,2017-06-07,66.0
8NKLCSES,GTX Plus Basic,Toughzap,Won,2017-06-18,1115.0
1ZMWMU21,MG Advanced,Conecom,Won,2017-08-23,3407.0
R617R51D,GTX Basic,Cancity,Won,2017-09-03,540.0
W8E2YLNY,GTX Plus Basic,Acme Corporation,Won,2017-09-04,1095.0
TX9VFL4J,GTX Plus Basic,Silis,Won,2017-08-23,1019.0
5ELX1QYM,GTX Plus Basic,Green-Plus,Lost,2017-05-30,0.0
RTQVKK41,GTXPro,Scotfind,Lost,2017-08-17,0.0
9DEDEQ5O,GTXPro,Green-Plus,Won,2017-09-14,4477.0
Z8JLMCOM,GTXPro,Hatfan,Won,2017-06-02,4644.0
1O58TWRZ,GTX Basic,Finhigh,Lost,2017-08-20,0.0
RHOZIG9P,GTX Plus Basic,Cancity,Lost,2017-06-13,0.0
VXTVHC1Z,GTX Plus Pro,,Engaging,,
52Q1PYGW,GTX Plus Basic,Zotware,Won,2017-06-08,940.0
56ZJUSNG,GTXPro,Acme Corporation,Won,2017-06-07,5378.0
Y92RU9V8,GTXPro,Kan-code,Won,2017-06-15,4712.0
SXV6VZVC,GTX Plus Basic,Bioholding,Won,2017-08-25,1118.0
BGY307FC,GTX Plus Pro,Ganjaflex,Won,2017-08-11,5695.0
BAN0BVHW,GTXPro,Yearin,Won,2017-08-05,4462.0
GV9G96Z1,GTXPro,Plussunin,Lost,2017-08-30,0.0
Z75R686C,MG Advanced,Singletechno,Won,2017-08-28,3701.0
BO1ZOZG2,GTX Plus Basic,Ontomedia,Engaging,,
OERROEPM,GTX Basic,,Engaging,,
12GLKKV4,GTX Plus Basic,J-Texon,Won,2017-06-08,941.0
VDD7H92Q,GTX Plus Basic,Hatfan,Won,2017-06-05,1171.0
83JP1K4E,GTK 500,Rantouch,Won,2017-08-28,24899.0
ME3H0RUJ,MG Advanced,Rantouch,Won,2017-09-21,3418.0
W8E76HJG,GTX Basic,Hottechi,Won,2017-06-08,537.0
MWSPTOQK,GTXPro,,Engaging,,
IMB2N710,GTX Plus Basic,Rantouch,Won,2017-08-04,1053.0
OJBBZHM4,GTX Basic,Genco Pura Olive Oil Company,Won,2017-06-11,497.0
2PQORQGO,GTX Plus Pro,Zencorporation,Won,2017-09-13,5714.0
I3RW4OMF,GTX Basic,Bioholding,Won,2017-08-29,611.0
RY6T3GLC,GTXPro,Zathunicon,Engaging,,
LG8ZAMCB,GTXPro,Opentech,Won,2017-06-11,5642.0
XJ8UTM6B,GTXPro,Umbrella Corporation,Won,2017-06-11,5081.0
CVGTFBZE,GTXPro,Cancity,Won,2017-08-02,3985.0
RW02HG5P,MG Advanced,Bluth Company,Won,2017-06-11,3313.0
7W8CQJ2Z,MG Advanced,Plexzap,Won,2017-06-11,3850.0
M03IHS3P,GTX Plus Basic,Scottech,Won,2017-08-06,917.0
GX3SHSEA,MG Special,Streethex,Won,2017-08-08,56.0
8G3HB5S6,GTX Basic,,Engaging,,
9KTHISLX,MG Advanced,Lexiqvolax,Lost,2017-08-18,0.0
Q808L4HZ,GTXPro,Newex,Won,2017-08-07,5194.0
IWQP4M72,GTX Plus Basic,Bioholding,Lost,2017-08-29,0.0
MPME6VZD,GTX Plus Basic,Dontechi,Engaging,,
EUYJDW9C,GTXPro,,Engaging,,
3GOXMQPF,GTX Plus Basic,Golddex,Won,2017-08-17,1002.0
1WZ5N86Q,GTX Plus Pro,Hottechi,Won,2017-08-17,6042.0
C3QK8M7F,GTX Plus Pro,Sonron,Won,2017-06-15,4423.0
9BXXDYH9,MG Special,Groovestreet,Won,2017-08-18,45.0
YRTI0EKE,GTX Basic,,Engaging,,
4X3H9YD5,GTK 500,Kan-code,Won,2017-08-29,25791.0
K83L4L0I,MG Advanced,Mathtouch,Won,2017-06-17,2918.0
E9C7WXQL,GTX Plus Basic,Streethex,Won,2017-09-19,959.0
UMXZFLO8,GTXPro,,Engaging,,
AAVJHH3M,GTXPro,Green-Plus,Won,2017-06-06,5532.0
NEVHU7GV,GTX Plus Basic,Ontomedia,Lost,2017-08-07,0.0
POLWB0UX,GTXPro,Xx-zobam,Won,2017-06-06,4687.0
ZSHK2ZXD,GTX Basic,dambase,Won,2017-06-21,602.0
PF7GFMLQ,GTX Basic,Condax,Won,2017-08-10,595.0
LKMZWCKQ,GTXPro,Funholding,Lost,2017-09-06,0.0
3D6ZHLF0,GTX Basic,Zoomit,Lost,2017-08-05,0.0
3R8PJCCW,MG Advanced,Blackzim,Won,2017-09-03,2868.0
CPWTJ2WC,MG Advanced,Finhigh,Won,2017-06-03,3236.0
QZLWUJEJ,GTXPro,Ganjaflex,Lost,2017-05-31,0.0
NDVZAHYA,GTX Basic,Golddex,Won,2017-08-15,524.0
1R8VKE8O,GTX Plus Pro,Golddex,Won,2017-08-15,5631.0
QNVW1NSS,MG Advanced,,Engaging,,
LNX7ULEG,GTX Plus Pro,Sonron,Won,2017-08-22,5572.0
42N0IWF8,GTXPro,Condax,Won,2017-06-05,5644.0
N60TC14O,GTX Plus Pro,Zumgoity,Lost,2017-08-05,0.0
V6YYDG56,GTX Plus Pro,Donquadtech,Lost,2017-06-16,0.0
S1AU0IZX,GTXPro,Inity,Won,2017-06-04,4192.0
GFXKHCEM,MG Special,Fasehatice,Lost,2017-09-05,0.0
YH2NHVXC,MG Advanced,Blackzim,Lost,2017-08-26,0.0
JSNPH01N,MG Special,Sonron,Won,2017-06-10,56.0
CQDULMXS,GTX Basic,Gekko & Co,Won,2017-08-05,607.0
VKM187MX,MG Special,Condax,Won,2017-06-09,48.0
GIPPUV2F,GTX Plus Basic,Nam-zim,Engaging,,
4IUJNFPF,GTX Basic,Singletechno,Lost,2017-08-18,0.0
ZE7PM90V,GTX Basic,Blackzim,Won,2017-08-23,570.0
CAAYFKK8,GTX Plus Basic,Singletechno,Won,2017-06-04,1056.0
HTBPSC2D,GTX Basic,,Engaging,,
NQZNAEYQ,GTX Basic,Lexiqvolax,Won,2017-09-03,560.0
J47DPNB5,GTX Plus Pro,Plexzap,Lost,2017-08-03,0.0
37B8ES7X,GTX Basic,Groovestreet,Won,2017-06-21,588.0
KYABDCKE,GTXPro,Y-corporation,Won,2017-09-02,4356.0
3CP9VXC1,MG Special,Labdrill,Won,2017-08-15,69.0
9XGT3451,GTX Basic,Rangreen,Won,2017-08-02,505.0
AG0H8IAZ,GTX Basic,Sonron,Won,2017-09-23,510.0
28FTXKAB,MG Advanced,Zoomit,Won,2017-09-23,3722.0
SIBR2J01,MG Special,,Engaging,,
ROUOR5L0,GTX Plus Basic,Finjob,Won,2017-08-02,1145.0
QPMZ5RG0,MG Special,Streethex,Won,2017-08-27,53.0
2PMIYAFN,GTX Plus Basic,Kan-code,Won,2017-06-15,1120.0
CRWE8FRT,MG Advanced,Initech,Won,2017-09-22,3404.0
FC1LS6PY,MG Advanced,Zumgoity,Lost,2017-06-08,0.0
6FI9HAX7,MG Special,Ron-tech,Won,2017-06-13,46.0
JL86Q0B4,MG Special,The New York Inquirer,Won,2017-06-14,53.0
Y2A8EUBM,GTX Basic,Singletechno,Lost,2017-08-20,0.0
C2MKJA8V,GTXPro,Condax,Won,2017-06-05,4988.0
IJ4Y77D9,MG Special,Rantouch,Won,2017-08-12,53.0
CGCPVYNI,GTX Basic,Isdom,Won,2017-06-08,523.0
ST8ZOXKI,MG Special,Hottechi,Won,2017-06-11,63.0
P07OGZ3F,MG Special,Stanredtax,Won,2017-08-28,54.0
0DLEXLEV,GTX Plus Pro,Yearin,Won,2017-09-07,6117.0
27UN3UX8,GTX Plus Pro,Ontomedia,Won,2017-06-09,5112.0
NR5D7201,MG Advanced,Kan-code,Won,2017-09-03,3527.0
UGTXH980,GTXPro,,Engaging,,
LKBS2IJC,GTX Plus Pro,Konmatfix,Lost,2017-06-11,0.0
MFO940S8,MG Special,Finhigh,Lost,2017-08-24,0.0
5O0597PP,MG Advanced,Warephase,Lost,2017-08-07,0.0
C4FEG98K,GTX Basic,Inity,Won,2017-06-14,565.0
EKH5O1HH,MG Advanced,Ron-tech,Won,2017-06-09,3771.0
BZ9C1LQT,MG Advanced,Fasehatice,Lost,2017-08-09,0.0
ZT6D57ED,GTX Plus Pro,Scottech,Won,2017-09-02,6274.0
NKERMTB8,MG Advanced,Plexzap,Lost,2017-08-03,0.0
Q67320CY,MG Advanced,Sunnamplex,Won,2017-08-17,3480.0
K5NFTQRI,GTX Plus Pro,Fasehatice,Won,2017-08-16,5770.0
IJ7B896N,MG Advanced,Hottechi,Lost,2017-09-12,0.0
8KBVRQHD,GTX Plus Pro,Statholdings,Lost,2017-08-29,0.0
AGZ87JFX,GTX Basic,Rangreen,Lost,2017-08-01,0.0
OBGCQ1BK,GTX Basic,Domzoom,Lost,2017-09-21,0.0
K05LLUU4,GTX Basic,Ron-tech,Lost,2017-09-25,0.0
9WISPXZW,GTX Basic,Konex,Won,2017-06-12,562.0
ZTVWSE98,MG Special,,Engaging,,
4ZGA57SX,GTXPro,Mathtouch,Won,2017-08-03,4686.0
6ONKN1IM,MG Advanced,Newex,Lost,2017-08-22,0.0
JVIIWJDL,MG Special,Opentech,Won,2017-09-02,38.0
W8M8XI8Y,MG Advanced,Finjob,Won,2017-08-05,3184.0
MELHF0ZP,GTX Plus Pro,Rundofase,Won,2017-09-17,5373.0
6SV2WYK4,GTX Plus Basic,Bluth Company,Won,2017-09-05,1239.0
SPV7OJTH,MG Advanced,,Engaging,,
6JEAYHOE,MG Advanced,Isdom,Lost,2017-06-18,0.0
IKQSEYPT,MG Special,Streethex,Won,2017-06-12,52.0
ZN0FWO0L,GTX Basic,Ganjaflex,Won,2017-09-19,651.0
CPL37MZC,GTX Plus Pro,dambase,Won,2017-08-02,6026.0
N7G1TU1X,MG Advanced,,Engaging,,
GM68OLDH,GTX Plus Pro,Green-Plus,Won,2017-09-05,5569.0
W604BPPE,GTX Basic,Dontechi,Lost,2017-08-25,0.0
GIJ14130,GTX Basic,Hottechi,Won,2017-09-04,519.0
CUA83384,GTX Basic,Scotfind,Won,2017-09-05,558.0
ZGQI86AQ,GTX Basic,Sonron,Won,2017-09-05,523.0
L8NLCWFS,GTXPro,Scotfind,Won,2017-08-20,4869.0
UPHLXZ3M,MG Special,Funholding,Lost,2017-08-02,0.0
JDFQYP5L,GTX Basic,Stanredtax,Won,2017-08-09,588.0
06AIY3IS,GTX Plus Pro,Condax,Won,2017-08-21,5712.0
4LQAN2JX,GTX Plus Basic,Golddex,Won,2017-08-29,1046.0
84QGC91P,MG Special,Singletechno,Won,2017-08-17,54.0
98MASV7P,GTXPro,Xx-zobam,Won,2017-08-12,4933.0
QFBBRJL5,MG Special,Umbrella Corporation,Won,2017-09-26,60.0
CUV49MUR,GTXPro,Zathunicon,Engaging,,
XCGW5K0N,GTX Basic,Silis,Won,2017-09-12,572.0
UUF8Z53N,MG Special,Condax,Won,2017-08-30,55.0
J6MIKNYJ,MG Special,Xx-zobam,Won,2017-08-22,51.0
3W4AWYSK,GTX Plus Pro,Vehement Capital Partners,Lost,2017-08-24,0.0
VBN5T6F8,MG Special,Opentech,Won,2017-08-31,59.0
W1J3L0EU,GTXPro,Betasoloin,Won,2017-06-06,4492.0
45CMXP2K,GTX Basic,Treequote,Lost,2017-08-03,0.0
6OJAC85F,GTXPro,Codehow,Lost,2017-08-29,0.0
K94WM7M4,MG Advanced,Zathunicon,Lost,2017-08-27,0.0
31KRB7R2,GTX Basic,Plexzap,Lost,2017-08-12,0.0
5PG1KSKD,GTXPro,Fasehatice,Lost,2017-08-06,0.0
LDAXEBR0,GTX Basic,Treequote,Won,2017-06-22,639.0
NGTMVX1C,GTX Plus Basic,Globex Corporation,Won,2017-06-21,1040.0
SFBHZLHK,GTXPro,Finhigh,Won,2017-09-12,4138.0
7VMOJBPN,GTXPro,Faxquote,Engaging,,
13PPMGNM,GTX Plus Basic,Plexzap,Lost,2017-08-07,0.0
6GY8Q8F0,MG Special,Funholding,Won,2017-09-23,54.0
5JIXFMFY,MG Advanced,Inity,Won,2017-09-14,3438.0
JBY30BSR,GTXPro,Finjob,Lost,2017-08-05,0.0
69XL3JMB,GTX Plus Basic,Isdom,Won,2017-08-05,1017.0
YTGQKC7A,MG Special,Dalttechnology,Engaging,,
DYWMK8OF,MG Advanced,Singletechno,Won,2017-09-19,3314.0
GG8XQD8Z,MG Special,Cancity,Lost,2017-08-12,0.0
URT8A7OQ,MG Special,Rangreen,Won,2017-08-24,51.0
LGO0XF4X,MG Special,Kan-code,Won,2017-09-10,50.0
Y46OEBEH,MG Special,Zathunicon,Won,2017-06-09,54.0
G54JJCMX,GTX Plus Pro,Scottech,Lost,2017-08-18,0.0
BPQ0358T,MG Advanced,Rangreen,Lost,2017-09-16,0.0
EPH7L4K0,GTXPro,Condax,Lost,2017-09-05,0.0
SMU4542Q,GTX Plus Basic,Hottechi,Lost,2017-08-16,0.0
E884CL8B,GTXPro,Ontomedia,Won,2017-06-17,4942.0
4K8N65EM,MG Special,Initech,Lost,2017-08-06,0.0
KVTBYOVD,GTXPro,Kan-code,Won,2017-06-14,4612.0
ZA6CBQAL,GTXPro,Zotware,Won,2017-06-20,4308.0
Y6YZXVTF,MG Advanced,Massive Dynamic,Won,2017-09-04,2876.0
SHETLR3T,GTX Plus Pro,Warephase,Won,2017-08-30,4990.0
EL03YRD0,GTX Plus Basic,Scotfind,Lost,2017-09-29,0.0
3KZUBSRU,GTX Plus Basic,Sonron,Won,2017-09-09,1024.0
F8QQEW1W,GTX Plus Basic,,Engaging,,
FA6JQ4V2,MG Special,Lexiqvolax,Won,2017-09-16,53.0
4LXUITP3,GTX Basic,,Engaging,,
GXC8JN36,GTXPro,,Engaging,,
XTE9XJTS,MG Special,Zencorporation,Engaging,,
N7WUBQR0,GTX Plus Basic,Singletechno,Lost,2017-09-17,0.0
9KJ89VHI,GTX Basic,J-Texon,Won,2017-09-01,525.0
N3CN7GCZ,MG Special,Nam-zim,Won,2017-08-27,60.0
KAHKF9H1,GTX Plus Basic,Scotfind,Won,2017-06-08,967.0
P4UJ64QM,GTX Basic,Rantouch,Lost,2017-08-14,0.0
IHF5GR01,GTX Basic,Initech,Won,2017-06-14,524.0
81DUFIPO,MG Special,J-Texon,Won,2017-09-10,57.0
58K44TMD,MG Advanced,Bubba Gump,Lost,2017-06-20,0.0
EEBOSTAA,GTX Plus Pro,Warephase,Won,2017-06-13,5056.0
9DDHZUZB,GTX Basic,Konex,Won,2017-06-08,600.0
IWLEND3K,GTX Basic,Donware,Won,2017-09-26,633.0
VICY80KW,GTXPro,Vehement Capital Partners,Won,2017-08-27,4994.0
H35AXY3M,GTX Plus Basic,Kan-code,Won,2017-06-10,899.0
1UHFKBP6,GTXPro,Scottech,Lost,2017-08-06,0.0
VF7DWQIH,GTX Plus Pro,dambase,Won,2017-08-25,5421.0
C7NW3JB2,GTXPro,Genco Pura Olive Oil Company,Won,2017-08-23,5223.0
SUABQAC0,GTXPro,Rundofase,Won,2017-06-18,4794.0
6JWA8DFJ,GTXPro,Toughzap,Won,2017-09-06,4903.0
OEBJXZN6,MG Advanced,Dontechi,Won,2017-08-13,3625.0
QMUBRAT2,GTX Basic,Globex Corporation,Lost,2017-08-28,0.0
W5P1OLUL,GTX Basic,Rundofase,Won,2017-08-03,554.0
JP4H1WG4,GTX Basic,Singletechno,Lost,2017-09-03,0.0
580XZTEO,GTX Basic,Sunnamplex,Lost,2017-06-11,0.0
PIFPDJMN,GTX Basic,,Engaging,,
MASS6JEE,GTXPro,Hatfan,Won,2017-09-05,5039.0
XNC9UMYH,GTX Plus Basic,Faxquote,Won,2017-08-30,1169.0
AUEAKRQV,GTXPro,Toughzap,Won,2017-09-19,5055.0
08Q8A6M9,MG Special,Scottech,Won,2017-06-22,60.0
6F8IL0XV,GTX Plus Basic,Condax,Lost,2017-08-27,0.0
NTHLG5DT,GTX Basic,Golddex,Won,2017-09-08,595.0
Y5OZ7VOF,MG Advanced,Plexzap,Won,2017-06-21,3227.0
9HLQVY37,GTX Plus Basic,Konmatfix,Lost,2017-06-11,0.0
8C3LOLPY,GTX Plus Basic,Ron-tech,Lost,2017-08-14,0.0
QMJHLT1V,MG Special,Hottechi,Won,2017-09-20,59.0
Q5JU0LZJ,GTX Basic,Inity,Won,2017-09-26,479.0
IRODLEGG,MG Advanced,Globex Corporation,Won,2017-09-14,3449.0
HTA6XLY3,MG Special,Massive Dynamic,Won,2017-09-24,54.0
XW7J3TI2,MG Advanced,Hatfan,Lost,2017-08-14,0.0
1BV5JLZV,MG Special,Doncon,Won,2017-09-01,59.0
84D18IA1,MG Special,Acme Corporation,Lost,2017-08-01,0.0
7J0ZLDB1,MG Special,,Engaging,,
41IM8V9E,GTX Basic,Finjob,Lost,2017-09-27,0.0
NXFAXN16,MG Special,Streethex,Won,2017-09-27,55.0
FXXEZ5U2,MG Advanced,Initech,Won,2017-08-09,3042.0
3F81XLI7,GTXPro,Ganjaflex,Won,2017-08-11,4230.0
ID4LC9V5,GTX Plus Basic,Initech,Won,2017-08-15,979.0
IPQFYK0E,GTX Plus Basic,Zotware,Won,2017-06-17,1064.0
UU0F81HS,GTXPro,Xx-zobam,Won,2017-08-20,5166.0
7SBDZJF4,GTX Plus Basic,Bioplex,Won,2017-08-23,1036.0
7UI7YX03,GTXPro,Hottechi,Won,2017-08-06,4330.0
BNYWSG6W,MG Advanced,Hottechi,Won,2017-09-13,3598.0
RC1YCAEP,GTX Basic,Goodsilron,Won,2017-08-16,431.0
H6TY7RBJ,GTX Plus Basic,Funholding,Lost,2017-08-28,0.0
MU6NOSH1,GTX Basic,Funholding,Won,2017-06-17,624.0
OFIORN0G,GTX Plus Basic,Finhigh,Won,2017-06-11,1140.0
PMHOZRJN,MG Special,Condax,Won,2017-09-17,62.0
7Z3Q8UYS,GTX Basic,Fasehatice,Lost,2017-08-01,0.0
YT9PLSVL,GTX Basic,Streethex,Won,2017-09-15,584.0
BQINW2LB,MG Special,Lexiqvolax,Lost,2017-09-09,0.0
BLFMYCVF,MG Special,Goodsilron,Won,2017-08-19,57.0
379SDV6Y,GTX Plus Basic,Statholdings,Won,2017-08-05,1267.0
FE2AE2YO,GTXPro,Umbrella Corporation,Lost,2017-06-11,0.0
XQY4Z4KI,MG Special,,Engaging,,
2756CEOQ,MG Special,Plusstrip,Won,2017-09-16,55.0
9GYIYGHW,MG Advanced,,Engaging,,
Z4CFFZAW,MG Special,Opentech,Won,2017-09-10,63.0
I967JINR,GTXPro,Donquadtech,Won,2017-09-05,3961.0
IE18U4NO,MG Special,Zathunicon,Won,2017-08-26,45.0
JNIMHE7Y,MG Special,Warephase,Won,2017-08-20,61.0
KUKJQX9Y,MG Advanced,Bubba Gump,Lost,2017-09-08,0.0
QCIG6H19,GTX Plus Basic,Isdom,Won,2017-08-31,1114.0
DW29KM30,MG Advanced,Zathunicon,Engaging,,
R7IIOFBH,GTX Basic,Kan-code,Won,2017-08-05,566.0
Q7ST5E1W,MG Advanced,dambase,Lost,2017-08-20,0.0
6MTURF7Q,MG Special,Green-Plus,Won,2017-06-21,56.0
MWT1ZV0Y,GTX Basic,Ron-tech,Won,2017-06-18,627.0
RKVXBXBM,MG Special,,Engaging,,
B7Q6Q7S2,GTX Plus Basic,Dalttechnology,Won,2017-08-16,1101.0
3DYZN86H,MG Advanced,Hottechi,Won,2017-09-17,2979.0
QYKTG5QA,MG Advanced,Isdom,Lost,2017-09-04,0.0
67CKCI5G,GTXPro,Gekko & Co,Lost,2017-08-05,0.0
2O1IK8VR,MG Advanced,Warephase,Won,2017-06-17,3662.0
C6TQMD3C,GTX Plus Pro,,Engaging,,
IQMW1VDP,MG Special,,Engaging,,
R9AVNYCO,GTX Plus Basic,Conecom,Engaging,,
G1AKE0NR,GTXPro,,Engaging,,
N8NQK8K7,GTXPro,Dalttechnology,Lost,2017-08-22,0.0
V93EX6XU,GTXPro,Nam-zim,Won,2017-08-17,5185.0
5QNUZYIL,MG Advanced,Umbrella Corporation,Won,2017-06-24,3681.0
WX63AIMZ,MG Special,Dontechi,Won,2017-06-18,59.0
09P7O0LQ,MG Special,Finhigh,Won,2017-09-13,60.0
GYS3APR7,GTX Basic,Bluth Company,Won,2017-08-05,602.0
9VF00HWL,GTX Basic,Xx-zobam,Won,2017-08-12,515.0
UTJGDR3K,GTXPro,Streethex,Lost,2017-08-25,0.0
MD0SRXG4,GTX Plus Pro,Ron-tech,Won,2017-06-21,5175.0
E0ITYYTG,GTXPro,Acme Corporation,Lost,2017-08-27,0.0
PGK5K24U,GTXPro,Plussunin,Won,2017-08-28,4780.0
AY3KTIXX,GTX Plus Pro,Cheers,Engaging,,
X46ZXX2S,GTX Plus Basic,Globex Corporation,Lost,2017-08-11,0.0
4QP55BTO,GTX Basic,Globex Corporation,Won,2017-06-16,614.0
G6X1B2K5,GTX Basic,Rangreen,Won,2017-09-13,532.0
0YCAS0B9,GTX Plus Pro,Finhigh,Won,2017-08-27,6096.0
6UZVABQR,GTX Basic,Hottechi,Won,2017-08-17,486.0
9NTDQ8ZC,GTX Basic,Funholding,Won,2017-08-17,566.0
FCCI80H2,MG Special,Singletechno,Lost,2017-06-22,0.0
ALQRAPZR,GTX Plus Basic,Green-Plus,Won,2017-06-16,923.0
7SPRU76Q,GTXPro,Hottechi,Won,2017-09-30,4744.0
JEMEGXUG,GTX Basic,Warephase,Won,2017-08-19,517.0
GVHIFUN1,GTX Plus Basic,Zumgoity,Won,2017-06-14,881.0
RBB3C85Q,GTXPro,Gogozoom,Won,2017-06-24,4272.0
WFP9J5J7,GTXPro,Finjob,Lost,2017-08-26,0.0
8I4915WD,GTX Plus Basic,Lexiqvolax,Won,2017-09-02,805.0
S2J63YRV,MG Special,,Engaging,,
L831D7DF,MG Special,Funholding,Lost,2017-08-18,0.0
839DCVT2,MG Special,Codehow,Won,2017-09-13,55.0
D17T8PTH,GTX Basic,,Engaging,,
EJ0EF8S1,GTX Basic,Sunnamplex,Won,2017-06-15,507.0
0ORRC53X,GTX Basic,Finjob,Won,2017-09-08,520.0
3QTN3F5T,MG Advanced,Isdom,Won,2017-08-15,3470.0
SY6BWRRO,GTXPro,Vehement Capital Partners,Lost,2017-08-14,0.0
JW5SYMNS,GTX Plus Basic,Zotware,Won,2017-08-22,1176.0
FHM7LYZ3,MG Special,,Engaging,,
REO3FMSB,MG Advanced,Massive Dynamic,Engaging,,
BJJQSJD8,GTX Plus Basic,Zotware,Engaging,,
VP2CW520,GTX Plus Basic,Treequote,Lost,2017-08-26,0.0
2F0RUQ0B,GTXPro,Zotware,Won,2017-08-02,4517.0
XUP62FUM,GTX Plus Pro,Rantouch,Won,2017-08-16,5125.0
T56J7ES7,GTX Plus Basic,Nam-zim,Engaging,,
MUIT1E0M,GTXPro,Kan-code,Won,2017-06-19,5339.0
D7XNUYJD,GTXPro,Plusstrip,Lost,2017-08-19,0.0
ORG6MXKF,GTX Plus Basic,Condax,Won,2017-06-26,1135.0
VS4UFFLH,MG Special,Kan-code,Won,2017-09-05,52.0
VUYQCXTY,GTX Plus Basic,Bioholding,Won,2017-08-04,1017.0
YFJKP42F,MG Advanced,Codehow,Won,2017-06-27,3681.0
OES8ZX7B,GTX Plus Basic,Rundofase,Lost,2017-08-04,0.0
V9FD3EYK,GTXPro,Mathtouch,Won,2017-09-22,4370.0
3C9CWV6J,MG Advanced,Iselectrics,Won,2017-06-14,3772.0
NDGQ0H91,MG Advanced,Sumace,Won,2017-06-28,2871.0
OU9O62Y7,GTX Plus Pro,Cancity,Won,2017-08-04,4749.0
LFQCLMMG,MG Special,Ganjaflex,Lost,2017-08-27,0.0
3ZG0719M,GTX Plus Basic,Ron-tech,Won,2017-08-26,1075.0
EMIAKHPF,GTX Plus Pro,Kinnamplus,Won,2017-09-21,5051.0
GG85QBTM,GTK 500,Lexiqvolax,Engaging,,
MKEVYIDI,GTX Plus Basic,Isdom,Won,2017-06-17,834.0
IFNT8NLL,MG Special,Green-Plus,Lost,2017-08-07,0.0
EWRVDN3U,MG Advanced,Toughzap,Lost,2017-09-19,0.0
WEGC0W05,MG Special,Rangreen,Won,2017-06-19,54.0
HZ283240,GTX Basic,Streethex,Lost,2017-09-07,0.0
3J1W4LM0,GTX Basic,Domzoom,Won,2017-06-21,527.0
1RIY3IBH,MG Advanced,Globex Corporation,Won,2017-06-12,2724.0
6NZH6X7G,GTX Plus Pro,Betasoloin,Lost,2017-06-21,0.0
DJ2GWNGZ,GTX Basic,Kinnamplus,Won,2017-09-05,551.0
LC2RIMSX,GTXPro,Vehement Capital Partners,Engaging,,
S02S3TVE,GTX Plus Basic,Plusstrip,Won,2017-06-21,1118.0
34YT99YN,GTX Plus Pro,Dalttechnology,Won,2017-08-23,6094.0
N33B6LND,MG Special,Gekko & Co,Lost,2017-08-22,0.0
RUAU1ORD,GTX Basic,,Engaging,,
C7NBDKVV,GTX Basic,Nam-zim,Won,2017-08-06,556.0
9YVSYSE8,GTX Basic,Globex Corporation,Lost,2017-09-16,0.0
VUF34IPC,MG Special,Rangreen,Won,2017-09-13,49.0
ONUWPAJM,GTX Plus Basic,Silis,Lost,2017-09-11,0.0
A50JWKFS,GTX Plus Basic,Streethex,Won,2017-09-25,1001.0
JP72AC6I,MG Advanced,The New York Inquirer,Won,2017-09-16,3777.0
9SZTURAF,GTX Plus Basic,Initech,Won,2017-08-17,892.0
LB8UE159,GTX Plus Pro,Iselectrics,Won,2017-06-19,5353.0
QYWZZ16B,GTXPro,Betatech,Won,2017-06-24,4410.0
IJNOVBGU,MG Advanced,Konmatfix,Won,2017-09-03,3768.0
KYL4UFG5,GTX Basic,Bluth Company,Lost,2017-08-29,0.0
QFBITAKR,GTX Basic,J-Texon,Won,2017-08-10,507.0
VSZ4UVVN,GTX Plus Basic,Zumgoity,Won,2017-09-20,1144.0
31C5DVJT,MG Special,Cheers,Won,2017-09-22,44.0
EG3KHGPL,MG Advanced,Treequote,Won,2017-06-27,3470.0
ZI89S9HC,MG Advanced,Dalttechnology,Engaging,,
LSJ2A8ZX,GTK 500,Cheers,Won,2017-09-26,29166.0
9D06AK8T,GTX Plus Basic,Kan-code,Won,2017-08-10,1045.0
PPXIWYMT,GTX Plus Basic,Fasehatice,Won,2017-09-12,951.0
5653N8BM,GTX Plus Basic,Zoomit,Engaging,,
YWKJW726,MG Special,Stanredtax,Won,2017-08-20,43.0
ZVT9J7V1,MG Special,Zumgoity,Won,2017-06-15,55.0
477HSG28,GTX Basic,,Engaging,,
NOBIC0PD,GTXPro,Kan-code,Won,2017-08-17,4294.0
UKECBJV5,GTX Plus Pro,Streethex,Won,2017-08-29,4961.0
YT34YUZN,GTXPro,Betasoloin,Engaging,,
UWVT8M2Y,GTX Basic,Iselectrics,Lost,2017-08-18,0.0
FU00L2Y2,GTXPro,Ontomedia,Won,2017-09-23,4506.0
518D68L9,GTXPro,Zencorporation,Lost,2017-06-26,0.0
AOZKTGZG,GTX Basic,Singletechno,Won,2017-08-22,608.0
TKN1L8EX,GTX Plus Basic,Zathunicon,Won,2017-09-20,851.0
9GQ6HQLK,GTX Plus Basic,Inity,Won,2017-09-20,1143.0
0RL4RHQJ,GTX Plus Pro,Globex Corporation,Won,2017-06-25,6365.0
ZE9WX1Q9,MG Special,Fasehatice,Won,2017-08-21,54.0
MCA0202R,GTX Basic,,Engaging,,
QY6MB3QJ,GTX Basic,Sunnamplex,Lost,2017-08-14,0.0
RUYLZD4O,GTXPro,Sonron,Won,2017-06-29,4798.0
BOVKZHAZ,MG Special,Doncon,Lost,2017-08-29,0.0
3X5BD9NU,GTXPro,Fasehatice,Won,2017-06-25,4733.0
YT8YYRTU,GTX Plus Basic,Cheers,Won,2017-08-29,1250.0
6V7OMXY5,GTX Plus Pro,Faxquote,Won,2017-09-01,5966.0
0TR3RU8A,MG Special,Domzoom,Won,2017-09-10,61.0
3A7G5K0E,GTX Basic,,Engaging,,
WWCMITY9,GTXPro,Funholding,Engaging,,
TNWCER5C,GTX Plus Basic,,Engaging,,
GTOKTXRA,MG Special,Scotfind,Won,2017-09-20,48.0
SE6OIGYN,GTX Plus Basic,Isdom,Engaging,,
PBJ01MRE,MG Special,Zathunicon,Won,2017-09-21,53.0
L2NXQFPN,MG Special,Cheers,Lost,2017-06-20,0.0
0XWCTQL2,MG Special,Doncon,Won,2017-08-18,51.0
SY72RAK2,MG Advanced,Cheers,Won,2017-09-04,3314.0
38YQ4771,MG Advanced,Treequote,Lost,2017-08-20,0.0
K7FBRQCA,MG Special,Genco Pura Olive Oil Company,Won,2017-09-25,64.0
F4V2FXK0,MG Special,Isdom,Won,2017-06-24,58.0
WTAM4BED,MG Special,,Engaging,,
FZNEISTX,GTX Plus Basic,Mathtouch,Lost,2017-08-22,0.0
S34T8KPW,GTX Plus Pro,Massive Dynamic,Won,2017-08-04,4598.0
5F40OSXS,MG Advanced,Mathtouch,Won,2017-06-19,3424.0
AILF7GOP,MG Advanced,Umbrella Corporation,Won,2017-09-30,3399.0
LMJINVRQ,GTX Plus Basic,Betasoloin,Lost,2017-09-07,0.0
MHPI0ZW1,GTX Basic,Konmatfix,Lost,2017-09-04,0.0
WJ81WITC,GTX Plus Pro,Betatech,Lost,2017-08-16,0.0
AIAX4W1O,GTXPro,Treequote,Won,2017-09-10,5322.0
DFSRHCXU,GTX Basic,Donquadtech,Won,2017-08-28,496.0
1VFUCUWA,MG Advanced,Bubba Gump,Won,2017-08-27,3279.0
3IIDRUGI,MG Special,Scottech,Lost,2017-09-28,0.0
3VLKZISJ,MG Special,Scotfind,Won,2017-06-27,68.0
2GN2TRVV,GTX Basic,Treequote,Lost,2017-08-23,0.0
7HSRDCCK,GTX Plus Pro,,Engaging,,
WA4TPQ5U,GTX Plus Basic,Zoomit,Engaging,,
9C9GO9XO,GTX Plus Basic,Funholding,Lost,2017-08-21,0.0
ULES5Z21,MG Special,Bioholding,Won,2017-06-15,59.0
IITSDWWL,MG Advanced,Fasehatice,Won,2017-06-26,3205.0
8GYH6R9J,GTX Basic,Mathtouch,Lost,2017-06-27,0.0
C7ODMOS2,MG Advanced,,Engaging,,
8X890G2T,MG Special,Globex Corporation,Won,2017-06-23,55.0
74YVUL52,GTX Basic,Bubba Gump,Lost,2017-09-17,0.0
JS5N8USN,GTX Plus Basic,,Engaging,,
HH4I6PAY,GTX Basic,Ganjaflex,Won,2017-09-02,525.0
TAGD6XU9,MG Advanced,Isdom,Won,2017-08-25,3455.0
IIREXAQX,MG Advanced,Faxquote,Won,2017-06-25,3110.0
8GISH3I9,MG Special,Kinnamplus,Lost,2017-06-27,0.0
6M89XBL0,GTX Plus Pro,Scotfind,Won,2017-09-11,5053.0
YT2QLCVS,MG Advanced,Groovestreet,Won,2017-06-28,3539.0
3VC45PML,GTX Basic,,Engaging,,
4ICL09BD,GTX Basic,Rundofase,Won,2017-08-23,580.0
YWWVWOO4,MG Advanced,Rantouch,Lost,2017-06-20,0.0
8TTFFCIK,MG Advanced,Warephase,Won,2017-06-17,3468.0
5URQT67R,GTK 500,Treequote,Engaging,,
YX4E972E,GTXPro,Conecom,Engaging,,
OG13XT4P,MG Special,Ron-tech,Won,2017-09-19,54.0
ZYRRGSQK,MG Advanced,Bluth Company,Lost,2017-06-27,0.0
0LDX9VLO,MG Special,Scottech,Lost,2017-08-11,0.0
XFFFWJQH,MG Special,Gekko & Co,Lost,2017-08-20,0.0
KRSNQKC6,GTX Plus Pro,Zotware,Won,2017-06-28,6040.0
YY39ZQNV,GTXPro,The New York Inquirer,Won,2017-09-01,5857.0
YHVY1LHH,MG Advanced,dambase,Won,2017-06-25,3785.0
2BG4ZR42,GTX Plus Basic,Zathunicon,Lost,2017-09-19,0.0
QQCIN1M4,GTX Basic,Initech,Won,2017-06-26,420.0
KIMW6PXN,GTXPro,Xx-zobam,Won,2017-06-20,4939.0
AKFNIQR0,GTXPro,Scottech,Won,2017-06-30,4564.0
D5LEL3HF,MG Advanced,Rangreen,Won,2017-09-09,2683.0
6X4EEUGA,GTK 500,Cheers,Won,2017-06-30,25464.0
KTSB1KYT,GTX Basic,Hottechi,Won,2017-09-09,460.0
RB7IA4JX,GTX Basic,Rundofase,Won,2017-06-28,546.0
M4HY664H,GTX Plus Basic,Conecom,Won,2017-09-25,918.0
D2C191IK,MG Advanced,Domzoom,Lost,2017-06-29,0.0
I2V3EPW7,MG Advanced,Toughzap,Won,2017-08-02,3018.0
RB8LSFVK,MG Special,Sonron,Won,2017-08-24,52.0
ZU3GICE9,GTX Basic,,Engaging,,
7SYJDW4L,MG Special,Bioplex,Won,2017-08-04,50.0
OXNWRI4I,MG Special,,Engaging,,
O7E0302B,GTX Basic,Xx-zobam,Won,2017-09-13,524.0
U11XXNCF,MG Advanced,Xx-zobam,Won,2017-06-29,3306.0
HKV37WU9,GTX Basic,,Engaging,,
73FYEJQV,MG Special,Hatfan,Won,2017-06-22,54.0
C4CQ8FZL,MG Special,Hottechi,Won,2017-06-28,53.0
OJ1WKIVY,GTX Basic,Zencorporation,Won,2017-08-29,514.0
YXXWQA4G,MG Advanced,,Engaging,,
L1YN7LDL,MG Special,Bluth Company,Engaging,,
N9ZXCBTU,GTX Plus Basic,Konex,Won,2017-06-25,985.0
RLHNJZBW,GTXPro,Conecom,Won,2017-08-11,5843.0
GKHTT70P,GTXPro,Genco Pura Olive Oil Company,Won,2017-09-17,4577.0
GL8PN4LQ,MG Advanced,Isdom,Won,2017-06-24,3323.0
TTVQT1YD,MG Advanced,Betasoloin,Lost,2017-08-31,0.0
NOHEK8PU,GTX Basic,Ontomedia,Won,2017-09-17,483.0
56AN1DXW,GTX Basic,Initech,Lost,2017-08-22,0.0
WB44DF28,GTXPro,Vehement Capital Partners,Won,2017-09-18,5206.0
DJ60T39C,MG Advanced,Finhigh,Won,2017-09-04,3621.0
52H2CE10,GTXPro,Faxquote,Won,2017-06-25,4756.0
PVDGIYSB,GTX Plus Basic,Isdom,Lost,2017-08-29,0.0
F57Z7KJF,MG Advanced,Stanredtax,Won,2017-06-24,3228.0
NEFPSWOJ,GTX Plus Basic,Toughzap,Engaging,,
ZGSQMEQ9,GTX Plus Basic,Bioholding,Won,2017-09-17,1063.0
FM1RH52B,GTX Plus Basic,Yearin,Lost,2017-08-19,0.0
PFKDTEYU,GTXPro,Xx-zobam,Engaging,,
3C5GNT3Q,MG Special,,Engaging,,
0LRVHITK,MG Special,,Engaging,,
3NM7A8SX,MG Advanced,Newex,Won,2017-06-27,4234.0
1XWQZ1F8,GTX Plus Basic,Plussunin,Won,2017-09-16,1198.0
LXGNXNX1,GTXPro,Sumace,Won,2017-09-09,4960.0
YQK2K6U5,GTX Basic,Betatech,Won,2017-08-22,576.0
FROU0UKW,GTX Plus Pro,Globex Corporation,Won,2017-08-25,5614.0
SD8JJSKT,MG Advanced,Streethex,Won,2017-08-30,3422.0
HABN7JBG,GTX Basic,Rantouch,Engaging,,
2O76H591,MG Advanced,,Engaging,,
LCWP23CI,GTX Plus Pro,Finjob,Won,2017-06-24,5306.0
KSOW4MUK,GTX Basic,,Engaging,,
FHYD80FB,GTXPro,,Engaging,,
1ORXGKVH,GTXPro,Sonron,Engaging,,
XQ4FN1KA,GTXPro,Golddex,Lost,2017-09-06,0.0
9BTSKY01,MG Special,Inity,Won,2017-09-19,60.0
EGEJA2HY,GTX Basic,,Engaging,,
CQZSFN7C,GTK 500,Konex,Lost,2017-08-15,0.0
81LMZHD1,GTX Plus Pro,Bioholding,Won,2017-08-16,5018.0
TIPG6R0Z,GTX Basic,,Engaging,,
1J5Y9X1H,MG Advanced,Groovestreet,Won,2017-09-17,3295.0
6LC0XB2D,MG Special,Rundofase,Won,2017-08-29,61.0
YKC8JUSY,GTX Plus Pro,Mathtouch,Lost,2017-07-01,0.0
H3DYTZIQ,GTX Plus Basic,Scottech,Engaging,,
PAQTBHVA,MG Special,Zathunicon,Won,2017-09-23,59.0
HEWKNHTH,GTX Plus Pro,,Engaging,,
EFIR7HGR,MG Advanced,Groovestreet,Engaging,,
JRWBU9BS,GTXPro,Mathtouch,Won,2017-06-26,3720.0
DXF00KY4,MG Advanced,Isdom,Lost,2017-08-15,0.0
K6ZDH79M,GTXPro,Funholding,Won,2017-08-16,5088.0
GKL9QV5B,GTX Plus Pro,Scotfind,Won,2017-06-28,6666.0
1V3IQVOF,GTX Plus Basic,Ron-tech,Lost,2017-08-02,0.0
BH7EXL5M,GTXPro,Isdom,Won,2017-06-23,5115.0
H176AX96,MG Advanced,Gekko & Co,Engaging,,
K0HLZM4Q,GTX Basic,Stanredtax,Lost,2017-08-21,0.0
BTNSR87A,GTX Plus Basic,Isdom,Won,2017-07-01,1149.0
L58MN75X,GTXPro,Bioholding,Won,2017-09-15,5220.0
SWV0JUQJ,MG Special,Stanredtax,Won,2017-06-22,60.0
XU836DFA,GTX Basic,,Engaging,,
910IXBKP,GTX Basic,Lexiqvolax,Won,2017-06-22,551.0
NTNYA5PE,GTX Basic,Cheers,Won,2017-09-28,505.0
AHRCT8IP,GTX Basic,Warephase,Lost,2017-09-03,0.0
ESH4HX52,GTX Plus Pro,Globex Corporation,Won,2017-08-21,5472.0
P8LGQH9G,GTXPro,Genco Pura Olive Oil Company,Lost,2017-06-21,0.0
VT1LZKEY,GTX Basic,Fasehatice,Lost,2017-08-29,0.0
0WC2J3UP,GTX Basic,Funholding,Lost,2017-08-28,0.0
VWSFZUNS,GTX Plus Pro,Hottechi,Won,2017-08-24,5271.0
F3UB81V7,MG Special,Bioplex,Won,2017-08-23,49.0
SEX08VFB,MG Advanced,Opentech,Lost,2017-06-30,0.0
961ED0B1,GTX Plus Basic,,Engaging,,
FLANUQCV,GTX Plus Basic,Initech,Won,2017-09-21,1236.0
8MKXIQQK,GTXPro,Zencorporation,Won,2017-06-21,5388.0
NDMY5PPT,GTXPro,Conecom,Lost,2017-08-27,0.0
E4H6CBPJ,GTXPro,Funholding,Won,2017-09-26,5449.0
1FAMR9UR,GTXPro,Funholding,Won,2017-06-25,5030.0
SYJKN818,GTXPro,Hottechi,Won,2017-08-22,5195.0
VMTPCY5G,MG Special,Condax,Won,2017-06-25,55.0
CV0BDYMP,MG Special,Fasehatice,Won,2017-09-29,62.0
7DI7A7G7,GTX Basic,Sunnamplex,Won,2017-08-19,459.0
WE7YS7HD,GTX Basic,Y-corporation,Lost,2017-08-25,0.0
4DLOXD13,GTX Plus Basic,Y-corporation,Won,2017-08-07,1097.0
XN63KZRZ,GTX Plus Pro,Plexzap,Won,2017-09-29,5033.0
LLQCQOCR,GTX Plus Basic,,Engaging,,
WSG25BZ9,GTXPro,Blackzim,Won,2017-09-22,4966.0
6GL2LRUH,MG Special,Finjob,Won,2017-06-24,52.0
K0G1IB3Q,MG Special,Doncon,Won,2017-06-27,54.0
54OH0061,GTXPro,,Engaging,,
UYJDOT4Q,GTX Plus Pro,Sonron,Won,2017-09-12,5816.0
VOSSIXSY,MG Special,Condax,Won,2017-09-03,53.0
ILUMUKG8,MG Advanced,Plexzap,Won,2017-08-15,3994.0
DYUWF61W,GTX Plus Pro,Warephase,Lost,2017-06-28,0.0
NUNQGOUW,MG Special,Statholdings,Won,2017-09-04,57.0
CKT1GTY2,MG Special,Condax,Lost,2017-07-02,0.0
FUHP1IXR,MG Advanced,Scotfind,Won,2017-08-05,3752.0
TJEEFJG8,GTXPro,Condax,Won,2017-09-21,4759.0
ABRQIWS9,GTX Basic,Statholdings,Won,2017-08-24,555.0
B3K4Z5L0,GTX Basic,Umbrella Corporation,Lost,2017-06-24,0.0
PCVNB0NO,GTX Basic,,Engaging,,
IVCON5CU,GTX Plus Basic,Konex,Won,2017-09-20,1213.0
RQXFD7FW,GTXPro,Sonron,Won,2017-09-08,4428.0
LUP7FYS5,GTX Plus Pro,Xx-zobam,Lost,2017-07-02,0.0
WEKW3XIN,GTX Plus Pro,Condax,Engaging,,
REVQ7DSW,GTXPro,Konex,Lost,2017-08-08,0.0
YSNODM63,GTX Plus Pro,Streethex,Lost,2017-06-27,0.0
PN3T4FUG,GTX Basic,Xx-zobam,Lost,2017-09-21,0.0
AQ3HBL9S,GTXPro,Iselectrics,Lost,2017-06-25,0.0
VE4LZ8F5,MG Special,Kan-code,Won,2017-08-25,62.0
Q5R1PYJS,GTXPro,Bioholding,Lost,2017-09-11,0.0
5AOWZ6AG,MG Advanced,Silis,Won,2017-08-09,3546.0
E29GOFUV,MG Special,Sumace,Engaging,,
2MKG6ZDD,GTX Basic,Domzoom,Engaging,,
RUFJMV3I,MG Special,,Engaging,,
3AIA6RL3,GTX Plus Basic,Hottechi,Won,2017-08-20,1132.0
KDPBAHOJ,MG Advanced,,Engaging,,
OXPNURPT,GTX Basic,Cheers,Lost,2017-08-13,0.0
9TRVSW35,MG Special,Condax,Won,2017-08-19,57.0
GTH3VIDW,MG Special,Fasehatice,Won,2017-06-23,61.0
WFNKJ2LT,MG Special,Plusstrip,Won,2017-07-01,57.0
P7GCDFU8,GTX Basic,Massive Dynamic,Won,2017-09-14,649.0
96798U7Y,GTXPro,,Engaging,,
O22J2QPD,GTXPro,Donware,Lost,2017-08-15,0.0
ACOJBA02,GTX Plus Pro,Finhigh,Won,2017-07-01,4813.0
2FGEGLVU,MG Special,Doncon,Lost,2017-06-23,0.0
FQB53DQH,MG Special,Blackzim,Won,2017-07-01,51.0
1C2V9RAO,MG Advanced,Goodsilron,Won,2017-09-13,3241.0
MNTTYFR6,MG Special,Initech,Lost,2017-08-04,0.0
7FN6LV2E,GTX Basic,Sumace,Won,2017-09-12,592.0
B6Z5NFV0,MG Advanced,,Engaging,,
V8I2CE9V,GTX Basic,Zotware,Won,2017-09-20,506.0
VH6OFWCV,MG Advanced,,Engaging,,
1FXXXLJY,GTX Basic,Labdrill,Lost,2017-09-25,0.0
NYI5VMXK,MG Advanced,Codehow,Won,2017-09-06,3571.0
OJ1NQRDS,GTX Basic,The New York Inquirer,Lost,2017-08-30,0.0
Z9W748SJ,MG Special,Iselectrics,Won,2017-07-03,60.0
LWX9V7HI,MG Special,Konex,Won,2017-09-15,59.0
PAQOPSR0,GTX Basic,Silis,Won,2017-06-25,551.0
BJO4VYLK,GTXPro,,Engaging,,
AFQG21L7,GTXPro,Funholding,Lost,2017-07-01,0.0
RQJKAR7E,GTXPro,Isdom,Lost,2017-07-02,0.0
6BV9IARK,GTXPro,Isdom,Won,2017-07-01,4826.0
NTGU3NYS,MG Special,Green-Plus,Won,2017-09-30,58.0
3F5AAJZB,GTXPro,Gekko & Co,Won,2017-06-26,5622.0
RJH0CL3Z,MG Special,Hottechi,Lost,2017-07-02,0.0
EK0KWGQX,MG Advanced,Dontechi,Won,2017-08-27,3177.0
K33NPCAY,MG Special,Fasehatice,Won,2017-08-11,56.0
14CNQKX8,GTXPro,,Engaging,,
1LLRNE8G,GTX Plus Basic,Kan-code,Won,2017-09-22,990.0
EFWND7VS,GTX Basic,Warephase,Won,2017-09-30,587.0
IR2D4ZG5,GTX Plus Pro,Bioplex,Won,2017-06-27,6229.0
BYBZJBC9,MG Special,Warephase,Lost,2017-08-02,0.0
BO8DSRV7,GTX Plus Basic,Xx-holding,Won,2017-09-23,1027.0
LD1HNIUL,MG Advanced,Scotfind,Won,2017-06-23,3559.0
RX39Z0P1,GTX Basic,Green-Plus,Won,2017-08-28,506.0
PFHUAJ47,MG Special,Gogozoom,Lost,2017-07-03,0.0
CKJZ86N6,MG Advanced,Genco Pura Olive Oil Company,Lost,2017-08-11,0.0
ASC1OWNE,GTX Plus Pro,Stanredtax,Won,2017-09-12,6250.0
WCEPUBH5,MG Advanced,Hottechi,Won,2017-09-12,3510.0
VHZFABAC,MG Special,,Engaging,,
VMIMPP6H,GTX Plus Basic,Umbrella Corporation,Won,2017-09-11,1078.0
B0XO4WY7,GTX Basic,Massive Dynamic,Won,2017-07-02,553.0
VYPIKMKO,GTX Basic,Toughzap,Won,2017-08-27,612.0
VCD47XNB,GTX Plus Basic,Funholding,Won,2017-06-26,1033.0
8QH99OEZ,GTX Plus Basic,Inity,Won,2017-09-13,1051.0
1DMERFNB,GTX Basic,Y-corporation,Won,2017-09-22,628.0
FR8FT0ZX,GTX Plus Pro,Green-Plus,Won,2017-09-04,4916.0
DG7LABPD,MG Advanced,Stanredtax,Won,2017-09-28,3590.0
ZMYUFTS9,MG Advanced,Domzoom,Won,2017-08-16,3207.0
P60EK5NN,MG Advanced,Zumgoity,Won,2017-09-21,2739.0
YRYMSUE3,GTX Basic,Gogozoom,Won,2017-07-03,557.0
UZOTC90C,GTXPro,Yearin,Won,2017-06-30,5302.0
5AAN00N1,MG Special,Domzoom,Lost,2017-08-26,0.0
JFHKBG40,MG Advanced,Zumgoity,Won,2017-07-01,3465.0
10THTNLC,GTX Plus Basic,,Engaging,,
RJD0D0GD,GTXPro,Zoomit,Won,2017-09-06,4356.0
L9IXFTIL,GTXPro,Gekko & Co,Won,2017-09-21,5301.0
QU6CFZ22,MG Advanced,,Engaging,,
HPBCTTV3,MG Advanced,Rangreen,Lost,2017-07-04,0.0
48FB5MD2,MG Special,Treequote,Won,2017-07-05,66.0
EJZM1INM,GTX Basic,Vehement Capital Partners,Lost,2017-07-03,0.0
FKNT3I12,GTXPro,Acme Corporation,Lost,2017-07-01,0.0
BLY5FD3N,GTX Plus Pro,Iselectrics,Won,2017-07-01,5640.0
LXLU6LFC,MG Advanced,Kinnamplus,Lost,2017-08-30,0.0
A60QAIT3,GTX Plus Basic,Kan-code,Won,2017-09-28,1291.0
RQ3BV2I5,GTXPro,Mathtouch,Won,2017-09-27,3729.0
W8CSV90F,GTXPro,Treequote,Lost,2017-08-23,0.0
0W6S0ODT,MG Special,Conecom,Won,2017-07-03,49.0
408AHOYL,MG Advanced,Singletechno,Lost,2017-07-03,0.0
557JX4BM,GTX Plus Basic,Plusstrip,Won,2017-09-12,1099.0
QPZFP9WT,GTXPro,Labdrill,Lost,2017-07-04,0.0
L5T284M7,MG Advanced,Condax,Lost,2017-07-03,0.0
G17TENJ4,MG Advanced,Konmatfix,Lost,2017-09-22,0.0
VRSTX620,GTX Plus Basic,Condax,Won,2017-07-02,932.0
Y9VWZ93C,GTX Basic,Silis,Lost,2017-07-01,0.0
Y6IIUECA,GTX Plus Basic,Donquadtech,Won,2017-07-04,880.0
LXWQDEU3,GTXPro,Ganjaflex,Won,2017-09-18,4801.0
P1E4KWF7,MG Special,Konex,Won,2017-07-01,59.0
BN84DD6H,MG Special,Finhigh,Lost,2017-07-05,0.0
R8MZ10BW,MG Special,Ron-tech,Won,2017-09-29,52.0
PI8RROK0,MG Advanced,Stanredtax,Won,2017-09-21,2949.0
GID40O2B,GTXPro,Doncon,Lost,2017-07-06,0.0
BJOY31DL,MG Special,Betasoloin,Engaging,,
KDRIBXNQ,MG Special,Konex,Won,2017-08-15,50.0
TCK6V290,MG Advanced,Plussunin,Won,2017-06-30,3863.0
O9WYT5ST,GTXPro,Kan-code,Engaging,,
VFZ5GB3W,GTX Basic,Golddex,Lost,2017-07-04,0.0
UKSS5YPE,MG Special,Stanredtax,Won,2017-07-02,64.0
EBLSL27F,GTX Plus Pro,,Engaging,,
13FIM9V3,GTXPro,,Engaging,,
RDDUG8VD,GTX Plus Basic,Umbrella Corporation,Lost,2017-07-03,0.0
Z3QJESWJ,GTX Plus Pro,Kinnamplus,Won,2017-08-22,5038.0
PYIQ65W0,GTXPro,Zotware,Won,2017-07-02,5088.0
RGRUF328,MG Special,Statholdings,Won,2017-08-14,48.0
TLSSOOVB,GTX Plus Basic,Dalttechnology,Lost,2017-07-04,0.0
74KGIZW4,GTXPro,Betasoloin,Engaging,,
2YBEN3MV,GTX Plus Basic,Green-Plus,Lost,2017-09-08,0.0
EFA9E6WV,GTX Plus Pro,Lexiqvolax,Won,2017-09-30,5056.0
YTSX7IW3,MG Special,Blackzim,Won,2017-07-02,59.0
86DMJ7GA,GTX Plus Basic,Cheers,Lost,2017-08-20,0.0
CMD0758L,GTX Basic,Faxquote,Won,2017-08-21,562.0
CM5MFWCO,MG Special,Codehow,Won,2017-09-10,63.0
0MNAGD91,MG Advanced,Betatech,Won,2017-07-05,3355.0
HSYU33MS,MG Special,,Engaging,,
9S749GJD,MG Advanced,Bluth Company,Lost,2017-07-05,0.0
LBZY9VUG,MG Special,Massive Dynamic,Won,2017-09-17,55.0
6UUTR15S,GTX Plus Pro,Newex,Won,2017-09-23,4059.0
DVPYKS4A,MG Advanced,Bubba Gump,Lost,2017-07-04,0.0
9SRU5CI6,GTX Plus Basic,Codehow,Won,2017-08-09,1128.0
Z6R4KJFU,GTXPro,,Engaging,,
GZ5M7MIQ,GTX Plus Basic,Conecom,Lost,2017-07-01,0.0
CM2GVLV6,GTX Plus Pro,Ron-tech,Won,2017-07-08,5536.0
NZB45UZX,GTXPro,Genco Pura Olive Oil Company,Won,2017-09-03,4964.0
T2J83GFD,MG Special,Domzoom,Won,2017-07-03,54.0
28S2Z15A,MG Special,Ron-tech,Won,2017-08-02,56.0
WOJBLO4B,GTX Plus Pro,Vehement Capital Partners,Lost,2017-07-02,0.0
788SW6EX,GTXPro,Gekko & Co,Lost,2017-08-19,0.0
EUOA0E47,MG Advanced,Zotware,Won,2017-07-05,3423.0
S9ZUMLSY,MG Special,J-Texon,Lost,2017-09-13,0.0
0UCQUW6U,MG Advanced,Umbrella Corporation,Lost,2017-07-07,0.0
07FRJ44N,GTX Plus Pro,Cancity,Lost,2017-07-03,0.0
NMN9DVEV,GTX Plus Basic,Rangreen,Won,2017-09-14,1102.0
95V8BLR2,GTX Basic,Goodsilron,Won,2017-09-22,519.0
BDGB4NS0,GTX Plus Pro,Hatfan,Lost,2017-07-02,0.0
SPHS260Y,MG Special,Hatfan,Lost,2017-08-27,0.0
O9L7KMPU,GTX Plus Basic,Isdom,Lost,2017-08-27,0.0
FGES2PQ2,MG Advanced,Bioholding,Lost,2017-07-04,0.0
81DXTTI5,GTX Plus Pro,Isdom,Won,2017-07-03,5536.0
JGG9CO2Y,GTX Plus Pro,Betatech,Lost,2017-08-14,0.0
95B6AKI1,GTX Plus Basic,Warephase,Won,2017-07-02,839.0
N1G2CFCB,GTX Basic,Dalttechnology,Won,2017-09-06,500.0
40VSPND6,MG Advanced,Rangreen,Won,2017-09-24,3679.0
QWYRCDA8,GTX Plus Basic,Treequote,Lost,2017-07-05,0.0
00ZD3M4J,GTXPro,Plussunin,Lost,2017-07-04,0.0
24REVMX7,GTX Basic,,Engaging,,
AW4PSTWR,GTX Basic,Ron-tech,Engaging,,
CJZFFC91,MG Special,Codehow,Lost,2017-08-07,0.0
2FNTCPOU,GTX Plus Pro,,Engaging,,
A8QRKXG3,GTXPro,,Engaging,,
3PD8YBPK,GTX Basic,Scotfind,Lost,2017-07-04,0.0
KBG5R0WH,GTX Plus Pro,Blackzim,Lost,2017-07-02,0.0
7RPM84Y4,MG Advanced,Goodsilron,Won,2017-06-30,3815.0
LFN6XPK7,MG Advanced,Sunnamplex,Won,2017-06-27,2753.0
S2SC8AP7,MG Special,,Engaging,,
18LZY55R,MG Special,Xx-zobam,Won,2017-07-02,60.0
E88W1Z0H,GTX Basic,Kan-code,Lost,2017-07-02,0.0
UQALCAIV,GTX Plus Basic,Rantouch,Won,2017-07-03,1137.0
6E2Y3HKI,GTX Plus Pro,Yearin,Won,2017-07-04,5201.0
YWKFH7VT,GTX Basic,Mathtouch,Lost,2017-09-27,0.0
MF4299DQ,MG Advanced,Bluth Company,Lost,2017-07-03,0.0
ZRZI054E,GTX Basic,Toughzap,Won,2017-07-06,612.0
CN69EYQ1,GTX Plus Pro,Donquadtech,Won,2017-09-11,4905.0
ZT52DT8H,MG Advanced,,Engaging,,
KX80WC22,MG Special,The New York Inquirer,Lost,2017-07-07,0.0
YQ6VELF1,GTXPro,Streethex,Lost,2017-07-03,0.0
NX4ODZY2,GTX Plus Basic,Streethex,Won,2017-08-31,1028.0
L2QMWU4H,GTX Plus Pro,Codehow,Won,2017-09-12,4430.0
0MPEK4ZA,GTX Plus Basic,Donquadtech,Lost,2017-09-18,0.0
TP0SU68U,GTX Plus Basic,Opentech,Lost,2017-07-09,0.0
8U7LNL7U,GTXPro,Zathunicon,Lost,2017-07-03,0.0
XVYL67FL,GTX Basic,Bioplex,Won,2017-07-06,541.0
AIN2RE2H,GTXPro,Groovestreet,Lost,2017-07-05,0.0
G1303HIC,GTXPro,Cancity,Won,2017-07-02,5081.0
HVDQ4EEA,MG Advanced,Rangreen,Won,2017-06-28,3478.0
2RB900SL,GTXPro,J-Texon,Won,2017-09-15,5541.0
AUS25SFH,GTX Basic,Cancity,Won,2017-07-03,504.0
ND0OV6MQ,GTX Plus Basic,,Engaging,,
O6DSGX6P,GTX Basic,Bioholding,Lost,2017-08-10,0.0
2MBFRRGW,GTX Basic,Dontechi,Lost,2017-07-03,0.0
Q3HYAWDW,MG Advanced,Golddex,Won,2017-08-24,3838.0
94TA0AWF,GTX Plus Pro,Scottech,Won,2017-08-26,5217.0
G1XX0IB4,GTX Plus Pro,Streethex,Won,2017-07-05,4181.0
VIMY08JH,GTX Basic,Hatfan,Won,2017-07-06,518.0
WPTNE0QN,GTX Basic,Streethex,Won,2017-09-17,533.0
DLGW8Y7B,MG Advanced,Singletechno,Won,2017-08-03,3855.0
YSOUU0T0,GTX Basic,Plusstrip,Lost,2017-07-07,0.0
23NAJF9W,GTXPro,Plussunin,Engaging,,
HM4TKVET,GTX Basic,Nam-zim,Won,2017-07-04,617.0
Q81Q0PJK,GTX Plus Basic,Warephase,Won,2017-07-06,991.0
3BEPEWRS,GTXPro,Opentech,Lost,2017-08-24,0.0
Y5HR9J3G,GTX Basic,Domzoom,Won,2017-08-01,513.0
STYLQ47K,GTX Plus Pro,Ganjaflex,Won,2017-07-07,5121.0
HTF7TYQS,GTXPro,,Engaging,,
W07JMUG9,MG Advanced,Kan-code,Lost,2017-07-01,0.0
L8CG1IQO,GTX Basic,Condax,Lost,2017-07-06,0.0
6CFONO4W,GTXPro,Zumgoity,Won,2017-07-06,4635.0
AMGC18DS,GTX Plus Pro,Zotware,Lost,2017-09-08,0.0
RKT3WVBC,GTX Basic,Iselectrics,Won,2017-09-20,470.0
H5ZSM3IR,MG Special,Isdom,Lost,2017-09-01,0.0
07WKR17A,GTX Plus Pro,Treequote,Won,2017-09-17,6193.0
7GM1XD9W,GTXPro,Faxquote,Won,2017-09-16,4277.0
QM6GJ78P,MG Special,Blackzim,Won,2017-07-07,59.0
L582YMSV,GTXPro,Xx-holding,Lost,2017-09-08,0.0
EQS3UNXX,GTX Basic,Condax,Lost,2017-07-06,0.0
DZR5L7XQ,GTXPro,Green-Plus,Lost,2017-07-05,0.0
DQ0DSK7P,GTX Plus Basic,Globex Corporation,Won,2017-07-02,1176.0
CGEXH2QO,GTX Plus Pro,Finhigh,Lost,2017-07-08,0.0
MIX6JTSN,GTX Basic,Statholdings,Won,2017-07-05,541.0
9KYX5G9K,GTX Plus Pro,Domzoom,Won,2017-07-01,4766.0
FG29YOWT,MG Advanced,Iselectrics,Lost,2017-09-06,0.0
KWYKKVJC,GTXPro,Vehement Capital Partners,Won,2017-07-01,4785.0
T7TDUK3T,MG Advanced,Rangreen,Won,2017-09-12,3046.0
42YPT5L7,MG Advanced,Ron-tech,Won,2017-07-04,3548.0
99I4V65G,MG Advanced,Rantouch,Lost,2017-07-06,0.0
ACZQMAR4,MG Advanced,Rantouch,Won,2017-07-07,3615.0
R443AUAG,GTXPro,,Engaging,,
TP9IE6PV,GTX Basic,Genco Pura Olive Oil Company,Won,2017-09-11,631.0
E5CD0W5M,GTX Basic,Kan-code,Lost,2017-07-01,0.0
HKH717ED,GTX Basic,Hottechi,Lost,2017-08-11,0.0
DAW2JTP5,MG Special,Genco Pura Olive Oil Company,Lost,2017-07-07,0.0
HBMOSBAK,GTXPro,Massive Dynamic,Lost,2017-08-14,0.0
V0V6O05H,GTXPro,Condax,Lost,2017-07-07,0.0
3DY60YA7,GTXPro,Stanredtax,Lost,2017-07-06,0.0
8H19L55Y,GTXPro,Streethex,Won,2017-07-07,4162.0
TPNU79C1,MG Special,Toughzap,Won,2017-09-29,54.0
TFQR150O,GTXPro,Iselectrics,Won,2017-07-02,5064.0
9MM27P8C,MG Advanced,Kan-code,Lost,2017-07-07,0.0
MMWD47ZY,GTX Plus Basic,Konmatfix,Lost,2017-08-29,0.0
JFIBKWMQ,MG Special,Konmatfix,Lost,2017-07-09,0.0
6FUPOO3I,MG Advanced,Conecom,Won,2017-07-07,3865.0
29VR6EL4,MG Advanced,Konex,Lost,2017-09-14,0.0
L45N3D2E,GTXPro,Plexzap,Lost,2017-07-04,0.0
K1OBT27J,GTX Basic,Xx-holding,Won,2017-08-10,553.0
OZL7CDMQ,GTX Plus Basic,Finhigh,Lost,2017-07-03,0.0
LZ6PSZ4T,MG Advanced,Dontechi,Lost,2017-07-05,0.0
5CFCTZ5K,GTX Basic,Ron-tech,Won,2017-09-02,501.0
EG5M02ZV,GTX Basic,J-Texon,Won,2017-09-27,539.0
5UKQ16DK,GTX Plus Basic,Singletechno,Won,2017-07-04,1028.0
C9M5B1N6,GTXPro,Nam-zim,Won,2017-09-13,3951.0
ZS4PKX65,GTX Basic,Finhigh,Won,2017-08-11,560.0
PYLS9RJH,GTX Plus Pro,Goodsilron,Lost,2017-07-05,0.0
X2ZONP2D,GTX Plus Pro,Betatech,Lost,2017-08-24,0.0
Y5CP83V4,GTX Basic,Isdom,Won,2017-09-30,530.0
V71FMJBD,MG Advanced,,Engaging,,
9Y2HDGST,GTX Basic,Dontechi,Won,2017-07-02,462.0
7R0G2LC1,GTX Plus Basic,Blackzim,Won,2017-09-07,1211.0
8FX574BJ,GTXPro,Scotfind,Won,2017-07-03,4264.0
AU5Q1XCW,MG Advanced,Faxquote,Won,2017-09-09,3104.0
SZAMHBGA,MG Advanced,Nam-zim,Engaging,,
CUMYWQYP,MG Special,Gekko & Co,Won,2017-09-30,56.0
29ZDUK49,GTX Plus Basic,Betatech,Won,2017-07-10,1047.0
VLVP8FPJ,MG Advanced,Iselectrics,Lost,2017-07-08,0.0
ZD1X3R4G,GTX Plus Basic,,Engaging,,
SNGS64S7,GTXPro,Statholdings,Lost,2017-07-06,0.0
CMCVD0N8,GTXPro,Warephase,Won,2017-07-08,5321.0
NNKWGFDH,MG Special,Globex Corporation,Won,2017-07-06,57.0
YC6QEUJN,GTX Plus Basic,Kan-code,Won,2017-07-08,950.0
794XWMYE,MG Special,Mathtouch,Won,2017-09-07,61.0
FHK0BBGK,MG Special,Xx-zobam,Won,2017-07-08,62.0
461LIUS7,GTX Plus Basic,Isdom,Won,2017-07-07,1105.0
Y9SCLUH8,GTX Plus Basic,Ron-tech,Won,2017-09-02,835.0
J75Y9C75,GTX Plus Basic,Rantouch,Won,2017-08-28,1104.0
PUP6JDT9,MG Advanced,Kan-code,Won,2017-09-12,3464.0
EMUG64GW,GTX Basic,,Engaging,,
88AA2RK1,GTX Basic,Sonron,Lost,2017-07-06,0.0
4F222JU9,MG Special,Scottech,Lost,2017-08-31,0.0
CBYRECX6,MG Advanced,Streethex,Lost,2017-07-06,0.0
XYRO1TLJ,GTXPro,,Engaging,,
QXT65QTI,GTX Basic,Hottechi,Lost,2017-07-10,0.0
8RTR1VMP,MG Special,Condax,Lost,2017-07-06,0.0
T7RA32XV,MG Special,Singletechno,Lost,2017-07-06,0.0
8IYVJKT4,GTXPro,Dalttechnology,Lost,2017-07-10,0.0
G087QT6R,MG Advanced,Rundofase,Won,2017-07-06,3676.0
JT1UUOXN,GTXPro,Konmatfix,Lost,2017-07-08,0.0
PUTILZZG,GTX Basic,Treequote,Won,2017-08-09,568.0
QU7MSL36,GTXPro,Plussunin,Won,2017-07-09,4837.0
FEGSJ8QI,GTXPro,Sonron,Won,2017-08-19,4936.0
1SKIPYI7,MG Special,Groovestreet,Won,2017-09-03,55.0
66Q03Q2P,GTX Basic,Konmatfix,Won,2017-07-10,466.0
T4FR3FAC,MG Advanced,,Engaging,,
Z1NWKS9A,MG Special,Finjob,Lost,2017-07-05,0.0
ZZCKQ2JV,GTXPro,Newex,Won,2017-07-04,4856.0
F3G00C56,MG Advanced,Plexzap,Won,2017-07-08,3562.0
9824T94P,GTXPro,Mathtouch,Won,2017-07-09,5159.0
B8TD9HCN,MG Advanced,Kinnamplus,Won,2017-07-11,3172.0
PEFTXK4Q,MG Advanced,Kinnamplus,Won,2017-09-10,3350.0
LUIEQRMQ,GTX Basic,Goodsilron,Won,2017-07-10,595.0
8QOUXQEV,GTX Basic,Betatech,Won,2017-09-27,560.0
BMH2FEGF,GTX Plus Basic,,Engaging,,
6SC26SGG,GTX Plus Basic,Yearin,Won,2017-07-02,1167.0
GITEQ8VZ,GTX Plus Pro,Initech,Lost,2017-07-10,0.0
2Y9R7T2W,MG Advanced,Betasoloin,Won,2017-09-26,3280.0
8U5GBXK1,MG Advanced,Genco Pura Olive Oil Company,Won,2017-09-15,3427.0
THI3LNT0,GTX Basic,Silis,Lost,2017-07-12,0.0
KTLIR2ZX,GTX Plus Basic,Plussunin,Lost,2017-07-08,0.0
G2EECJNG,GTX Plus Basic,Iselectrics,Won,2017-09-27,940.0
UZN5JBF3,GTX Basic,Warephase,Won,2017-09-29,565.0
2CZVRGQ4,GTXPro,Conecom,Won,2017-07-06,4749.0
K5D2IP27,MG Special,Labdrill,Won,2017-07-09,51.0
PTKOWYW6,MG Special,Statholdings,Lost,2017-08-28,0.0
3T23AW36,GTX Plus Basic,,Engaging,,
G3DIX74Y,GTXPro,Y-corporation,Lost,2017-07-08,0.0
4F8MNVNP,GTX Basic,Warephase,Lost,2017-07-07,0.0
7UL8T1BZ,MG Special,Doncon,Lost,2017-07-01,0.0
4HP16LRH,MG Advanced,Konmatfix,Won,2017-07-09,3699.0
MNTHSHH6,GTX Plus Pro,Cheers,Won,2017-07-07,5909.0
Q7C5MJ4W,GTX Basic,Condax,Lost,2017-11-01,0.0
ON9H54WD,GTXPro,Dontechi,Lost,2017-07-01,0.0
8M3H9UME,GTX Plus Pro,Condax,Lost,2017-07-07,0.0
5J1C46RJ,GTX Plus Pro,Massive Dynamic,Won,2017-09-19,5927.0
0BSYDRMT,MG Special,Bluth Company,Won,2017-09-18,60.0
NKERC6IA,MG Advanced,Zencorporation,Won,2017-07-11,3351.0
H6AN87LE,MG Special,Nam-zim,Won,2017-07-09,64.0
1SSFC7XZ,MG Advanced,Donquadtech,Lost,2017-07-02,0.0
0XK80WX8,MG Special,dambase,Won,2017-07-11,47.0
X4ARE2PT,MG Special,Dontechi,Won,2017-07-01,53.0
KCIFANLK,GTX Basic,Y-corporation,Lost,2017-07-12,0.0
J7U29ZM5,GTX Basic,Acme Corporation,Lost,2017-09-23,0.0
JUHQ1POT,GTX Plus Basic,Streethex,Engaging,,
3KVXBQ5V,GTX Plus Basic,Acme Corporation,Lost,2017-08-15,0.0
7T9J42UX,GTX Plus Pro,Globex Corporation,Won,2017-07-11,4391.0
FOJG3OCO,GTX Plus Pro,,Engaging,,
04SCU6DK,MG Advanced,,Engaging,,
2J649YC5,GTX Plus Basic,Statholdings,Won,2017-07-11,1308.0
9N66Q1VO,GTXPro,Rangreen,Won,2017-09-23,4888.0
ZWXKCHOO,GTX Basic,Condax,Won,2017-09-25,535.0
I8OUZNDS,GTX Plus Pro,Dalttechnology,Lost,2017-11-03,0.0
CJZLM3WA,MG Special,Betasoloin,Lost,2017-09-16,0.0
4QTD5X53,MG Advanced,Isdom,Won,2017-07-06,3252.0
AR33M33M,GTX Plus Basic,,Engaging,,
LQXWWZGN,GTX Basic,Hottechi,Lost,2017-07-03,0.0
NT510FGZ,MG Special,Toughzap,Lost,2017-08-27,0.0
2IQ0ZY9W,GTX Basic,Scottech,Won,2017-07-11,574.0
N3TUSU37,GTX Plus Basic,Codehow,Won,2017-08-11,1012.0
VSYO182N,GTXPro,Dalttechnology,Engaging,,
O6LVMQ5R,GTX Basic,Dalttechnology,Won,2017-07-07,576.0
072ELFQF,MG Advanced,Isdom,Lost,2017-07-03,0.0
CDFKC6E0,MG Special,Sonron,Lost,2017-07-03,0.0
Z005FB1N,MG Advanced,Hottechi,Lost,2017-07-08,0.0
LYAFXO9B,GTX Basic,J-Texon,Won,2017-07-12,592.0
SNY2UWJ2,GTXPro,Doncon,Won,2017-07-09,4859.0
UFIAFP10,MG Special,Green-Plus,Won,2017-07-02,50.0
MG7CZFIG,MG Advanced,Konex,Won,2017-09-30,3225.0
H4U50AEW,GTX Plus Pro,Stanredtax,Won,2017-07-09,5422.0
8PU9FIQS,MG Advanced,Domzoom,Won,2017-07-11,3657.0
FBQN3UM3,GTX Plus Basic,Fasehatice,Lost,2017-07-07,0.0
MJ12SZ89,GTX Plus Pro,Goodsilron,Won,2017-07-10,4974.0
B6F9PSRN,GTXPro,Lexiqvolax,Won,2017-08-07,4689.0
RLDIPPFT,GTX Plus Basic,Toughzap,Lost,2017-07-10,0.0
TKKSOBRC,MG Special,Warephase,Won,2017-07-12,50.0
FCWU08BA,GTXPro,Mathtouch,Lost,2017-07-03,0.0
AX63HIS9,GTXPro,Kan-code,Won,2017-08-23,4611.0
BCA6Y34B,MG Advanced,,Engaging,,
1F8MPXZQ,MG Advanced,Stanredtax,Lost,2017-07-13,0.0
H9N9DP3D,GTX Basic,,Engaging,,
YY3ACGA2,GTX Basic,Kan-code,Won,2017-07-11,571.0
6MQA3YYW,MG Special,Umbrella Corporation,Lost,2017-07-03,0.0
IM5AGXLX,GTX Plus Pro,Betasoloin,Lost,2017-08-06,0.0
313EIVW4,GTX Plus Basic,Bioholding,Lost,2017-07-10,0.0
NNAYAA7T,MG Advanced,Stanredtax,Lost,2017-07-13,0.0
019I751P,GTX Plus Basic,Statholdings,Won,2017-07-09,1180.0
WQAKXOYU,GTXPro,,Engaging,,
5TRALM9T,GTX Plus Pro,Vehement Capital Partners,Lost,2017-09-17,0.0
LWC0UJWD,GTX Basic,Bioplex,Lost,2017-07-03,0.0
PI0FYKXU,GTX Plus Pro,Zathunicon,Won,2017-07-04,5274.0
I7QSO0VZ,GTX Basic,Rundofase,Won,2017-07-04,480.0
HAUB1NBF,GTXPro,,Engaging,,
5AU1SJA7,GTXPro,Ontomedia,Won,2017-07-08,4830.0
Z9S1ZX7W,GTX Plus Basic,Condax,Engaging,,
S9N98QU9,GTX Plus Pro,Bluth Company,Lost,2017-07-03,0.0
A9Q7ERA4,GTX Plus Pro,Finhigh,Won,2017-07-04,5333.0
HLDA8IA1,MG Special,,Engaging,,
RY8Z6RH2,MG Advanced,Condax,Lost,2017-07-11,0.0
9J8O59QW,GTX Plus Pro,Stanredtax,Lost,2017-08-24,0.0
KWVYR0LQ,MG Advanced,Codehow,Lost,2017-07-03,0.0
0D95JSVW,GTX Plus Pro,Hatfan,Won,2017-09-16,6192.0
4EGO7VCJ,GTXPro,,Engaging,,
74JAOLQU,GTX Basic,Rantouch,Lost,2017-08-16,0.0
CMLYDJFN,GTX Basic,Plexzap,Won,2017-08-11,490.0
HIV4W2E0,GTX Plus Basic,Betasoloin,Engaging,,
TFQEGZ1X,GTX Basic,Ron-tech,Lost,2017-07-04,0.0
5COSD90U,GTX Basic,Konex,Lost,2017-07-09,0.0
6TBAKLMX,GTX Plus Basic,Funholding,Won,2017-09-23,1157.0
B50V1XGA,MG Advanced,Fasehatice,Lost,2017-08-31,0.0
SOW7H1RP,MG Advanced,Lexiqvolax,Lost,2017-07-03,0.0
OHJGW03I,MG Special,Yearin,Won,2017-07-13,55.0
R6KPUAH7,MG Advanced,Sunnamplex,Lost,2017-07-06,0.0
AJQC76NI,GTXPro,Doncon,Won,2017-08-26,4655.0
PH5GSB37,GTXPro,Massive Dynamic,Won,2017-08-26,5833.0
9OLZU3WB,MG Special,Condax,Won,2017-09-23,47.0
JDXET5H9,MG Special,Warephase,Won,2017-08-31,51.0
8RE1600O,GTXPro,Inity,Lost,2017-07-04,0.0
NGMC9NSG,MG Advanced,Gogozoom,Lost,2017-07-12,0.0
G6FKELQV,GTX Basic,Initech,Lost,2017-09-25,0.0
IKNMU8HM,GTX Plus Pro,Plussunin,Lost,2017-09-10,0.0
AHIDE6VS,GTX Basic,Kan-code,Won,2017-07-12,540.0
YZJLPVJG,GTX Plus Pro,Konex,Won,2017-07-04,4915.0
GOSCKNUX,GTX Plus Pro,Rantouch,Lost,2017-07-04,0.0
GC3IVG7S,GTX Plus Pro,Singletechno,Lost,2017-07-05,0.0
S81YI4QH,GTX Plus Pro,Sunnamplex,Lost,2017-07-10,0.0
M3MJY0CK,GTX Plus Pro,Lexiqvolax,Won,2017-09-27,6693.0
H2HNTSIP,MG Advanced,Hottechi,Won,2017-07-05,3101.0
8APZZ20T,GTX Plus Basic,Y-corporation,Lost,2017-08-15,0.0
RABLXW5E,MG Special,Hatfan,Won,2017-09-02,56.0
35LLMROC,GTX Basic,,Engaging,,
TJTOVN5K,GTX Plus Basic,Cheers,Won,2017-07-12,935.0
1IG94UUQ,GTX Plus Basic,Singletechno,Won,2017-07-13,1133.0
MN8UHP5B,GTXPro,Y-corporation,Won,2017-08-12,4904.0
D7JDQB12,MG Advanced,Bioholding,Won,2017-09-23,2857.0
GWI45VGH,MG Advanced,Dontechi,Won,2017-09-02,3118.0
G3TZD0CB,GTX Plus Basic,Funholding,Won,2017-07-11,1204.0
1PAPS9QO,MG Advanced,Y-corporation,Lost,2017-07-09,0.0
WXCEZ7JY,GTX Basic,Conecom,Won,2017-09-06,376.0
WR45SVGN,GTX Basic,Toughzap,Won,2017-11-02,511.0
WAFSPTW6,GTX Basic,Lexiqvolax,Won,2017-07-14,491.0
5FYPINRL,MG Special,Donware,Lost,2017-07-16,0.0
VLPSQ076,MG Advanced,Betasoloin,Lost,2017-07-12,0.0
3AX6QBR3,MG Advanced,Donquadtech,Won,2017-09-07,3101.0
ZY3AVAK0,MG Special,Y-corporation,Lost,2017-08-22,0.0
FVCL72VU,GTX Plus Pro,Cancity,Lost,2017-07-14,0.0
24OSGLGF,MG Special,Dontechi,Won,2017-07-06,56.0
49T60OCI,GTX Plus Pro,Scottech,Engaging,,
31NQQEEO,GTX Basic,Opentech,Lost,2017-09-11,0.0
ADRU5BLP,GTX Plus Basic,Inity,Lost,2017-07-12,0.0
AUPXRV8O,GTX Plus Basic,Ron-tech,Won,2017-09-05,1300.0
CI00UV0Y,GTXPro,Rundofase,Won,2017-07-05,4544.0
VH3C0A8F,GTX Basic,Mathtouch,Lost,2017-07-05,0.0
1E5MFGR7,GTX Basic,Plussunin,Lost,2017-09-26,0.0
TS2JEK3E,GTX Basic,Betasoloin,Won,2017-09-23,531.0
4R0TB2CL,GTXPro,Bubba Gump,Won,2017-07-13,4669.0
5OJ3QR1W,MG Special,Inity,Lost,2017-11-03,0.0
R162LSFR,GTXPro,Goodsilron,Lost,2017-07-06,0.0
W07RZO17,MG Advanced,,Engaging,,
X7J3O7TC,GTX Basic,Dalttechnology,Lost,2017-07-11,0.0
Q7RV0YW6,GTX Plus Basic,Green-Plus,Lost,2017-07-10,0.0
S5E8MBO3,GTX Basic,Plexzap,Lost,2017-09-19,0.0
UGB3A3CE,MG Special,,Engaging,,
QE6A49LE,MG Special,Hottechi,Lost,2017-07-11,0.0
XGMMHWZC,GTX Basic,Domzoom,Won,2017-09-25,475.0
7MK55ULJ,GTX Plus Basic,Ron-tech,Won,2017-07-05,1102.0
0VZIDVCC,MG Special,Zumgoity,Won,2017-07-09,55.0
D1XYQH35,GTX Basic,Treequote,Lost,2017-07-15,0.0
XAR2VX09,MG Special,Scottech,Lost,2017-07-06,0.0
YTQH4YM9,MG Special,Cancity,Won,2017-07-05,63.0
KMLW6GXY,MG Advanced,Kan-code,Lost,2017-07-12,0.0
IG734VZK,GTX Plus Pro,Plusstrip,Won,2017-07-14,5971.0
W3C2KLXD,GTX Plus Pro,Ganjaflex,Won,2017-08-27,5710.0
8Z1SIQSI,GTXPro,Rantouch,Lost,2017-07-09,0.0
IZJR1WDM,MG Special,Plexzap,Won,2017-09-21,52.0
5MRPZ44K,GTX Basic,Domzoom,Won,2017-08-28,522.0
AWORM94L,GTX Basic,,Engaging,,
W0LFL18P,GTX Plus Basic,Iselectrics,Lost,2017-07-12,0.0
5H9ELV2H,GTX Plus Pro,Zathunicon,Lost,2017-07-13,0.0
KDDN1E4O,GTX Plus Basic,Betasoloin,Won,2017-07-14,1109.0
S8JALB62,MG Advanced,The New York Inquirer,Won,2017-07-06,3508.0
2HPCHBIL,GTX Plus Pro,Bluth Company,Lost,2017-07-14,0.0
Q9JV7YXX,GTX Plus Basic,Plussunin,Lost,2017-07-16,0.0
J3N73B00,GTXPro,Hottechi,Won,2017-08-29,4346.0
STG85Q0N,GTX Basic,Kinnamplus,Lost,2017-07-06,0.0
VMI5QYS3,GTXPro,Xx-zobam,Lost,2017-07-09,0.0
09W047QT,GTXPro,Umbrella Corporation,Won,2017-08-10,4565.0
VXOZC2CN,GTX Plus Basic,Vehement Capital Partners,Won,2017-09-29,1319.0
JAMW5SWB,GTXPro,Hottechi,Won,2017-07-06,5157.0
WCKKFSVL,MG Advanced,Dontechi,Lost,2017-07-06,0.0
GVCWDG9Y,GTXPro,Globex Corporation,Won,2017-07-17,4213.0
SXYJU7LC,GTX Basic,,Engaging,,
UEXJN3Y6,GTX Plus Basic,Konex,Won,2017-07-12,1230.0
QP0QCP8Y,GTX Plus Pro,Dalttechnology,Engaging,,
MCQGU5EA,GTX Basic,Sunnamplex,Won,2017-07-15,443.0
M0IN22XH,GTX Plus Basic,Zoomit,Won,2017-09-26,1043.0
8HWWW76K,GTX Basic,dambase,Lost,2017-07-07,0.0
707CQDQK,MG Special,Groovestreet,Lost,2017-08-23,0.0
4PTCB3CS,MG Advanced,Globex Corporation,Lost,2017-07-13,0.0
IEB855X8,MG Advanced,Codehow,Won,2017-08-08,3458.0
IDA8D96H,GTX Plus Pro,Zoomit,Lost,2017-07-13,0.0
DLQNAOWB,MG Special,Plusstrip,Lost,2017-07-07,0.0
K7056XS7,MG Advanced,Kinnamplus,Engaging,,
R9V8QAPK,MG Special,Kan-code,Won,2017-07-14,58.0
P6KXSJPD,MG Special,Codehow,Lost,2017-07-10,0.0
KM0RKC4Q,GTX Basic,Hottechi,Lost,2017-07-06,0.0
58TUIJ6D,GTXPro,Cheers,Lost,2017-07-17,0.0
BXOIQHTS,GTX Basic,Y-corporation,Won,2017-09-20,658.0
CC3B5DSU,GTX Plus Pro,Treequote,Lost,2017-07-16,0.0
GLM4XZLI,GTX Plus Pro,Donware,Lost,2017-07-07,0.0
K8VBNOW9,GTX Plus Pro,Plussunin,Won,2017-09-01,4791.0
3GEDSDVN,GTX Basic,Inity,Won,2017-07-08,590.0
R0ZYAJFM,GTX Plus Pro,Isdom,Won,2017-07-14,5629.0
BRFZCNMP,GTX Plus Basic,,Engaging,,
R8X2RVQ2,GTXPro,Vehement Capital Partners,Lost,2017-07-15,0.0
E2KGQVEO,MG Advanced,,Engaging,,
DFG6OP8T,GTX Plus Pro,Massive Dynamic,Lost,2017-07-18,0.0
JB4MECWM,GTXPro,Xx-zobam,Lost,2017-07-07,0.0
CDGA1SD7,GTXPro,Streethex,Won,2017-09-12,4323.0
SBILEY2W,GTXPro,Treequote,Won,2017-07-12,5085.0
JMTKEPXF,MG Advanced,Zotware,Won,2017-07-17,2996.0
937CNF5D,GTXPro,Condax,Won,2017-07-14,4682.0
EQ399D3M,MG Advanced,Sonron,Won,2017-07-14,3250.0
DOVNGYN4,GTX Basic,Green-Plus,Lost,2017-07-12,0.0
A0IS9TWV,GTXPro,Kan-code,Lost,2017-07-16,0.0
E7TDBIDS,GTXPro,Kan-code,Won,2017-09-06,5323.0
TIFPUXSQ,GTX Basic,Condax,Lost,2017-07-07,0.0
LXDCC260,GTX Plus Pro,Funholding,Won,2017-07-07,5966.0
81PWOUF0,GTXPro,,Engaging,,
1Z72JRDI,MG Advanced,Labdrill,Won,2017-07-16,3452.0
XTBADYHW,MG Special,Toughzap,Lost,2017-07-17,0.0
PPDU7OWD,MG Advanced,Stanredtax,Lost,2017-07-13,0.0
CJ05Q2G5,GTX Basic,Labdrill,Lost,2017-07-11,0.0
MON3JWUF,GTX Basic,Faxquote,Won,2017-07-13,583.0
SFMKU2FV,MG Special,Ontomedia,Lost,2017-07-16,0.0
9FH2VYQQ,GTX Plus Basic,Goodsilron,Lost,2017-07-13,0.0
PMVKMS6A,GTX Basic,J-Texon,Won,2017-09-27,507.0
E62A05BH,GTX Basic,Inity,Lost,2017-07-15,0.0
U3GCADFV,MG Special,Rangreen,Lost,2017-07-13,0.0
CFI2GXN1,GTXPro,,Engaging,,
611J0LEK,GTX Basic,Betasoloin,Won,2017-07-09,574.0
5M5TW9RC,GTX Plus Basic,Umbrella Corporation,Engaging,,
ZWA2ES4F,MG Special,Opentech,Won,2017-09-07,48.0
LNT5B9XY,MG Special,Statholdings,Lost,2017-07-17,0.0
CPQ348W9,GTX Basic,Isdom,Won,2017-07-15,458.0
UZ0MRAFU,GTX Plus Pro,Codehow,Won,2017-09-18,5455.0
VFO5EK6R,GTX Basic,Silis,Lost,2017-07-14,0.0
GE5SORJX,GTX Plus Pro,Kan-code,Won,2017-09-17,5666.0
03O9FNTZ,GTX Plus Basic,Bluth Company,Won,2017-07-09,1107.0
FIQIRK37,GTXPro,Acme Corporation,Won,2017-07-08,4089.0
M6J6VNVQ,GTX Basic,Ontomedia,Won,2017-09-08,498.0
S767XDO3,MG Advanced,Hatfan,Lost,2017-09-07,0.0
ZPKCSV3R,MG Special,Dontechi,Won,2017-07-11,64.0
CLA3RTMS,MG Advanced,Xx-holding,Lost,2017-07-09,0.0
K1K48OTP,GTX Plus Pro,Conecom,Engaging,,
OJWV4RT2,GTX Basic,Konex,Lost,2017-07-09,0.0
PMQCN4PR,GTX Basic,Finjob,Won,2017-07-09,565.0
CBIFB5BB,GTX Basic,Kan-code,Won,2017-07-17,579.0
BSVZWUXR,MG Special,Hottechi,Won,2017-09-11,56.0
PU2UJDTV,GTXPro,Scotfind,Won,2017-09-05,4063.0
LN9NU0A8,GTX Plus Basic,Inity,Won,2017-07-17,1193.0
KD27RNU9,GTX Basic,Scottech,Lost,2017-07-15,0.0
FN50OJHN,GTX Plus Basic,Betatech,Won,2017-07-11,1088.0
YA68AAQK,GTX Plus Basic,Xx-zobam,Lost,2017-09-17,0.0
90K2ZTKB,MG Special,Xx-holding,Won,2017-09-11,58.0
YYTZSTL0,GTX Plus Pro,,Engaging,,
1M0THQSZ,MG Advanced,Golddex,Lost,2017-07-09,0.0
Y1GEH2EG,GTX Plus Pro,Green-Plus,Won,2017-07-13,4466.0
ORM1IRQ2,MG Special,,Engaging,,
593L4BNI,GTX Basic,Kinnamplus,Lost,2017-07-14,0.0
83EZC8YK,MG Advanced,Xx-zobam,Lost,2017-07-15,0.0
4MTCQ31T,MG Special,Gogozoom,Won,2017-11-06,55.0
QU220OFI,GTX Basic,Finhigh,Engaging,,
TJYNW3C7,GTX Plus Basic,Donware,Lost,2017-07-15,0.0
COGZW25D,GTX Plus Basic,Konex,Won,2017-07-16,861.0
B3A6VXVQ,GTX Basic,Acme Corporation,Engaging,,
O83AR1CC,MG Advanced,Plussunin,Lost,2017-07-09,0.0
BOG3D6D7,GTXPro,Umbrella Corporation,Won,2017-07-19,5137.0
J03H7OQF,MG Special,Betatech,Won,2017-07-16,54.0
DJXM9LIW,GTX Plus Basic,Kinnamplus,Won,2017-07-14,1020.0
6XH71PH8,GTX Plus Basic,Yearin,Won,2017-09-28,1136.0
AW1U6QKR,MG Special,Konex,Won,2017-07-14,55.0
MAVEITJH,GTXPro,Groovestreet,Won,2017-09-09,5097.0
GUJNYTXN,GTX Basic,Kinnamplus,Won,2017-07-09,483.0
QKXCMJVB,GTX Basic,,Engaging,,
ELLLRB7A,GTX Basic,Zoomit,Won,2017-08-29,587.0
F4EHCQIC,GTX Plus Pro,Kan-code,Won,2017-07-16,5284.0
EHC9KQDN,GTX Basic,Scottech,Lost,2017-07-09,0.0
MBLFZPU2,GTX Basic,Warephase,Lost,2017-09-12,0.0
L0SOZL9A,MG Advanced,Y-corporation,Lost,2017-09-28,0.0
00XBYXIB,GTX Plus Basic,Green-Plus,Won,2017-07-09,993.0
ASN7OCWQ,GTX Basic,Groovestreet,Lost,2017-07-15,0.0
SHS9HQX4,GTXPro,Finjob,Won,2017-09-19,4642.0
JYEQFGS5,GTXPro,Umbrella Corporation,Lost,2017-07-17,0.0
S9DVJGUO,GTXPro,Kan-code,Won,2017-07-15,4530.0
0YPN92QB,MG Special,Y-corporation,Lost,2017-07-10,0.0
UIA0FO51,MG Advanced,Xx-zobam,Won,2017-07-09,3569.0
48J7F1A2,MG Advanced,Hottechi,Won,2017-08-31,3276.0
0D37PQA0,GTX Plus Basic,,Engaging,,
D193SPY4,MG Special,Plussunin,Engaging,,
SFIMNCPZ,MG Advanced,Mathtouch,Lost,2017-07-10,0.0
57NT8T8S,GTX Basic,Finjob,Lost,2017-07-16,0.0
7GLF1GBJ,GTX Plus Basic,Green-Plus,Lost,2017-07-16,0.0
YST07PM6,GTX Plus Pro,Doncon,Lost,2017-07-17,0.0
HPU7RQG6,GTX Plus Pro,Rantouch,Lost,2017-07-15,0.0
6Z1XK6YR,GTXPro,Hatfan,Lost,2017-11-09,0.0
045D5MZO,GTX Plus Pro,Kan-code,Won,2017-07-17,5576.0
K1UREXI5,GTX Basic,Genco Pura Olive Oil Company,Won,2017-09-16,460.0
M7Y1LHHA,GTX Basic,Zathunicon,Won,2017-07-16,457.0
NK1B8YME,GTX Plus Pro,,Engaging,,
WP6SUIMC,MG Advanced,Silis,Lost,2017-07-15,0.0
SGI5I4X1,GTX Basic,Gekko & Co,Won,2017-07-10,665.0
U07VUUGP,GTX Plus Basic,Zathunicon,Won,2017-07-15,1122.0
SEC6K7X2,GTX Plus Pro,Umbrella Corporation,Won,2017-07-18,5578.0
OT26ZUZ7,GTXPro,Betatech,Engaging,,
MXVBWIE5,GTX Basic,Rundofase,Won,2017-09-08,460.0
794F5VJB,GTX Plus Basic,Donware,Won,2017-08-31,1133.0
TNEB1XNK,GTX Plus Basic,Gekko & Co,Won,2017-09-18,1194.0
P60PIE95,GTX Plus Pro,Yearin,Won,2017-09-16,5861.0
HI9S2MRZ,GTX Plus Basic,,Engaging,,
QKOAWRXD,GTX Basic,Dontechi,Lost,2017-07-17,0.0
NC7V5K1T,GTX Plus Basic,Stanredtax,Won,2017-08-28,1194.0
XTAPYDDI,GTXPro,Funholding,Won,2017-07-11,4440.0
0CTHPQGT,MG Special,Cancity,Won,2017-07-19,53.0
N9KFOKLS,GTX Basic,Sonron,Lost,2017-07-14,0.0
02SSRMSA,GTX Plus Basic,Inity,Won,2017-07-13,1192.0
HBJPBF3P,MG Special,Conecom,Won,2017-09-01,54.0
E6D2DBXF,MG Advanced,Ron-tech,Lost,2017-07-13,0.0
OUMM04QV,GTX Plus Pro,Warephase,Won,2017-07-18,4651.0
TZQWGMG7,GTX Plus Pro,Rangreen,Lost,2017-07-19,0.0
66KFPHBT,GTX Plus Pro,Betatech,Won,2017-09-24,5944.0
WL4TLMUC,MG Advanced,Gekko & Co,Lost,2017-07-17,0.0
6AO6E15O,GTXPro,Statholdings,Engaging,,
OW9OM3UO,MG Advanced,,Engaging,,
HXMJ5048,MG Advanced,Green-Plus,Lost,2017-07-17,0.0
CQYAMIQ3,GTXPro,,Engaging,,
6178B4JM,GTX Plus Basic,Domzoom,Won,2017-07-17,962.0
WC7KCJ2N,GTX Plus Basic,Silis,Won,2017-07-21,1063.0
5GBVA3ZZ,MG Advanced,Zencorporation,Lost,2017-07-23,0.0
B7WWPCO6,GTX Basic,Gogozoom,Lost,2017-07-23,0.0
152DN1FE,GTX Plus Basic,Cancity,Lost,2017-07-12,0.0
3NJHQZT6,MG Special,Streethex,Lost,2017-07-17,0.0
9GOWJ93R,MG Advanced,Domzoom,Won,2017-09-03,2572.0
QAB3H9H5,GTXPro,Globex Corporation,Lost,2017-07-11,0.0
9B9VDAFU,GTXPro,Warephase,Won,2017-07-18,4631.0
L9F6QP4P,MG Advanced,Isdom,Won,2017-07-19,3230.0
1D5AYQO6,MG Special,Condax,Won,2017-07-19,59.0
6WR7JQ3C,MG Advanced,Labdrill,Won,2017-11-03,3624.0
Y2XXRYMX,GTX Plus Basic,Labdrill,Lost,2017-11-11,0.0
Z9DK5289,GTXPro,Golddex,Lost,2017-07-12,0.0
MN34I4DD,GTX Plus Pro,Hatfan,Won,2017-09-22,5848.0
9CQ6TMET,MG Special,Dalttechnology,Won,2017-07-11,42.0
N54HHLC4,GTX Plus Pro,Sunnamplex,Lost,2017-07-12,0.0
TPP1IGKV,GTXPro,Nam-zim,Lost,2017-07-17,0.0
9USDNUBL,GTX Plus Pro,Hatfan,Lost,2017-08-29,0.0
Q82O5QTN,MG Advanced,Rangreen,Lost,2017-07-12,0.0
2HVDAY4L,MG Special,Cancity,Lost,2017-07-21,0.0
0FGWN6O0,GTX Basic,Isdom,Won,2017-07-19,588.0
FQXZBTEG,GTX Plus Basic,Zencorporation,Lost,2017-07-18,0.0
8IGYTN3H,MG Special,Yearin,Won,2017-07-17,54.0
QV3TAWDT,GTXPro,,Engaging,,
OTNZ5ZCN,GTXPro,Singletechno,Won,2017-09-06,5099.0
USJWM3F3,GTX Basic,,Engaging,,
7O2ISWVB,GTX Plus Pro,Plexzap,Lost,2017-07-15,0.0
QUAD5082,MG Advanced,Konex,Lost,2017-07-21,0.0
0T9KUEQ2,GTX Plus Pro,,Engaging,,
P6H45Y25,GTX Basic,Scottech,Lost,2017-09-16,0.0
28EVFB8G,GTX Plus Basic,Treequote,Lost,2017-07-13,0.0
VV5LDD24,MG Advanced,Silis,Lost,2017-07-13,0.0
SF3KBDJF,GTXPro,Silis,Lost,2017-08-18,0.0
DKUVKTIT,GTX Plus Pro,Initech,Won,2017-07-19,4881.0
OYUUU6B9,GTX Basic,Bioholding,Lost,2017-11-09,0.0
IIVNXACR,GTXPro,Codehow,Lost,2017-07-12,0.0
OWBGBQ4G,GTXPro,Stanredtax,Lost,2017-07-18,0.0
X2EH33CU,MG Advanced,Genco Pura Olive Oil Company,Won,2017-07-12,2878.0
GNT6EM5M,MG Special,Xx-holding,Lost,2017-07-12,0.0
U3ZMURXR,MG Advanced,Finjob,Won,2017-09-08,3121.0
4UTOXXV4,GTX Plus Pro,Golddex,Lost,2017-07-12,0.0
KHWG1W75,MG Special,Goodsilron,Won,2017-07-18,57.0
MWAW08I7,GTX Basic,Treequote,Won,2017-07-12,576.0
0QV1LRME,GTX Plus Basic,Konmatfix,Won,2017-07-18,1258.0
63GAY8GB,GTX Plus Basic,Singletechno,Lost,2017-08-22,0.0
JB3J080M,GTX Plus Pro,,Engaging,,
GXHAIS33,GTX Basic,Doncon,Lost,2017-09-29,0.0
VBRZZAP8,GTX Basic,Hottechi,Won,2017-07-20,491.0
JR76K5YA,GTX Basic,Sunnamplex,Won,2017-08-23,494.0
Z3TX2K6F,GTXPro,Dalttechnology,Lost,2017-07-20,0.0
RGUC0V54,GTX Plus Basic,Zoomit,Won,2017-09-19,882.0
M93A8LTF,GTX Plus Basic,Konex,Won,2017-07-20,1076.0
CQW6TYOX,GTK 500,Cheers,Lost,2017-07-18,0.0
P7H8UY1P,MG Special,Dalttechnology,Lost,2017-09-21,0.0
6XLFG3VK,MG Special,Zoomit,Won,2017-07-19,57.0
9ZPY98PB,GTX Basic,Nam-zim,Lost,2017-07-13,0.0
YRXDI9E8,MG Advanced,Cheers,Lost,2017-11-05,0.0
1JB82QZ0,MG Advanced,Sonron,Lost,2017-07-12,0.0
G5GPTVMU,GTX Plus Basic,Bioholding,Lost,2017-08-31,0.0
856VG3CS,GTX Plus Basic,Plussunin,Won,2017-09-28,1100.0
J80ZEYYM,MG Advanced,Donquadtech,Won,2017-09-18,3630.0
21OMR381,MG Special,,Engaging,,
X9HFP474,GTX Basic,Dontechi,Engaging,,
T51ULXCZ,GTXPro,Bioholding,Lost,2017-07-23,0.0
3S73ZUQH,MG Advanced,Betatech,Lost,2017-07-21,0.0
JUU6C7NO,GTX Plus Basic,Ontomedia,Lost,2017-09-27,0.0
8SNDBWPP,GTX Plus Pro,Massive Dynamic,Lost,2017-09-28,0.0
0PH153YF,GTXPro,Condax,Lost,2017-07-13,0.0
YNYZNOWR,MG Advanced,Cheers,Lost,2017-07-25,0.0
HUNM56HY,MG Advanced,Sunnamplex,Won,2017-07-23,3741.0
SIONXEMH,MG Advanced,Y-corporation,Won,2017-07-14,2905.0
JX08Z5L5,GTX Plus Basic,Singletechno,Lost,2017-07-25,0.0
BUJ1TX7Y,GTX Plus Basic,Finjob,Won,2017-09-14,1023.0
6C70OX62,MG Advanced,Y-corporation,Won,2017-09-24,3257.0
V9WVYEE9,GTX Plus Pro,Codehow,Lost,2017-07-20,0.0
3N6BHLN6,GTX Plus Basic,Streethex,Won,2017-08-20,960.0
SQWCQRGY,GTXPro,Silis,Lost,2017-07-14,0.0
32K5LEDV,GTX Plus Pro,Silis,Won,2017-07-18,5538.0
R0XNAFUB,GTX Basic,,Engaging,,
XW1ONOVO,MG Advanced,Kan-code,Won,2017-07-23,3420.0
100W6J9A,GTXPro,Treequote,Lost,2017-07-19,0.0
YYRYSVOO,GTXPro,Bioholding,Won,2017-07-16,5382.0
P7AX4B3N,MG Special,Sonron,Lost,2017-07-24,0.0
GC1TSADL,GTXPro,Faxquote,Won,2017-07-18,5703.0
QF1I965E,MG Advanced,Mathtouch,Won,2017-09-30,3340.0
P93UCMW8,MG Advanced,Hottechi,Lost,2017-07-15,0.0
YKBRF0NG,GTX Plus Basic,Nam-zim,Won,2017-08-09,1014.0
OP2DIRC2,GTX Basic,Inity,Won,2017-07-19,536.0
VIHXI2JA,GTX Plus Basic,Konex,Lost,2017-07-14,0.0
IC4J0BIZ,GTX Basic,Codehow,Won,2017-07-24,550.0
BNMJAOF4,GTX Basic,Gogozoom,Won,2017-09-28,469.0
VSWHUBD0,GTX Basic,Ron-tech,Won,2017-07-14,585.0
7ZWN0JO9,GTX Plus Basic,Scottech,Won,2017-08-29,943.0
KLPVD6LR,GTX Basic,Bioplex,Lost,2017-07-21,0.0
U3M8XTMY,GTX Plus Basic,Plussunin,Won,2017-08-01,1319.0
P89VI9EN,GTXPro,Bubba Gump,Won,2017-07-22,5873.0
4LOHS2AJ,MG Special,,Engaging,,
SPUXDRGN,MG Advanced,Kan-code,Lost,2017-08-28,0.0
PDIYRBQJ,GTX Plus Basic,Lexiqvolax,Lost,2017-07-15,0.0
185PGG0J,MG Special,Treequote,Won,2017-07-17,44.0
QQ5LW9HV,MG Advanced,Plussunin,Lost,2017-07-26,0.0
8EF4D82U,GTXPro,Mathtouch,Won,2017-09-14,3834.0
GFMLCHB0,GTX Plus Basic,Zathunicon,Lost,2017-07-21,0.0
TFS537LA,GTX Plus Pro,Iselectrics,Lost,2017-07-15,0.0
2X86737Q,GTX Plus Pro,Inity,Won,2017-07-16,5537.0
HSZOPWWT,GTX Basic,Donware,Won,2017-09-15,530.0
1KVGSF08,GTX Plus Pro,Konex,Won,2017-09-23,4989.0
UDFMSH1S,GTX Plus Pro,Streethex,Lost,2017-07-25,0.0
516C0X9F,GTX Plus Basic,Statholdings,Won,2017-07-26,1144.0
DPAEMTHC,GTX Basic,Konex,Lost,2017-07-15,0.0
A6T69X6T,MG Advanced,Xx-holding,Lost,2017-09-08,0.0
DDD515FB,MG Advanced,Xx-holding,Won,2017-07-15,3362.0
6GKGGY0U,GTXPro,Green-Plus,Lost,2017-07-25,0.0
8M6TB2ZX,GTX Plus Pro,Goodsilron,Won,2017-07-21,5013.0
8JH8YA79,GTX Basic,,Engaging,,
BABQISCH,GTX Basic,Hatfan,Lost,2017-07-15,0.0
T46KPPNB,GTX Plus Basic,Blackzim,Lost,2017-07-16,0.0
9CE6F4NZ,GTX Basic,Plusstrip,Won,2017-08-27,431.0
Z9KNL9A1,GTXPro,Groovestreet,Won,2017-07-24,5161.0
7JBR36G8,GTX Basic,Genco Pura Olive Oil Company,Won,2017-07-16,579.0
EYTBRK2B,MG Advanced,Warephase,Won,2017-07-24,3411.0
KFXZNC4N,MG Special,Xx-holding,Lost,2017-09-11,0.0
SJ62BMK5,MG Advanced,Plusstrip,Won,2017-07-15,3973.0
YDJV1DFE,MG Advanced,Ron-tech,Lost,2017-11-09,0.0
GHDAXC7T,GTX Plus Basic,Zathunicon,Won,2017-07-15,1029.0
FQQ2JJZ1,MG Special,Gekko & Co,Won,2017-07-23,59.0
NCJJBWU3,MG Special,Globex Corporation,Lost,2017-07-22,0.0
8BYEALF9,MG Special,,Engaging,,
8SGMUWET,GTX Basic,Goodsilron,Won,2017-09-29,534.0
3KVS08NL,MG Special,Iselectrics,Won,2017-07-15,48.0
CLIIR1T0,MG Special,Finjob,Won,2017-07-25,57.0
PHXX81YF,GTX Plus Pro,Donware,Lost,2017-07-17,0.0
6K7LDRKR,GTX Plus Pro,Stanredtax,Won,2017-11-11,4009.0
J6UOUH6Y,MG Advanced,dambase,Won,2017-09-03,3255.0
2EYTB3PX,MG Advanced,Condax,Won,2017-07-25,3724.0
1U945R0D,MG Advanced,Dalttechnology,Lost,2017-07-16,0.0
FX4D649Y,GTX Plus Basic,Fasehatice,Lost,2017-07-24,0.0
4QBSY3CB,GTX Plus Basic,Golddex,Lost,2017-08-26,0.0
ZWVRS27V,MG Special,Rundofase,Lost,2017-11-04,0.0
8BBXNESQ,GTX Plus Pro,Labdrill,Lost,2017-07-22,0.0
3JJ7YI88,MG Special,Gogozoom,Lost,2017-07-16,0.0
AKMDEG3I,MG Advanced,Faxquote,Lost,2017-07-17,0.0
568NS3GO,MG Advanced,Cheers,Won,2017-08-27,2791.0
YVDQ80A0,GTX Plus Basic,,Engaging,,
TQLO6QP6,MG Advanced,Cancity,Won,2017-09-02,3501.0
DLVEVD9O,GTX Plus Pro,Yearin,Lost,2017-07-27,0.0
C75RV9DY,GTX Basic,Ganjaflex,Won,2017-07-16,555.0
CI9S6CST,MG Special,,Engaging,,
EUQCW0ZA,GTX Basic,Lexiqvolax,Won,2017-07-23,650.0
CEOMZE9H,GTX Basic,Nam-zim,Lost,2017-07-26,0.0
TT5QRQTF,MG Special,Konex,Won,2017-07-21,61.0
5NXD4U83,MG Special,Newex,Won,2017-07-17,54.0
1IL51ZIW,MG Special,Condax,Lost,2017-07-22,0.0
CM33NN0P,MG Advanced,Silis,Lost,2017-07-23,0.0
P3QQIMTA,GTX Basic,Rundofase,Lost,2017-07-24,0.0
WB1CQNJU,MG Advanced,Funholding,Lost,2017-07-17,0.0
OQYDQCTM,MG Special,Rangreen,Won,2017-07-25,59.0
ISQJD695,GTX Basic,Sunnamplex,Engaging,,
M1VNX1D7,GTXPro,Acme Corporation,Won,2017-07-28,5318.0
TWO2Q99P,GTX Plus Pro,Conecom,Won,2017-09-30,5753.0
72UVDOKU,MG Special,Konmatfix,Won,2017-07-24,62.0
DMSQ0TSG,MG Advanced,Isdom,Won,2017-08-12,3146.0
FEWIDJGH,GTX Basic,Rundofase,Won,2017-07-18,538.0
AUZM3MLU,GTX Plus Basic,Betatech,Won,2017-09-18,1071.0
GS2CLR52,GTXPro,Betatech,Won,2017-07-17,4488.0
HYP3SXPV,MG Advanced,Isdom,Won,2017-08-02,2837.0
9G93P7SV,MG Advanced,Kan-code,Won,2017-09-30,3593.0
7XSAHM67,GTX Basic,Hottechi,Won,2017-09-28,583.0
M2A8EY5Q,GTX Plus Pro,,Engaging,,
N7MDRJ01,GTX Basic,Isdom,Lost,2017-07-25,0.0
4ID56TXX,MG Advanced,Genco Pura Olive Oil Company,Lost,2017-07-28,0.0
ZOX0FW5W,GTXPro,Scotfind,Lost,2017-07-23,0.0
4SFRUL8J,MG Advanced,Labdrill,Lost,2017-07-22,0.0
UB2UAI38,GTX Plus Basic,Singletechno,Won,2017-07-21,1109.0
B00OD1IF,GTX Plus Basic,Zoomit,Won,2017-07-23,1106.0
OGO6SNTQ,GTX Plus Pro,Plusstrip,Lost,2017-07-24,0.0
I6ZC5V1K,GTX Plus Pro,Labdrill,Won,2017-07-26,5008.0
1N3G9WG2,GTXPro,Y-corporation,Won,2017-07-19,5621.0
JHNXPUNX,GTX Basic,Rangreen,Won,2017-07-17,550.0
NPHD3ZTC,GTX Basic,Rangreen,Won,2017-09-03,574.0
06KTPHYC,MG Advanced,Hottechi,Lost,2017-07-24,0.0
YCA44Q4U,MG Special,Kinnamplus,Won,2017-07-25,52.0
FR4GTSEQ,GTX Basic,Xx-holding,Won,2017-09-15,477.0
S46ZLF3G,GTX Basic,Betatech,Lost,2017-07-26,0.0
WHZEK68G,MG Special,Streethex,Lost,2017-07-22,0.0
3CB3WNBM,GTX Basic,Kinnamplus,Engaging,,
EJDRMHNC,MG Special,,Engaging,,
O8C2G4G2,MG Advanced,,Engaging,,
DAJBIHBZ,MG Advanced,Silis,Lost,2017-07-28,0.0
P6BJ24ZP,GTX Plus Basic,Plussunin,Won,2017-07-20,1202.0
XORHQFNJ,MG Advanced,Funholding,Lost,2017-08-05,0.0
ZFRPQV2M,MG Special,Funholding,Won,2017-11-03,51.0
RVRBCZAI,GTX Plus Basic,Kan-code,Lost,2017-07-18,0.0
2897DN4S,GTX Plus Basic,Finhigh,Lost,2017-07-18,0.0
1DIL2X16,GTXPro,Rundofase,Lost,2017-07-28,0.0
BMQEY089,GTX Plus Basic,Scottech,Won,2017-09-16,1203.0
CYOJ4G39,GTXPro,Isdom,Won,2017-07-19,5673.0
5IOG6X00,GTX Plus Pro,Gekko & Co,Won,2017-09-08,6205.0
HBN3R2TJ,MG Advanced,,Engaging,,
QG6BCBXM,GTX Plus Pro,Sonron,Lost,2017-08-03,0.0
CAXTE48L,MG Advanced,Cheers,Won,2017-07-24,3363.0
OO3BM7A9,MG Advanced,Konex,Won,2017-11-03,3700.0
NYPU55W4,GTXPro,Kan-code,Lost,2017-11-01,0.0
VE334W2U,GTX Basic,Codehow,Won,2017-09-23,546.0
AX7WS66G,GTX Basic,Toughzap,Won,2017-07-24,617.0
OB8UCQ17,GTX Basic,Warephase,Won,2017-07-26,490.0
BV4JZ4G8,GTX Basic,Konex,Lost,2017-07-19,0.0
8CV5MZWW,GTX Basic,Nam-zim,Lost,2017-07-21,0.0
3L965RUK,MG Advanced,Kan-code,Won,2017-07-26,3665.0
RZ8HI1Y5,GTX Plus Basic,Warephase,Lost,2017-07-24,0.0
IYKSBD0U,MG Advanced,Hatfan,Lost,2017-07-18,0.0
YVGDC8L2,MG Special,Rangreen,Won,2017-07-26,53.0
JZU0JH07,GTX Plus Basic,Finjob,Lost,2017-09-28,0.0
ZEWNPF3K,GTX Plus Basic,Singletechno,Won,2017-11-13,1075.0
6T64JWH9,GTXPro,Sonron,Won,2017-07-25,4683.0
E7RTG575,GTX Plus Basic,Statholdings,Won,2017-07-27,1114.0
I9U5PCM3,GTXPro,Betasoloin,Won,2017-11-17,5452.0
H1Y2W48V,GTXPro,Groovestreet,Won,2017-09-07,5561.0
YFNRXR7X,MG Special,Plussunin,Won,2017-07-25,57.0
9MZPL59I,MG Special,Streethex,Lost,2017-08-03,0.0
7A3R2M9T,GTX Plus Pro,Sonron,Engaging,,
1RL933VJ,GTXPro,Kan-code,Lost,2017-09-22,0.0
GAE0E4RI,MG Advanced,Cheers,Lost,2017-07-29,0.0
VBN56JMP,GTX Basic,Goodsilron,Won,2017-07-18,496.0
7ITUU2YO,GTXPro,Lexiqvolax,Won,2017-09-17,5054.0
NDLX894H,MG Special,Bluth Company,Lost,2017-07-18,0.0
6ALH2N0I,MG Special,Gekko & Co,Won,2017-08-20,55.0
G8XGVIG2,GTX Plus Basic,Lexiqvolax,Lost,2017-07-26,0.0
HCR2GJ3O,GTXPro,Xx-holding,Lost,2017-07-27,0.0
QABD6SAS,GTX Plus Basic,Singletechno,Won,2017-09-21,1064.0
GUJCRHYU,GTXPro,Goodsilron,Won,2017-07-28,5268.0
SHKTBB71,MG Special,Condax,Won,2017-07-27,54.0
G0L0B1QC,MG Advanced,Opentech,Won,2017-07-28,3407.0
O28I4VDY,GTX Plus Basic,,Engaging,,
3YC624RD,GTX Basic,Bubba Gump,Lost,2017-08-05,0.0
715TBGPE,GTXPro,Rundofase,Lost,2017-08-30,0.0
1Q3JQFAU,MG Special,dambase,Lost,2017-07-26,0.0
O3K5RKMI,GTX Plus Basic,Treequote,Won,2017-07-19,752.0
75P6HFA0,MG Advanced,Statholdings,Won,2017-09-03,3727.0
NE0XCH5E,MG Special,Condax,Lost,2017-07-31,0.0
W01768VM,GTX Basic,Zoomit,Won,2017-07-28,532.0
38CPLDAR,GTX Plus Pro,Xx-zobam,Lost,2017-07-30,0.0
TZRNKT72,GTX Plus Pro,Hottechi,Lost,2017-07-23,0.0
4LXAW8CH,GTX Plus Pro,Inity,Lost,2017-08-07,0.0
GOGIZWW6,MG Advanced,Condax,Won,2017-09-27,3139.0
DOPOI0R5,MG Advanced,Finjob,Won,2017-07-28,3403.0
XRWMLGOG,MG Advanced,,Engaging,,
69V1WQLK,GTX Plus Pro,Plusstrip,Won,2017-07-27,5440.0
FEDXQCKJ,GTX Plus Pro,Globex Corporation,Won,2017-07-26,5698.0
MIXJ9F4F,GTX Plus Basic,,Engaging,,
RSP75BOI,GTX Plus Pro,Streethex,Lost,2017-07-19,0.0
CKDPWHTZ,GTX Basic,Genco Pura Olive Oil Company,Won,2017-07-28,563.0
ECBFFQL0,GTX Basic,Stanredtax,Lost,2017-07-28,0.0
Z8HW4Z9W,GTX Basic,Kan-code,Lost,2017-07-26,0.0
0KVZKA5T,MG Special,Konex,Lost,2017-07-25,0.0
944H7LRC,GTX Plus Pro,Sonron,Won,2017-07-27,4673.0
F0OWRRLN,MG Advanced,Konex,Won,2017-07-28,3405.0
39EYEBMK,GTX Basic,,Engaging,,
P4RLJHR3,GTX Basic,Umbrella Corporation,Won,2017-11-15,566.0
M10S36W3,GTX Plus Pro,Konex,Won,2017-11-06,5559.0
HT8UEA0H,GTXPro,Scotfind,Lost,2017-07-25,0.0
GR6C7GQ9,GTXPro,Goodsilron,Won,2017-09-16,4797.0
LAYVBSH4,GTX Basic,,Engaging,,
055Z2OAS,MG Special,Dontechi,Engaging,,
Q9VC6GV0,MG Special,Konmatfix,Engaging,,
G11DEJSL,MG Special,Dontechi,Lost,2017-07-30,0.0
BP45IP77,MG Special,Betatech,Won,2017-07-25,53.0
3XJI7AD8,MG Advanced,Zotware,Lost,2017-09-27,0.0
8D8JOXP6,MG Special,,Engaging,,
IPHP2GVT,MG Special,,Engaging,,
XP7YG96H,GTX Plus Basic,Donquadtech,Won,2017-07-30,955.0
GP4JNSJY,GTX Plus Pro,Yearin,Lost,2017-07-30,0.0
X8M3SCVF,GTX Basic,,Engaging,,
I3KQNE9V,GTX Plus Pro,Isdom,Engaging,,
NU4ACGMY,GTXPro,,Engaging,,
EBVL81O5,GTXPro,Betatech,Lost,2017-07-22,0.0
NDHQMBA0,GTX Plus Basic,Globex Corporation,Won,2017-08-03,1060.0
XV03TJV1,GTXPro,Gogozoom,Won,2017-07-26,5401.0
CCLIVXMG,GTXPro,,Engaging,,
FQ5A489H,GTX Plus Pro,Kan-code,Won,2017-07-26,4895.0
3PZ6Y6AJ,GTX Plus Pro,Treequote,Won,2017-07-21,4907.0
LDK61ORQ,MG Special,Xx-zobam,Engaging,,
564Y2IOV,MG Advanced,Y-corporation,Lost,2017-07-29,0.0
W7VULS00,GTX Plus Basic,Sunnamplex,Won,2017-09-30,1170.0
PLW3NMLJ,MG Advanced,Faxquote,Won,2017-07-28,2718.0
MMVGTXDB,MG Special,Plusstrip,Lost,2017-08-30,0.0
PQOHTS9I,GTXPro,Inity,Engaging,,
6UCZ36IC,GTX Basic,Kan-code,Lost,2017-11-04,0.0
4IC989F8,GTX Basic,Green-Plus,Lost,2017-07-30,0.0
Y5FM7TJT,MG Special,Plexzap,Lost,2017-07-21,0.0
OB3K0SVW,GTX Basic,Goodsilron,Won,2017-08-08,624.0
LORMJLTE,GTX Plus Basic,Konmatfix,Engaging,,
HIVUC1C4,MG Special,,Engaging,,
WWOCI25Z,GTX Plus Pro,Isdom,Lost,2017-07-30,0.0
1UFFP5T3,MG Advanced,Cancity,Lost,2017-08-02,0.0
ALMZ6ZUI,GTX Basic,Genco Pura Olive Oil Company,Won,2017-07-29,537.0
B4UIGJRX,GTX Plus Basic,Dontechi,Won,2017-07-30,1089.0
ZCAEQT06,MG Advanced,Codehow,Won,2017-07-27,3352.0
XBO6IN0E,GTXPro,Rantouch,Lost,2017-11-01,0.0
U1SBKB0U,GTX Basic,Singletechno,Won,2017-07-23,535.0
E3XLWCWX,GTX Plus Pro,Ontomedia,Engaging,,
7LD79NYD,MG Advanced,,Engaging,,
8S7IAR2D,GTX Basic,Rangreen,Won,2017-09-25,571.0
RWQKOD1W,MG Advanced,Cheers,Won,2017-09-29,3535.0
BKOWQMMV,GTX Basic,,Engaging,,
6TOOTFQV,MG Advanced,Bioholding,Won,2017-07-27,3985.0
2WDSO6PG,GTX Basic,Hatfan,Engaging,,
I776MNA8,MG Advanced,Massive Dynamic,Won,2017-07-21,3568.0
IQFDPIND,GTX Basic,,Engaging,,
VG17J29L,MG Special,Bioholding,Lost,2017-07-29,0.0
F7R8ICT8,MG Special,Funholding,Won,2017-07-27,65.0
KULR6FMD,MG Special,Funholding,Won,2017-07-25,47.0
JHCA115A,GTXPro,Green-Plus,Engaging,,
DMG5EOFC,MG Advanced,Lexiqvolax,Engaging,,
ZGFB0IF1,GTX Plus Basic,,Engaging,,
LD4F6QTP,GTX Plus Pro,Groovestreet,Engaging,,
1FEHFRKX,GTX Plus Pro,Labdrill,Engaging,,
DNBR1VHP,MG Special,Silis,Engaging,,
1R2CLEGQ,MG Special,,Engaging,,
KOG75BRP,GTX Plus Basic,Ron-tech,Lost,2017-11-11,0.0
SV3T5L5N,GTX Plus Basic,Ron-tech,Won,2017-07-21,1160.0
THRXY3SV,GTX Plus Pro,Stanredtax,Won,2017-08-23,5847.0
9BFHDZOK,MG Advanced,Kan-code,Lost,2017-07-30,0.0
IHOU09D6,GTX Plus Basic,Yearin,Won,2017-09-20,1029.0
BJWS06GX,GTX Plus Pro,Ontomedia,Lost,2017-07-21,0.0
4IVW7F68,GTXPro,Donquadtech,Lost,2017-07-31,0.0
NSO0UHK1,GTX Plus Basic,,Engaging,,
ROSYV895,MG Advanced,Konex,Lost,2017-11-09,0.0
LHBWJAD3,GTX Plus Basic,,Engaging,,
KRWKDPWW,GTX Plus Basic,,Engaging,,
6V7FT2YU,GTXPro,,Engaging,,
3V7Q3G52,GTXPro,Funholding,Lost,2017-07-28,0.0
4U3OSLNM,GTXPro,Gogozoom,Lost,2017-07-28,0.0
LX4D50OF,GTXPro,Rangreen,Lost,2017-08-04,0.0
CWBHL1S7,GTXPro,Stanredtax,Lost,2017-07-28,0.0
FCBBJJIJ,MG Advanced,Bioholding,Lost,2017-07-23,0.0
1D1L6FJX,GTXPro,Treequote,Won,2017-08-17,5058.0
L2P99XIG,GTX Plus Basic,Gekko & Co,Lost,2017-09-21,0.0
DEN2BPRR,GTXPro,Silis,Lost,2017-09-27,0.0
1QGOH13Z,GTXPro,Zathunicon,Lost,2017-07-28,0.0
PCTOIQZA,MG Advanced,Rangreen,Won,2017-11-14,3552.0
OI3UIKVF,GTX Plus Basic,Konmatfix,Engaging,,
8AK1G9IT,GTX Plus Pro,Kan-code,Won,2017-11-08,5526.0
GY10EROJ,GTX Basic,Cheers,Engaging,,
90G292UY,GTX Basic,,Engaging,,
JDHHDOX8,GTX Basic,,Engaging,,
KTWP0SMT,GTX Basic,,Engaging,,
29W6WPLA,GTX Plus Basic,Gekko & Co,Engaging,,
CDVDL9I5,GTX Plus Basic,,Engaging,,
PJ75Q8VM,GTXPro,,Engaging,,
0NSRB3EO,MG Special,,Engaging,,
TDJ3N8EJ,MG Advanced,Kinnamplus,Engaging,,
AEMGFUYH,GTXPro,Plexzap,Won,2017-07-26,4428.0
7439NGIG,GTXPro,Sumace,Engaging,,
6GLF0PU0,GTX Basic,Singletechno,Won,2017-07-27,523.0
3JW6CZ7K,GTX Basic,,Engaging,,
F3EOBN5A,GTX Plus Pro,Genco Pura Olive Oil Company,Engaging,,
AERVH1AC,GTX Plus Basic,,Engaging,,
BBOWBQA6,GTX Plus Pro,Blackzim,Engaging,,
908W84Y6,GTX Plus Basic,Mathtouch,Lost,2017-07-22,0.0
48CVYAIE,GTX Plus Pro,Plussunin,Lost,2017-07-30,0.0
ULY6LFT1,GTXPro,Mathtouch,Won,2017-07-31,5392.0
IYDR200I,GTX Basic,Finjob,Lost,2017-07-27,0.0
2QHB4SYK,MG Special,Zencorporation,Won,2017-07-28,55.0
GEQ7KT9J,GTX Plus Basic,Plussunin,Engaging,,
S50ETCN7,GTX Plus Basic,,Engaging,,
0KRVN3V5,MG Advanced,Hatfan,Engaging,,
JNDSA5B4,GTX Basic,Treequote,Lost,2017-11-06,0.0
L3DT2WVO,GTXPro,Gekko & Co,Won,2017-11-20,4197.0
OCMCRBJR,MG Advanced,Mathtouch,Won,2017-09-18,3830.0
II0SKLFO,GTX Basic,Donware,Won,2017-07-30,494.0
UJ58VMZT,GTX Plus Basic,,Engaging,,
E8GD44YC,GTX Plus Basic,,Engaging,,
A3T91VUM,MG Special,,Engaging,,
LIYJSU0E,GTX Plus Pro,Konex,Won,2017-07-22,5118.0
S6YZO6UQ,GTXPro,,Engaging,,
PI45UJKA,GTXPro,,Engaging,,
T9QD8U1Y,MG Special,Betasoloin,Engaging,,
WLDFQR7Z,MG Advanced,Bubba Gump,Engaging,,
PNISVWNN,MG Advanced,Scotfind,Engaging,,
SEDTNUD7,GTX Plus Basic,Toughzap,Won,2017-07-28,1000.0
9UO306XU,GTXPro,Conecom,Won,2017-07-26,5347.0
GN16L9RW,GTX Basic,Ganjaflex,Lost,2017-07-22,0.0
GVRA1VJJ,GTX Basic,Sumace,Lost,2017-07-29,0.0
TBXMDI2Q,GTX Plus Pro,Plussunin,Won,2017-08-23,5340.0
0HVUV9OY,GTX Basic,,Engaging,,
GVJFKHNL,MG Special,Silis,Engaging,,
COSC7XVA,MG Advanced,,Engaging,,
L6CE1E4L,GTX Basic,Streethex,Lost,2017-11-17,0.0
RNCYPVJO,MG Advanced,Stanredtax,Won,2017-07-31,2970.0
9UTOQBAH,GTXPro,Rantouch,Lost,2017-07-28,0.0
WARBRUXU,GTX Basic,Stanredtax,Engaging,,
02K37JAK,GTX Plus Basic,,Engaging,,
6F5TIV66,GTX Plus Basic,,Engaging,,
HTEAOHFO,GTX Basic,,Engaging,,
PAUXUGK3,GTX Plus Basic,Sonron,Won,2017-07-30,997.0
VJ9K12PY,MG Special,,Engaging,,
HWY9HTK2,GTX Plus Basic,Funholding,Lost,2017-07-29,0.0
983QHALZ,MG Advanced,Stanredtax,Lost,2017-07-30,0.0
MV7I9RKH,GTX Plus Basic,Treequote,Engaging,,
CBQRKYZP,GTX Plus Pro,Silis,Engaging,,
ETLF2H4K,GTX Plus Basic,,Engaging,,
XVB2CGL6,GTXPro,,Engaging,,
GE4QGOCI,MG Special,,Engaging,,
P5B6BZWO,GTX Basic,Finhigh,Won,2017-07-30,526.0
F7ZPP0C4,GTX Plus Pro,Codehow,Lost,2017-07-28,0.0
N0UCNVKJ,GTX Basic,Dontechi,Won,2017-07-30,418.0
5OAWTEIU,MG Special,Streethex,Won,2017-07-28,54.0
55NG8O95,GTX Basic,Groovestreet,Won,2017-09-07,622.0
DL3Q5HAD,GTX Plus Pro,Umbrella Corporation,Won,2017-08-23,4930.0
3YDXZ4FA,GTX Plus Pro,,Engaging,,
EUBMHJGQ,MG Special,Hottechi,Engaging,,
0T9EBKZL,MG Special,Scottech,Won,2017-07-28,51.0
6KOHYTT4,MG Advanced,Betatech,Won,2017-07-30,3167.0
3L8ECZK8,MG Advanced,Globex Corporation,Won,2017-09-27,3038.0
R69OYH4Z,GTXPro,Umbrella Corporation,Engaging,,
S0Z4QVL2,GTXPro,,Engaging,,
JAH8NGC2,MG Advanced,Xx-holding,Won,2017-09-24,2851.0
I9SPENCQ,GTX Plus Basic,Cheers,Engaging,,
REAFB3C3,GTX Basic,,Engaging,,
0Z8ZAS2M,GTX Basic,,Engaging,,
VRCYXSP1,GTX Basic,,Engaging,,
93818DZF,GTX Basic,Dalttechnology,Lost,2017-11-18,0.0
7B3DXNZL,GTXPro,Doncon,Won,2017-07-22,5283.0
DZAFN4I1,MG Special,Doncon,Won,2017-07-23,49.0
QRR70537,GTX Basic,,Engaging,,
T4AW06MM,GTX Plus Pro,,Engaging,,
FEFNNXH1,MG Special,Singletechno,Engaging,,
3DATPTEH,MG Special,,Engaging,,
FT5U6NIG,MG Special,,Engaging,,
RQF6II3D,MG Special,,Engaging,,
E9J482PX,MG Advanced,,Engaging,,
RZYCBSQN,GTX Plus Basic,Condax,Lost,2017-07-29,0.0
84BIAFGY,MG Advanced,Statholdings,Lost,2017-11-03,0.0
YQACOZV4,GTX Plus Basic,Xx-zobam,Lost,2017-09-12,0.0
DNIX6FCG,MG Special,Gekko & Co,Lost,2017-07-27,0.0
6U7RD3TG,MG Advanced,Initech,Won,2017-07-23,3684.0
610D6711,MG Advanced,Silis,Won,2017-11-23,2986.0
8QDSXHQ8,GTX Basic,,Engaging,,
5DQZSOBE,GTX Plus Basic,,Engaging,,
OT5G3M9A,MG Advanced,Treequote,Engaging,,
3Z5NBGAT,MG Special,Stanredtax,Won,2017-07-23,50.0
WNRDPS5I,GTXPro,Donware,Lost,2017-08-02,0.0
ZUSDWKSM,GTXPro,Ganjaflex,Lost,2017-07-29,0.0
TQQDICC6,GTX Basic,,Engaging,,
P66UXGPS,GTX Plus Basic,,Engaging,,
FY5MBCWQ,GTXPro,,Engaging,,
UAX2OR58,MG Special,,Engaging,,
NK1TQTYO,GTXPro,Streethex,Lost,2017-07-24,0.0
676KO0LG,GTX Plus Basic,Gogozoom,Won,2017-07-29,927.0
D6PFP040,GTXPro,dambase,Won,2017-09-05,5113.0
MHMD41XY,MG Special,Blackzim,Won,2017-07-23,51.0
YBY3PA1S,GTX Basic,,Engaging,,
751V8OFM,GTX Plus Basic,Funholding,Engaging,,
33BMGHPN,MG Special,Opentech,Engaging,,
XNHTLVT1,MG Special,,Engaging,,
8TFYRWZ6,MG Advanced,Mathtouch,Engaging,,
LRLER1XS,MG Special,Finjob,Won,2017-09-14,64.0
E26Z10W7,MG Special,,Engaging,,
ZTQD4PLQ,GTX Plus Basic,,Engaging,,
4RWE00T8,GTX Basic,Rundofase,Lost,2017-11-05,0.0
P3XN6SXX,GTX Plus Basic,Domzoom,Lost,2017-07-24,0.0
L65X2CDL,GTXPro,Hottechi,Lost,2017-11-12,0.0
12HRYJQH,GTX Basic,Konex,Won,2017-07-23,442.0
2CZUU9E0,GTX Basic,,Engaging,,
I2ESAAIK,GTX Plus Basic,,Engaging,,
IMLG35AP,GTX Plus Pro,,Engaging,,
0T2CY70E,MG Advanced,,Engaging,,
5ZA8MURX,GTXPro,Fasehatice,Lost,2017-07-30,0.0
Y7AC2LSL,MG Advanced,Blackzim,Won,2017-09-30,3015.0
ME2X1TEG,MG Advanced,Cancity,Lost,2017-07-24,0.0
30KP0JMN,GTX Plus Pro,Xx-holding,Lost,2017-07-23,0.0
AWCGYWTE,MG Special,Kinnamplus,Engaging,,
UJTU7DUB,MG Special,,Engaging,,
JOLNKYNH,MG Advanced,,Engaging,,
TV2M081C,MG Advanced,,Engaging,,
SJGOQMLT,MG Advanced,,Engaging,,
BG156UAV,MG Advanced,Condax,Lost,2017-07-23,0.0
S7T5AHQH,GTX Plus Basic,Stanredtax,Won,2017-07-23,1174.0
48UPZJ45,MG Advanced,Rangreen,Won,2017-09-28,3696.0
T0SO96YG,GTX Basic,Mathtouch,Lost,2017-07-30,0.0
YCQABCDI,MG Advanced,Betasoloin,Won,2017-11-03,3252.0
MM79TSUR,MG Special,,Engaging,,
INLVV78V,MG Special,,Engaging,,
4JTH72JR,MG Special,,Engaging,,
TTKPNDTP,MG Advanced,,Engaging,,
8JZ4R9BW,MG Special,Genco Pura Olive Oil Company,Lost,2017-11-04,0.0
PTFOEUO4,MG Special,Globex Corporation,Lost,2017-07-23,0.0
ZCCBTBIQ,GTXPro,Doncon,Lost,2017-07-23,0.0
1TJ6WP5R,MG Special,Hottechi,Won,2017-09-23,65.0
QELHQ898,GTX Plus Basic,Statholdings,Engaging,,
J732416R,MG Special,,Engaging,,
IAUXJ05J,MG Special,,Engaging,,
G7H64S20,MG Advanced,,Engaging,,
9Q7NSPTF,GTX Plus Pro,,Engaging,,
WHF75273,GTX Plus Basic,Yearin,Won,2017-09-05,904.0
AH58AQ3B,GTX Basic,Toughzap,Won,2017-07-24,541.0
292W4P09,GTX Basic,Kinnamplus,Won,2017-07-25,630.0
MG0LTCCE,GTX Plus Basic,Xx-zobam,Won,2017-07-30,1231.0
ZRCQXB38,GTX Basic,,Engaging,,
EJJCUJ3P,GTX Plus Basic,,Engaging,,
ODFL6HOF,GTX Plus Basic,,Engaging,,
Q1HNDPKW,GTXPro,,Engaging,,
ANNUH4KM,GTX Basic,Domzoom,Won,2017-11-20,556.0
L3V8UK9H,GTX Plus Basic,Stanredtax,Won,2017-07-31,1070.0
2CRE26AC,MG Special,Newex,Won,2017-07-25,57.0
6GG9CSTV,MG Special,,Engaging,,
5WSQ6D2E,MG Special,,Engaging,,
3J1LNCA4,GTX Plus Basic,Hatfan,Lost,2017-07-31,0.0
4PDYHVX1,GTX Plus Pro,J-Texon,Won,2017-07-25,4824.0
BICJY3FZ,GTX Plus Pro,Streethex,Won,2017-11-19,6049.0
4P12PLQA,MG Special,Doncon,Won,2017-07-28,58.0
4942W0E7,MG Advanced,Konex,Won,2017-08-20,3335.0
TGTJ0NBT,GTX Plus Basic,Doncon,Lost,2017-07-30,0.0
K6MTPSB5,GTX Basic,,Engaging,,
D2QPN9LN,GTX Basic,,Engaging,,
021Z2J9L,GTK 500,Rundofase,Engaging,,
W8W6N0LL,GTXPro,Kan-code,Lost,2017-11-07,0.0
SEF4LOIS,GTX Plus Basic,Dontechi,Lost,2017-07-25,0.0
BNIU5YZ2,GTX Plus Basic,Toughzap,Won,2017-08-07,1006.0
CPK36NED,MG Advanced,Streethex,Won,2017-08-02,3367.0
VYWQ3U5S,GTX Basic,Finjob,Lost,2017-11-10,0.0
HDWQM6JT,GTX Plus Basic,Sonron,Lost,2017-07-28,0.0
EYBMEX1Z,GTX Basic,,Engaging,,
T0MUE2H7,MG Special,Statholdings,Lost,2017-08-06,0.0
G1M1KVHU,GTX Plus Basic,Xx-zobam,Engaging,,
LXS3Z82E,MG Advanced,,Engaging,,
ZDRRL61D,GTX Plus Basic,Cancity,Lost,2017-07-25,0.0
YRWX35AS,GTXPro,Ontomedia,Lost,2017-07-31,0.0
YT5I3AUS,GTX Basic,Xx-zobam,Won,2017-07-31,494.0
IS8Z2CQA,GTXPro,Ontomedia,Won,2017-07-30,4434.0
S3LATQVJ,GTX Plus Basic,Kinnamplus,Engaging,,
P3Z2LYCL,MG Special,,Engaging,,
LPR6G7AE,MG Special,Treequote,Lost,2017-07-28,0.0
CJAQVPDP,MG Advanced,Zumgoity,Lost,2017-09-05,0.0
757V8R2Z,MG Special,Initech,Won,2017-09-01,54.0
7KUYF1U3,MG Special,Kan-code,Won,2017-08-06,48.0
7QE84GCH,MG Advanced,Donware,Won,2017-09-12,2855.0
1WA46LC9,GTX Basic,Kinnamplus,Won,2017-07-30,538.0
MIGDLH14,GTX Basic,,Engaging,,
L9CJZZ59,GTX Plus Pro,J-Texon,Lost,2017-09-29,0.0
7FZ9CBZ3,GTX Plus Pro,Scotfind,Engaging,,
513PSPBN,GTX Plus Pro,,Engaging,,
JWUWBI4D,GTX Plus Pro,Funholding,Lost,2017-09-03,0.0
11LIZUQE,MG Advanced,,Engaging,,
GHB3UIDV,GTX Basic,Zotware,Won,2017-07-26,458.0
0TC6I9SJ,GTXPro,Dontechi,Engaging,,
WGFTBY3W,GTXPro,,Engaging,,
NCCB118E,GTXPro,,Engaging,,
WSQHC199,MG Special,,Engaging,,
VV6T07G4,MG Advanced,,Engaging,,
23R03LTJ,GTX Plus Basic,Warephase,Won,2017-08-07,996.0
AHUTOSMS,GTXPro,Genco Pura Olive Oil Company,Won,2017-07-31,4772.0
2T3QDLXY,GTXPro,Initech,Won,2017-07-26,4490.0
J5DVK5F3,MG Advanced,Gekko & Co,Won,2017-11-02,3260.0
M3PCMYJ0,GTX Basic,Doncon,Won,2017-08-06,584.0
H5RRJOD9,MG Advanced,Kan-code,Won,2017-07-30,3371.0
7OZ7L8BB,GTX Basic,,Engaging,,
RTWAUR7C,GTX Plus Pro,Y-corporation,Engaging,,
BUQ655AB,GTXPro,Condax,Won,2017-09-27,4868.0
QDNA6HW3,MG Advanced,Rangreen,Won,2017-08-07,3271.0
QGXJLNK1,GTX Basic,,Engaging,,
T0VHKKCN,GTXPro,Treequote,Lost,2017-07-25,0.0
E3Z74U5K,GTX Basic,,Engaging,,
7R0TEEHW,MG Special,Condax,Lost,2017-08-28,0.0
Q3HHDSDS,GTX Basic,,Engaging,,
0S6OQ9AO,GTX Plus Basic,,Engaging,,
CA3BRUJO,GTX Plus Basic,Konmatfix,Won,2017-07-25,1171.0
7AFBJFP5,MG Special,,Engaging,,
7MP6KLZO,GTX Basic,Goodsilron,Engaging,,
2TYZRE2R,MG Special,Massive Dynamic,Engaging,,
U5K1Y35J,MG Special,Inity,Won,2017-07-25,58.0
H2FCUPHJ,GTXPro,,Engaging,,
Y7TVU9AY,GTX Basic,Streethex,Lost,2017-11-06,0.0
ZNZCBGN7,GTXPro,Yearin,Lost,2017-07-26,0.0
IT2UBEW4,MG Special,Zotware,Won,2017-07-25,59.0
806KPNNN,GTX Basic,Zathunicon,Engaging,,
8Y4LJOJ0,GTX Plus Basic,,Engaging,,
Z7EBMMAE,MG Special,,Engaging,,
KT4OEP4X,MG Special,,Engaging,,
ODHVHXKS,MG Special,,Engaging,,
SZS2IPM3,MG Advanced,Doncon,Engaging,,
YY2DWBG5,MG Advanced,Ron-tech,Engaging,,
X19CKKZ1,MG Special,Hottechi,Won,2017-07-31,50.0
DZOLKFK6,GTX Plus Pro,Hatfan,Lost,2017-11-21,0.0
H5E0GSHQ,MG Special,Kinnamplus,Lost,2017-07-30,0.0
P91SQBST,MG Special,Dalttechnology,Engaging,,
4DLY9ZDH,MG Advanced,Dalttechnology,Engaging,,
ZNEQXZZK,MG Advanced,Donquadtech,Engaging,,
CBPVAIQ7,GTX Basic,Opentech,Lost,2017-08-03,0.0
JND57DH5,MG Special,Iselectrics,Won,2017-08-01,48.0
8PUH80YZ,GTX Basic,Bubba Gump,Won,2017-08-21,511.0
22WVAXR2,GTX Plus Basic,Massive Dynamic,Won,2017-07-29,1311.0
VVO21D4Z,GTX Basic,,Engaging,,
SXFE42KG,MG Advanced,Gogozoom,Engaging,,
MA9SBSLE,MG Special,Dontechi,Lost,2017-07-27,0.0
PKRDEUWE,GTX Basic,Kan-code,Lost,2017-08-02,0.0
LJ5FQGLZ,GTX Plus Pro,Plussunin,Won,2017-07-27,6100.0
KMJMLQ4P,MG Special,Silis,Won,2017-08-01,61.0
APIB681L,GTX Basic,,Engaging,,
TFSKOBH7,GTX Basic,,Engaging,,
LUTZ8UQM,GTXPro,Isdom,Engaging,,
1QKDD1OI,GTXPro,Isdom,Engaging,,
2GFL3TAF,GTXPro,,Engaging,,
CUSWE9PB,GTXPro,,Engaging,,
XFCKQ7RI,MG Advanced,,Engaging,,
94E71JAP,GTX Plus Basic,Isdom,Lost,2017-11-13,0.0
VBVO5X8W,GTXPro,dambase,Lost,2017-08-08,0.0
6UUZ4IJ5,GTX Basic,Ron-tech,Won,2017-08-03,528.0
6EXXL6M4,GTX Basic,Stanredtax,Won,2017-07-31,581.0
L9BTE2RA,GTX Plus Pro,Toughzap,Won,2017-09-29,5947.0
EVU2E5ZZ,MG Advanced,Gekko & Co,Lost,2017-08-02,0.0
PQL5GITI,GTX Basic,,Engaging,,
8AK3KGFA,MG Advanced,,Engaging,,
PBTSZ2Q2,GTXPro,Isdom,Lost,2017-11-05,0.0
7F2DDW3C,MG Advanced,,Engaging,,
BEDNZXVE,GTX Basic,,Engaging,,
D28ANNYX,GTX Basic,Green-Plus,Won,2017-12-02,508.0
CGFLLZZI,MG Special,,Engaging,,
GZ6SFRAT,MG Special,Hottechi,Engaging,,
JH643YRI,MG Advanced,Umbrella Corporation,Engaging,,
YCQTM2BQ,MG Advanced,,Engaging,,
30OFYJUN,GTX Basic,Dontechi,Lost,2017-07-31,0.0
10ICDVM2,GTX Basic,Konmatfix,Won,2017-07-30,537.0
KUAZF4E7,GTX Plus Basic,Blackzim,Lost,2017-11-27,0.0
Y3TOQUQI,GTX Basic,Zotware,Engaging,,
RV5Y8DRY,GTX Plus Pro,,Engaging,,
HJRM13DI,MG Special,Treequote,Engaging,,
IVANA47K,GTX Plus Basic,Cancity,Won,2017-07-27,1031.0
G2XP6IGJ,GTX Basic,,Engaging,,
MLD3WEJC,MG Advanced,Xx-holding,Engaging,,
DZP0MNRM,GTX Plus Basic,Konex,Engaging,,
OBC504T8,GTX Plus Basic,,Engaging,,
CMW6IQJI,MG Advanced,Faxquote,Engaging,,
4KP2GEFF,GTX Plus Basic,dambase,Won,2017-11-03,1077.0
8ODHXBNE,MG Special,,Engaging,,
VO1YR5CY,GTX Basic,,Engaging,,
FHPRER2D,MG Special,Sonron,Engaging,,
WOB1ULFR,MG Advanced,Dontechi,Won,2017-11-04,3306.0
7IKDD9UG,GTX Basic,Bioplex,Won,2017-07-26,491.0
UVCHXUIG,MG Special,Konmatfix,Engaging,,
V02WMIWK,MG Special,,Engaging,,
59SUBXGP,MG Special,Streethex,Won,2017-12-02,53.0
37UCYEDY,GTX Plus Basic,Bluth Company,Engaging,,
TFL3C3JS,GTX Plus Pro,Initech,Won,2017-09-27,5228.0
EM3NYEYC,GTX Plus Pro,Domzoom,Lost,2017-07-31,0.0
1976N63N,GTX Plus Basic,Kinnamplus,Engaging,,
7TFHGN6O,GTX Plus Pro,Inity,Engaging,,
L6223VHA,GTXPro,Sumace,Engaging,,
TJ7PNIXL,GTXPro,,Engaging,,
VMBM5EKL,GTXPro,,Engaging,,
8TD2LLOF,MG Advanced,,Engaging,,
KPFV2AAL,GTXPro,Streethex,Lost,2017-11-17,0.0
V2JOV5MF,GTXPro,Domzoom,Won,2017-07-27,4677.0
DEVXF86R,GTX Plus Basic,Acme Corporation,Lost,2017-09-29,0.0
VA9AGU75,GTXPro,Kan-code,Lost,2017-09-26,0.0
0MKW8IPC,GTX Basic,Xx-zobam,Won,2017-07-28,554.0
7RLLNAYC,MG Special,,Engaging,,
BRDB1I76,MG Special,,Engaging,,
EFKPYBI9,MG Advanced,Xx-holding,Engaging,,
P8P9MKJL,GTX Plus Pro,dambase,Won,2017-09-23,5548.0
S7PY8R2V,MG Advanced,Funholding,Won,2017-07-28,3809.0
PW9DTZON,GTXPro,Donquadtech,Engaging,,
G0DTQHIC,GTX Basic,,Engaging,,
75WYC9TY,GTX Basic,Globex Corporation,Lost,2017-07-30,0.0
FPLXC8Z3,GTX Plus Pro,,Engaging,,
CEWDZ3ZD,MG Special,Scotfind,Won,2017-08-10,53.0
OD895EQM,GTX Plus Pro,,Engaging,,
KPH05GU8,MG Advanced,The New York Inquirer,Engaging,,
VBB0LCEN,MG Advanced,,Engaging,,
F56MSU4B,MG Advanced,Betatech,Lost,2017-07-30,0.0
BR18O9U1,GTX Plus Basic,Ron-tech,Won,2017-07-28,1044.0
88CM27UB,GTXPro,Kan-code,Lost,2017-07-30,0.0
IK7LMFER,MG Special,,Engaging,,
P3K1DVYB,MG Advanced,,Engaging,,
BB1PRS3T,MG Advanced,,Engaging,,
WQ5U8PPM,GTX Plus Basic,Umbrella Corporation,Engaging,,
Q5GNQ823,GTXPro,,Engaging,,
BE0RAJF5,GTXPro,Faxquote,Lost,2017-08-06,0.0
KO7UWLAU,MG Advanced,Xx-zobam,Won,2017-07-28,3596.0
T50TV9SO,GTX Basic,,Engaging,,
4SJGBWQL,GTX Plus Basic,Hottechi,Lost,2017-07-27,0.0
AWFSNZ2U,GTX Plus Basic,Singletechno,Won,2017-12-01,1091.0
S3E48VE0,GTXPro,Plexzap,Won,2017-09-26,6000.0
N9GIC5PC,GTX Plus Pro,,Engaging,,
1T5WFCEJ,GTX Plus Pro,,Engaging,,
1XJFMYCW,MG Special,Golddex,Engaging,,
YYU1J6E1,MG Special,,Engaging,,
SCR1IKLQ,GTX Plus Pro,Bioholding,Won,2017-07-29,5068.0
IF8PILJR,MG Special,Globex Corporation,Won,2017-07-29,46.0
2K52EH11,MG Advanced,Vehement Capital Partners,Lost,2017-12-12,0.0
KPYCCBQA,GTX Plus Basic,,Engaging,,
HTY5G7DI,MG Advanced,Scottech,Won,2017-08-02,3025.0
TX88GTDE,GTX Plus Basic,Donware,Lost,2017-07-29,0.0
SSK95WLX,GTX Plus Basic,,Engaging,,
PQ104BT2,GTXPro,Finjob,Engaging,,
GQ7H31ZJ,GTXPro,Funholding,Engaging,,
9B7FS6YL,GTXPro,Konex,Engaging,,
M6JT5RL8,GTXPro,,Engaging,,
45H84LNT,GTXPro,,Engaging,,
E8MIFXOH,GTXPro,,Engaging,,
UO8DLVVQ,GTXPro,,Engaging,,
R7H0M07R,MG Advanced,,Engaging,,
JQ5AOYQ8,MG Advanced,,Engaging,,
2GQH9FKJ,GTXPro,dambase,Won,2017-08-09,4790.0
MW3K8553,GTXPro,Zumgoity,Won,2017-08-23,4861.0
G7RZTAMV,GTX Plus Pro,,Engaging,,
82K9NWKO,MG Advanced,,Engaging,,
E41SDK40,GTX Basic,Cancity,Lost,2017-09-15,0.0
RFXH6VDX,GTX Plus Basic,,Engaging,,
RDFUGEA2,GTX Basic,Hottechi,Won,2017-09-15,586.0
64KHY8MT,GTX Basic,,Engaging,,
5PWO4RPC,GTX Basic,,Engaging,,
PU62ZGX4,GTX Plus Basic,Singletechno,Engaging,,
EVDKJDY3,GTX Plus Basic,,Engaging,,
I8TEUO2C,GTX Basic,Scotfind,Won,2017-08-10,514.0
BY1TB6D2,GTXPro,Konex,Won,2017-07-28,4209.0
WX546S1D,GTX Basic,,Engaging,,
S2Y2Q1D2,GTX Plus Basic,Singletechno,Engaging,,
PYRLUYIQ,GTX Plus Basic,Y-corporation,Engaging,,
2AMVTZLM,MG Special,Genco Pura Olive Oil Company,Lost,2017-08-01,0.0
8IOAX81S,GTX Plus Basic,Domzoom,Won,2017-08-07,965.0
EN8JHUXA,GTX Basic,,Engaging,,
I3IRJZRL,GTX Basic,,Engaging,,
51H02FX1,MG Special,,Engaging,,
9SRD5NCR,GTK 500,,Engaging,,
EYWL3H5G,GTX Plus Pro,Newex,Lost,2017-07-28,0.0
18YA4UUP,GTX Plus Pro,Xx-zobam,Engaging,,
WVT3X6IC,MG Special,,Engaging,,
YUGFGRUT,GTX Basic,Groovestreet,Won,2017-08-06,651.0
VD2KHXRY,GTXPro,Toughzap,Engaging,,
P7MSQO38,GTX Basic,Yearin,Engaging,,
10QE4JCA,MG Special,,Engaging,,
O6B0YK1X,MG Advanced,Conecom,Lost,2017-08-03,0.0
DXRG254A,GTX Basic,,Engaging,,
NLWICKPS,GTX Plus Basic,Umbrella Corporation,Lost,2017-11-07,0.0
Z6FPHRV7,GTX Basic,Ganjaflex,Won,2017-11-11,550.0
X33HL9WS,GTX Plus Basic,,Engaging,,
9Z2WTTNY,GTX Plus Basic,Statholdings,Engaging,,
ZJLW1OPF,GTXPro,Xx-zobam,Engaging,,
Q62JFLLD,GTXPro,,Engaging,,
3PPHOXTT,MG Special,,Engaging,,
LJ59Y2TK,GTXPro,Ron-tech,Lost,2017-07-29,0.0
80S3ED8B,GTX Basic,Conecom,Won,2017-08-23,589.0
2IKGOPW1,GTXPro,Inity,Won,2017-07-30,4387.0
7Y10BR02,GTXPro,Streethex,Won,2017-07-30,4555.0
4L8RQVL9,GTXPro,Massive Dynamic,Lost,2017-08-06,0.0
9T954T67,GTX Basic,Green-Plus,Won,2017-07-29,514.0
N07XYH50,GTXPro,Newex,Engaging,,
CEOEM2MY,GTX Plus Basic,Nam-zim,Lost,2017-07-29,0.0
VIFA2I18,GTX Basic,,Engaging,,
7K31BXX3,GTXPro,,Engaging,,
I5FVCO24,GTXPro,Cancity,Won,2017-07-29,4671.0
WTG4IAG0,MG Special,Labdrill,Lost,2017-07-29,0.0
NFKUICVA,GTX Basic,Singletechno,Won,2017-11-15,518.0
V3G1HBTZ,GTX Basic,Nam-zim,Engaging,,
XV41LZYE,GTX Basic,,Engaging,,
0RI2I8ZL,GTX Basic,,Engaging,,
7W9S4DCZ,MG Special,Dalttechnology,Engaging,,
3L3W9W8I,GTX Basic,,Engaging,,
WL6CZ7N4,GTX Plus Basic,,Engaging,,
8UCQBI6J,GTXPro,Cancity,Won,2017-07-29,4172.0
M5FP7HGQ,MG Special,,Engaging,,
Q8Q4R3SW,GTX Plus Pro,dambase,Lost,2017-08-10,0.0
SJ3QA8KP,MG Advanced,Treequote,Engaging,,
BZNGP0DN,MG Special,Massive Dynamic,Won,2017-08-10,53.0
M2ZRU2UH,GTX Basic,,Engaging,,
Z31RDLIF,MG Advanced,Gekko & Co,Lost,2017-11-27,0.0
NX2EICNQ,GTX Basic,Kan-code,Engaging,,
E4KNZB95,MG Special,Bioholding,Won,2017-08-19,53.0
PJDA3RWU,MG Special,Condax,Won,2017-08-03,60.0
YUORNX7C,MG Special,Inity,Won,2017-11-01,53.0
0WJLKMUA,GTXPro,Acme Corporation,Lost,2017-07-29,0.0
7XP06LUZ,MG Special,Zathunicon,Lost,2017-12-02,0.0
5BT0Y4MB,GTX Basic,Green-Plus,Lost,2017-07-30,0.0
T0TDA2O1,GTX Plus Pro,,Engaging,,
B1ZN2CFP,MG Advanced,,Engaging,,
WCCEBK6E,GTX Plus Pro,Isdom,Won,2017-08-05,4603.0
3A2CCWEG,MG Special,,Engaging,,
5SCMRQ9N,GTX Basic,Finhigh,Won,2017-09-05,610.0
4QQOSYGL,MG Advanced,,Engaging,,
A3I4JHP0,GTX Plus Basic,Konex,Won,2017-08-06,1189.0
NJNY07JZ,GTX Basic,Codehow,Engaging,,
UWI771ZX,GTX Plus Basic,,Engaging,,
YI1V6SOX,GTXPro,The New York Inquirer,Engaging,,
PNTHPFHY,GTXPro,,Engaging,,
2I7IFY8D,GTXPro,,Engaging,,
T1SITEI0,MG Special,Singletechno,Engaging,,
DOVFYIIO,GTXPro,Massive Dynamic,Lost,2017-07-30,0.0
BC53PQMQ,GTX Plus Pro,Sumace,Won,2017-07-31,5480.0
AU1OZUN8,MG Special,Sonron,Won,2017-11-02,56.0
09GK47AY,GTX Plus Basic,Ontomedia,Lost,2017-08-02,0.0
D6CRJSEP,GTX Plus Basic,Zotware,Won,2017-09-16,983.0
5G9WEZTP,GTXPro,Massive Dynamic,Won,2017-08-16,5319.0
3FI1J4VO,MG Special,,Engaging,,
KRK5YFGW,GTXPro,Konex,Won,2017-08-08,4941.0
GJQFUUWI,MG Advanced,Sunnamplex,Won,2017-08-02,3260.0
7BKYKVF2,GTX Plus Basic,,Engaging,,
6US3WW0M,MG Special,,Engaging,,
9M72KPA3,GTX Plus Basic,Bluth Company,Engaging,,
4OYGRQGO,MG Advanced,,Engaging,,
7SO4NKFP,GTX Plus Basic,Hottechi,Lost,2017-08-03,0.0
VZ1ETER5,GTX Plus Pro,Goodsilron,Won,2017-07-31,4842.0
YOFRJU68,MG Advanced,Blackzim,Won,2017-09-29,3463.0
SPMQ0BHA,GTX Basic,,Engaging,,
ERTQ4SN3,MG Special,Zumgoity,Engaging,,
F9V6EWDG,GTX Basic,Konmatfix,Lost,2017-08-01,0.0
FQI66XXN,GTX Basic,,Engaging,,
5EFR0VAZ,GTX Basic,Newex,Lost,2017-07-30,0.0
4MTIOMFQ,GTXPro,Mathtouch,Won,2017-08-08,4252.0
J096XFZG,GTXPro,Zotware,Won,2017-09-04,4906.0
1RXGKOUE,GTX Plus Pro,,Engaging,,
G40058T1,MG Special,Yearin,Engaging,,
TQZLDFIJ,MG Special,,Engaging,,
4U2Z53VS,MG Special,Inity,Lost,2017-08-10,0.0
3SD04QJ4,MG Advanced,,Engaging,,
ERD6D5K3,GTX Basic,,Engaging,,
VVM42VWQ,GTX Basic,,Engaging,,
MK380H70,MG Special,,Engaging,,
5SNCUQ8Z,MG Special,,Engaging,,
6YMJLH2F,GTX Plus Pro,Finhigh,Lost,2017-08-07,0.0
SP9W5IND,MG Special,Acme Corporation,Engaging,,
P9EJ68SM,GTX Plus Basic,,Engaging,,
IG540SIB,MG Advanced,,Engaging,,
D6U1NYBU,MG Advanced,Umbrella Corporation,Won,2017-11-18,3113.0
9Q2SYGPP,GTX Plus Basic,Bluth Company,Won,2017-08-10,1097.0
CUZDYOOO,GTX Basic,,Engaging,,
EY7OI10Z,GTX Plus Basic,,Engaging,,
R55U5QI4,GTX Plus Pro,Scottech,Engaging,,
TJ95PY76,GTXPro,J-Texon,Engaging,,
R6OZIG5J,MG Advanced,,Engaging,,
DVT7NPEH,MG Advanced,,Engaging,,
EY73E4ZB,MG Advanced,Hottechi,Lost,2017-08-05,0.0
KQLS98VW,GTX Plus Basic,Condax,Won,2017-12-04,1245.0
LKQL4GRO,GTX Plus Basic,Scottech,Won,2017-08-04,1160.0
4DKUZ8JE,MG Special,Bioholding,Won,2017-07-31,53.0
V3QM4V7G,GTXPro,Initech,Lost,2017-08-11,0.0
S9JXWIBD,GTX Plus Basic,,Engaging,,
0XBGT413,GTXPro,,Engaging,,
RTOIXNPC,MG Special,,Engaging,,
LZWH2OGW,MG Advanced,Funholding,Lost,2017-08-06,0.0
R7JSQI5U,MG Advanced,Newex,Lost,2017-07-31,0.0
S5NZI5UN,GTXPro,Cheers,Won,2017-09-10,5031.0
XQQ3JS90,GTXPro,Rangreen,Won,2017-07-31,5741.0
7COYG1Z2,MG Special,,Engaging,,
5SED9K1C,GTX Plus Basic,Plusstrip,Won,2017-08-09,1038.0
OVLGWURN,GTX Basic,,Engaging,,
810GB47D,GTX Basic,Condax,Lost,2017-08-05,0.0
GZCWRMIR,GTX Basic,J-Texon,Lost,2017-11-20,0.0
UHIIYU2J,GTX Basic,,Engaging,,
5W29OCB8,MG Special,Bioholding,Engaging,,
PST4NDK4,GTX Basic,Funholding,Won,2017-08-09,502.0
R7I947IZ,GTX Plus Basic,,Engaging,,
754UOV5F,MG Special,,Engaging,,
MTN3BOMC,GTX Plus Basic,,Engaging,,
8U9DLK26,GTXPro,Nam-zim,Won,2017-07-31,4913.0
ABT1TDH1,GTX Basic,,Engaging,,
DJFMG9QI,MG Special,Plusstrip,Engaging,,
DDWSCXZA,MG Advanced,Rundofase,Won,2017-09-19,3457.0
GWQX8BSZ,GTX Basic,Donquadtech,Engaging,,
D9NLFAEG,GTX Basic,,Engaging,,
TX5SADEI,GTX Plus Basic,Dontechi,Engaging,,
I5AKI9KC,MG Special,,Engaging,,
T2UA7F7Z,GTX Plus Pro,Opentech,Won,2017-08-08,5204.0
FOGOYZ75,MG Advanced,Plussunin,Won,2017-08-07,3019.0
I9IJS5BM,MG Advanced,Sumace,Won,2017-08-18,3453.0
0M3NCPQX,MG Special,,Engaging,,
RN7M3757,MG Advanced,,Engaging,,
2HU8CPJ3,MG Advanced,Labdrill,Won,2017-11-13,3464.0
OJ42ZCHR,MG Special,,Engaging,,
M2UI5MKB,MG Advanced,Zathunicon,Won,2017-08-19,2937.0
HWVR6IJ7,GTX Basic,Kan-code,Won,2017-08-15,463.0
QD4ONE04,MG Special,Rangreen,Engaging,,
V0XFS245,GTXPro,Bluth Company,Won,2017-09-11,4096.0
0PT4RY4P,MG Advanced,,Engaging,,
FSEV7ZJC,GTXPro,,Engaging,,
OEP0IJ6S,GTXPro,,Engaging,,
YWGU40CP,MG Special,,Engaging,,
ICG3THQK,GTX Basic,Sumace,Engaging,,
WOO9JXOQ,MG Advanced,Sumace,Engaging,,
OBDEDIXA,MG Advanced,,Engaging,,
1O72EKFY,GTX Plus Pro,,Engaging,,
4XXAK1QL,GTX Basic,,Engaging,,
WU81R3XH,GTX Basic,,Engaging,,
HHWZEWDV,GTX Plus Basic,,Engaging,,
EMH2I8XE,MG Advanced,Acme Corporation,Engaging,,
UBO7V799,MG Advanced,,Engaging,,
DZQW0KQ4,GTX Plus Pro,,Engaging,,
BBGCBEUY,GTX Plus Basic,Plexzap,Lost,2017-08-04,0.0
6PHF576T,GTXPro,Y-corporation,Lost,2017-11-23,0.0
XN43RX9C,MG Advanced,Sunnamplex,Won,2017-08-10,3187.0
OAUUCC2N,GTX Plus Basic,,Engaging,,
283MDYKM,GTX Plus Basic,,Engaging,,
56LUBQTV,MG Advanced,,Engaging,,
DOU4T9EI,MG Special,Cancity,Lost,2017-11-02,0.0
XUU1PPTJ,GTX Plus Pro,Rangreen,Won,2017-11-10,5234.0
Q65B52C5,GTX Basic,Kan-code,Engaging,,
STI8KYWL,GTX Plus Basic,,Engaging,,
KZMZH8L6,GTX Plus Pro,Zotware,Won,2017-09-28,6180.0
K63TD0WD,MG Special,,Engaging,,
7WU2BQ2P,MG Special,Inity,Won,2017-08-10,53.0
5B4H3E7V,MG Special,Konex,Lost,2017-08-05,0.0
6YCDG16T,MG Advanced,Cheers,Won,2017-08-12,3687.0
EP9JNNF1,MG Special,,Engaging,,
BVKAXY66,GTXPro,Konex,Won,2017-08-20,6069.0
I1R23P5F,GTX Plus Basic,,Engaging,,
CFKXEPFN,GTX Plus Basic,,Engaging,,
4ZB2W6O7,MG Special,Plusstrip,Engaging,,
H85L45JM,MG Special,,Engaging,,
D9VTKEEH,GTX Plus Basic,Genco Pura Olive Oil Company,Lost,2017-08-11,0.0
7CYRCTXI,MG Advanced,Konmatfix,Won,2017-08-16,3452.0
A2YIYWNW,MG Advanced,,Engaging,,
IH4M0XTK,MG Advanced,Kinnamplus,Won,2017-08-09,3156.0
L9AZZGNK,GTX Basic,Gekko & Co,Lost,2017-08-14,0.0
HISWL7B0,GTXPro,,Engaging,,
BSKNQJOJ,GTXPro,,Engaging,,
1FLN8BTI,MG Special,Rundofase,Engaging,,
VAL8O4PH,MG Special,,Engaging,,
MLPVWTC2,MG Advanced,Statholdings,Lost,2017-11-23,0.0
RZXMIHGO,GTX Basic,,Engaging,,
IW6S2BN0,GTX Plus Basic,,Engaging,,
G78ZK6XI,MG Special,,Engaging,,
9C3YHNBY,MG Advanced,,Engaging,,
U4L1277G,GTX Plus Basic,,Engaging,,
6BBYA0L3,GTX Plus Basic,Rantouch,Won,2017-08-06,1157.0
S3J60BK0,GTX Plus Basic,Plexzap,Won,2017-11-22,1040.0
IKIJHQPN,MG Special,Streethex,Won,2017-12-16,49.0
YE7F777U,GTX Basic,,Engaging,,
OJ9KBQML,GTX Basic,Inity,Won,2017-09-19,454.0
W66UPKL4,GTX Plus Basic,Zoomit,Won,2017-11-18,1106.0
DO6VKC2G,GTK 500,,Engaging,,
MBYOJR5A,GTX Plus Pro,,Engaging,,
NBJR3GVR,GTXPro,,Engaging,,
2S7CMLRJ,GTX Plus Basic,Goodsilron,Won,2017-08-08,1143.0
18KMXL8N,GTX Plus Pro,J-Texon,Won,2017-11-06,4434.0
Y7244XW7,MG Special,Plussunin,Engaging,,
22HV3N2W,GTX Plus Basic,Rangreen,Engaging,,
FKY3O5O1,GTXPro,Zotware,Engaging,,
WRKPDK7O,GTX Plus Pro,Hatfan,Engaging,,
3FWZBSW1,MG Special,Cancity,Engaging,,
VIY7P8J6,MG Special,Hatfan,Engaging,,
PR1H7NHK,MG Special,Mathtouch,Engaging,,
A9TEJW6U,MG Special,,Engaging,,
1DC9PQ4S,MG Special,,Engaging,,
K44PIQTN,GTX Plus Basic,Rantouch,Won,2017-09-26,1193.0
NWQHHVEM,GTXPro,Goodsilron,Won,2017-08-21,5049.0
ZJ76J97A,GTXPro,Konex,Won,2017-08-19,5300.0
4Q1A27SA,MG Advanced,Singletechno,Won,2017-11-20,3597.0
GVOKY9KD,GTXPro,Xx-zobam,Lost,2017-11-11,0.0
JGXK8P6T,MG Advanced,,Engaging,,
FOQK8G8Y,GTX Basic,Sonron,Won,2017-08-06,606.0
OEUK1UW5,GTX Plus Basic,Condax,Won,2017-11-09,1123.0
LF45YLLR,GTXPro,Initech,Won,2017-08-12,5205.0
RYYTO9Z5,GTX Basic,Yearin,Won,2017-11-01,592.0
R9VR53F3,GTX Plus Pro,Umbrella Corporation,Won,2017-08-14,6284.0
D5H30X5X,MG Special,Warephase,Lost,2017-11-07,0.0
FLXN0TBT,MG Advanced,Labdrill,Lost,2017-08-10,0.0
U8H8VGI0,GTXPro,Lexiqvolax,Lost,2017-11-02,0.0
R1X6U9CU,GTX Plus Pro,Kan-code,Won,2017-08-05,4231.0
URQYDGX8,GTX Basic,,Engaging,,
IT1XRUTD,GTX Plus Pro,Warephase,Lost,2017-08-13,0.0
VTSKKTQO,MG Advanced,Zumgoity,Lost,2017-08-13,0.0
KIKG1BGV,MG Advanced,Domzoom,Engaging,,
2E2FDZHG,GTXPro,,Engaging,,
3Z2AMU5T,MG Advanced,Kinnamplus,Lost,2017-11-23,0.0
8LP076IV,MG Special,,Engaging,,
CWXHKUV5,MG Special,,Engaging,,
N909ADDC,MG Advanced,,Engaging,,
R0O1UYNW,MG Special,Bluth Company,Won,2017-08-10,53.0
ULJG457F,MG Special,,Engaging,,
AZN2K0V9,MG Advanced,Ganjaflex,Engaging,,
G44S6CLC,MG Special,Cancity,Won,2017-08-16,52.0
IMLB4653,GTX Plus Basic,Gekko & Co,Won,2017-08-22,938.0
6TGCOE5O,GTX Plus Pro,,Engaging,,
QIEAKLRU,MG Advanced,,Engaging,,
ZE6HA778,MG Advanced,Inity,Lost,2017-08-08,0.0
6KPKOR79,GTX Plus Basic,Bioplex,Won,2017-09-13,1050.0
D42GA3LC,MG Advanced,Vehement Capital Partners,Won,2017-08-11,3440.0
A04V2WB3,GTK 500,,Engaging,,
TIPXNDS2,MG Special,Betatech,Engaging,,
3G61D5KV,MG Special,,Engaging,,
58J528HO,GTXPro,Rundofase,Lost,2017-08-15,0.0
6RZ5GSAB,GTX Basic,,Engaging,,
RD6Y5R4P,MG Special,Cancity,Engaging,,
7VSFD2MV,GTX Basic,,Engaging,,
PBVC1VI7,GTX Plus Basic,Konex,Lost,2017-11-09,0.0
3BA9OPGY,MG Special,,Engaging,,
LDQITW5C,MG Advanced,Acme Corporation,Engaging,,
9V2SW5MV,MG Advanced,,Engaging,,
0R5KAHNB,MG Advanced,Umbrella Corporation,Engaging,,
ATMWAQL5,GTX Plus Basic,Gogozoom,Engaging,,
SUUVV6RP,MG Special,,Engaging,,
U4BPFJC5,GTX Plus Basic,Inity,Won,2017-08-21,1126.0
MJ3XHBY0,GTXPro,Donquadtech,Won,2017-08-14,3963.0
LT75S3LM,GTXPro,Kinnamplus,Won,2017-08-11,5401.0
B28O6RVD,MG Advanced,Silis,Lost,2017-08-20,0.0
O9MGYBG4,GTX Plus Basic,Silis,Won,2017-12-02,965.0
XB1ZV04H,GTX Basic,,Engaging,,
Q1TS5ZKD,MG Special,,Engaging,,
FLH1KDV2,GTX Basic,Hottechi,Won,2017-11-01,534.0
NNH4EBG8,MG Special,Mathtouch,Engaging,,
GVSAAKF4,MG Special,Massive Dynamic,Won,2017-11-21,50.0
5UFU5IO4,MG Special,Cancity,Engaging,,
VLYT262U,GTX Plus Basic,,Engaging,,
UM1OU73X,GTXPro,,Engaging,,
69U39SXU,GTXPro,,Engaging,,
R6F1053X,GTXPro,Konex,Won,2017-08-11,5186.0
OB2PHGFR,MG Advanced,J-Texon,Won,2017-11-04,3308.0
ZCUMC0XC,MG Special,,Engaging,,
Y2X0X0WQ,MG Advanced,Finhigh,Won,2017-12-07,3367.0
V1KABF71,GTX Plus Basic,,Engaging,,
DZ47F0UT,GTX Plus Basic,Labdrill,Lost,2017-08-08,0.0
7WYZ9HMC,GTX Basic,Scotfind,Won,2017-09-16,518.0
CPOA6FVA,GTX Basic,,Engaging,,
5VW9YVTU,GTX Basic,Condax,Engaging,,
FUI9BIS3,MG Advanced,Funholding,Engaging,,
49SUORYW,GTX Plus Basic,Betasoloin,Engaging,,
RG8P75PG,GTXPro,Initech,Lost,2017-08-10,0.0
P0YQ3HNN,GTX Plus Basic,Kan-code,Won,2017-09-11,1128.0
TGI9B9AD,GTX Plus Pro,Bioplex,Won,2017-12-16,6318.0
51VR0RD3,MG Special,,Engaging,,
4PNXMXXC,GTX Basic,,Engaging,,
OVA9HMN1,GTX Plus Pro,,Engaging,,
DAAHNY6T,MG Special,,Engaging,,
80QJ0BQH,MG Special,,Engaging,,
WA58C7SV,MG Advanced,Cancity,Lost,2017-11-26,0.0
MOAP4XN7,GTXPro,,Engaging,,
2N2MUDOA,GTXPro,Bioholding,Engaging,,
EFUIZFRA,GTXPro,Ontomedia,Won,2017-09-19,4935.0
RCJRB8W8,GTX Plus Pro,,Engaging,,
5NGPM4C3,GTX Plus Pro,,Engaging,,
D4ZMTQLE,GTX Plus Basic,Scottech,Won,2017-12-20,1013.0
QFXZT1TV,GTX Basic,Yearin,Won,2017-12-20,573.0
3Q8GSOKD,GTX Basic,Zathunicon,Won,2017-12-04,535.0
7DOGGIXI,MG Special,Bioplex,Engaging,,
7CC4DUSQ,MG Advanced,Fasehatice,Lost,2017-11-29,0.0
NY7Z4I06,GTX Plus Pro,Betasoloin,Engaging,,
G2KW3DWD,GTX Plus Basic,Condax,Won,2017-11-02,1080.0
IK72767Q,GTX Basic,Finhigh,Won,2017-12-14,609.0
9P180HVQ,GTX Basic,Zencorporation,Engaging,,
ACGLK2YE,GTX Plus Basic,Treequote,Engaging,,
0F9GSZRO,GTX Basic,Bioholding,Lost,2017-11-11,0.0
BEELPVP0,MG Special,Scottech,Lost,2017-08-15,0.0
3A54O8JT,MG Special,,Engaging,,
2DOZJ7GT,MG Advanced,Gogozoom,Lost,2017-11-08,0.0
1V1L46NV,GTX Basic,Rundofase,Won,2017-11-09,563.0
R9GI5SJ5,MG Advanced,Domzoom,Engaging,,
SGYL0QMJ,GTXPro,Plexzap,Lost,2017-11-07,0.0
XNOQAL9G,MG Special,Betatech,Lost,2017-11-29,0.0
WO1OYV0Z,GTX Plus Pro,,Engaging,,
ZGK1AWBD,MG Special,Vehement Capital Partners,Engaging,,
AV72Y65Y,MG Special,Streethex,Engaging,,
2PP30ME4,GTX Plus Basic,Konex,Lost,2017-11-04,0.0
UADVV91I,MG Special,Bluth Company,Won,2017-12-01,59.0
E9PMCMA3,MG Special,Donquadtech,Won,2017-11-14,54.0
EGW6AN01,MG Advanced,Donquadtech,Lost,2017-11-08,0.0
A8NDGVJE,GTXPro,,Engaging,,
NI5XQR33,GTX Plus Basic,Cancity,Lost,2017-08-14,0.0
QYUZ3KVU,MG Advanced,Mathtouch,Won,2017-08-11,3114.0
5TOZM59X,MG Special,Rantouch,Won,2017-08-17,60.0
XWOG5DC0,GTX Basic,Donware,Lost,2017-11-08,0.0
IQAFSIV4,GTX Basic,Kan-code,Won,2017-08-27,422.0
EETBBG75,MG Advanced,Konex,Won,2017-09-20,3971.0
7FFV8D9U,GTXPro,Plusstrip,Engaging,,
04T6SOQW,GTX Basic,,Engaging,,
STYAF310,GTX Plus Basic,Faxquote,Lost,2017-11-04,0.0
6W7QAH1B,GTX Basic,Konex,Won,2017-12-18,510.0
KXLD5YKX,MG Advanced,Scotfind,Won,2017-11-19,4032.0
SLMY2KDA,GTXPro,,Engaging,,
PDMZ1I99,MG Advanced,Globex Corporation,Engaging,,
ESYGBBLP,GTX Basic,Dontechi,Lost,2017-12-10,0.0
AD2YEH7W,GTX Plus Pro,,Engaging,,
98K99UW9,GTX Plus Pro,,Engaging,,
ZDSAVCDQ,MG Special,Plussunin,Won,2017-08-12,52.0
OMJHW2J1,MG Advanced,,Engaging,,
G6CMP5I9,MG Advanced,,Engaging,,
OSG9KZGB,GTX Plus Basic,Kan-code,Engaging,,
693K7IAT,GTX Basic,Funholding,Engaging,,
QRWC159J,MG Advanced,Sumace,Lost,2017-12-08,0.0
TXPUCPT8,MG Advanced,Globex Corporation,Won,2017-11-17,3684.0
2ZVWE5NE,GTX Plus Basic,Sumace,Lost,2017-12-19,0.0
4335LVQT,GTX Plus Pro,Zotware,Won,2017-11-19,4648.0
MJ0RRDLN,GTXPro,Gekko & Co,Won,2017-12-05,4639.0
QAJPUEN2,GTXPro,Betatech,Lost,2017-08-18,0.0
4XLLUO6J,GTX Plus Pro,Inity,Won,2017-09-17,6360.0
5R408EB5,GTX Plus Basic,Singletechno,Lost,2017-12-19,0.0
FB0Q3FYP,GTXPro,Inity,Won,2017-09-22,4722.0
JZ2VUXZQ,GTX Plus Basic,Rantouch,Lost,2017-08-26,0.0
RB54V758,MG Advanced,Sunnamplex,Won,2017-08-17,3039.0
38C7HEG6,GTX Plus Basic,Rundofase,Won,2017-11-01,1080.0
FNXCNUR1,GTX Plus Basic,Blackzim,Lost,2017-11-24,0.0
DSPMSOTB,MG Advanced,Globex Corporation,Won,2017-12-13,3063.0
WD7Q5D3G,GTX Plus Basic,,Engaging,,
ZC987DAQ,MG Advanced,,Engaging,,
AOVU3VUJ,GTX Basic,Konex,Lost,2017-11-17,0.0
I6M40320,GTX Plus Basic,Betatech,Engaging,,
SYA1A4E5,GTXPro,,Engaging,,
9AESK6QV,GTX Basic,,Engaging,,
6DUFMKIG,MG Special,J-Texon,Lost,2017-08-13,0.0
R2DID6L7,MG Special,Acme Corporation,Won,2017-11-04,52.0
WHS3UZHR,MG Special,Bluth Company,Won,2017-11-09,51.0
5UFQONQU,GTXPro,Condax,Won,2017-11-27,4480.0
RRQIGS7E,MG Special,dambase,Won,2017-08-18,53.0
1VFRN1GB,GTX Basic,Xx-zobam,Won,2017-08-27,582.0
Q8QGD2OG,MG Advanced,,Engaging,,
AHXFADIU,GTX Plus Pro,Cancity,Lost,2017-11-01,0.0
PWKFVQFA,MG Advanced,Warephase,Won,2017-11-08,3354.0
8CAXVCDF,MG Advanced,Donware,Lost,2017-08-09,0.0
0SIWRBDT,GTX Plus Basic,Konex,Won,2017-12-22,1135.0
FH3UXT3T,GTXPro,,Engaging,,
VQB0ZCYJ,GTXPro,Initech,Won,2017-08-11,4859.0
6IMKESNY,GTX Plus Basic,Toughzap,Won,2017-08-17,1085.0
CLRPASVW,GTX Basic,Cancity,Engaging,,
18N5WD04,MG Special,Singletechno,Lost,2017-09-24,0.0
FS60AX8A,GTX Basic,,Engaging,,
R26IBPEJ,GTX Basic,Finhigh,Lost,2017-11-13,0.0
TCBW39GW,GTX Plus Basic,Zumgoity,Won,2017-11-07,1196.0
F9QHNS68,GTX Plus Pro,Warephase,Won,2017-08-19,5572.0
7DA7E2K7,MG Advanced,J-Texon,Won,2017-11-06,3415.0
O7LSETHG,MG Advanced,,Engaging,,
GTH7MXLG,MG Special,Scottech,Lost,2017-08-15,0.0
FCBSZ6FJ,GTX Plus Pro,,Engaging,,
S931EBRN,GTX Basic,,Engaging,,
2QISWUQ9,GTX Basic,Kinnamplus,Lost,2017-12-05,0.0
8CJ0DC9P,GTX Plus Basic,Vehement Capital Partners,Lost,2017-11-12,0.0
S0WEFDP2,GTX Plus Basic,Plussunin,Won,2017-09-24,1176.0
MUSSD9WD,GTX Plus Basic,Goodsilron,Engaging,,
9B20R6A5,GTXPro,,Engaging,,
PXXIJWXD,GTXPro,Streethex,Won,2017-11-02,4313.0
AQFXE1TA,GTXPro,Konex,Won,2017-09-15,4662.0
N4JDVO8F,GTX Basic,Singletechno,Lost,2017-08-12,0.0
GXJF1O6U,MG Advanced,Cheers,Lost,2017-11-18,0.0
UZTMM5MG,GTXPro,Xx-zobam,Lost,2017-11-20,0.0
XMVJ5X59,MG Advanced,Plussunin,Won,2017-11-07,2715.0
AJ3CFCFA,GTX Plus Basic,Hatfan,Lost,2017-11-19,0.0
SX73M3HS,GTX Basic,Hottechi,Won,2017-12-19,511.0
BJH89YWM,GTX Basic,,Engaging,,
EVXPG3V5,GTX Basic,The New York Inquirer,Engaging,,
YDUL6H8V,GTX Plus Basic,Goodsilron,Won,2017-12-08,1017.0
FSNL204U,GTX Plus Pro,Hatfan,Engaging,,
RC4LEDIA,MG Advanced,,Engaging,,
DY5RYWTV,GTX Plus Basic,Labdrill,Lost,2017-08-20,0.0
3F9NDPA0,GTX Plus Basic,Konex,Won,2017-08-10,1102.0
UMKU4ZGE,MG Special,Kan-code,Won,2017-12-04,67.0
56SRDF1B,MG Special,Genco Pura Olive Oil Company,Won,2017-09-09,59.0
ID7F5VGK,GTX Plus Pro,Domzoom,Lost,2017-11-25,0.0
6UQTAD4C,GTX Basic,Hottechi,Won,2017-12-09,569.0
HT17GEXI,GTX Basic,Xx-zobam,Won,2017-12-13,517.0
298J5EM0,GTX Basic,,Engaging,,
5Q2BP80H,GTX Basic,Iselectrics,Lost,2017-11-03,0.0
JVKP9OCT,GTX Plus Basic,Donware,Won,2017-08-22,1171.0
COJKCSVG,GTX Basic,Kinnamplus,Lost,2017-08-22,0.0
533RTCAL,GTX Plus Basic,Donquadtech,Won,2017-08-20,1143.0
NUBMO8S7,GTXPro,Kan-code,Won,2017-12-07,5315.0
Z4OOTJAJ,GTX Plus Pro,,Engaging,,
DNL2IICB,MG Advanced,Codehow,Lost,2017-08-12,0.0
X7V78ZY0,MG Special,Scotfind,Won,2017-08-16,49.0
5GEBBVQQ,GTX Plus Pro,Bubba Gump,Lost,2017-11-06,0.0
988J5AUI,GTX Plus Basic,,Engaging,,
DMN53GAI,MG Advanced,J-Texon,Won,2017-08-13,3511.0
MBPJUJ7F,GTX Basic,Plexzap,Engaging,,
B7VEJNPV,GTXPro,Codehow,Lost,2017-11-23,0.0
CR13KZ71,GTXPro,Y-corporation,Lost,2017-11-20,0.0
2KWJIZX6,GTX Plus Basic,,Engaging,,
99EA6HXJ,GTX Basic,,Engaging,,
J31SUXQJ,GTX Plus Pro,Sumace,Engaging,,
DYO98F6J,MG Special,,Engaging,,
C23N9DE9,GTX Plus Basic,Codehow,Won,2017-08-27,1108.0
FW7QS11M,MG Special,Golddex,Lost,2017-11-07,0.0
ZRBHYBW9,MG Special,Groovestreet,Lost,2017-11-03,0.0
EEB0JYIQ,GTX Plus Basic,,Engaging,,
JLK580ND,GTX Basic,Stanredtax,Lost,2017-09-16,0.0
GN9SQ77J,GTX Plus Pro,Inity,Won,2017-08-25,5671.0
68EYCEV4,GTXPro,Faxquote,Engaging,,
1S09GEOL,GTX Basic,Bubba Gump,Lost,2017-09-09,0.0
W0TOD23Z,GTX Basic,Bioholding,Won,2017-09-24,546.0
2SI35CTV,MG Special,Golddex,Won,2017-12-06,57.0
58CZCKFN,MG Advanced,Doncon,Won,2017-09-28,3195.0
3E6J4YRT,GTX Basic,Zotware,Lost,2017-11-06,0.0
L4QYOBFW,MG Special,Globex Corporation,Lost,2017-11-06,0.0
DSC7UB3W,MG Special,Globex Corporation,Lost,2017-08-23,0.0
ZHXBOIJ6,MG Special,Dontechi,Won,2017-08-18,46.0
FBVCN3BA,MG Special,Streethex,Won,2017-11-07,65.0
P4D1NK6D,GTX Basic,,Engaging,,
5MAXF8FK,GTX Plus Pro,The New York Inquirer,Engaging,,
52FDATJV,GTXPro,Cheers,Lost,2017-08-24,0.0
KJGZN9D4,GTX Basic,Rangreen,Won,2017-11-11,526.0
MITXNS42,GTXPro,Genco Pura Olive Oil Company,Won,2017-11-10,4809.0
Z7Q2USU1,MG Special,,Engaging,,
ORJRH2SQ,GTX Plus Basic,Green-Plus,Won,2017-08-14,1105.0
8CBTC1PX,MG Advanced,Streethex,Engaging,,
UMF3KRCL,GTX Basic,,Engaging,,
VJSI29OF,MG Special,,Engaging,,
GFU8P2SC,MG Special,Bioholding,Lost,2017-08-17,0.0
SBCNMFUN,MG Special,Sunnamplex,Won,2017-08-16,56.0
JCIKEHD8,GTX Plus Basic,Iselectrics,Lost,2017-11-09,0.0
GVZMMURY,GTXPro,Hatfan,Lost,2017-11-29,0.0
6KEWAQMX,GTXPro,,Engaging,,
0PUDG8KY,GTX Basic,Zathunicon,Lost,2017-08-24,0.0
XTCCGBYM,GTXPro,Ganjaflex,Won,2017-11-10,4161.0
QFRZLXF3,MG Special,,Engaging,,
8MUD1WS1,MG Advanced,,Engaging,,
0UB5IQXA,MG Special,Codehow,Won,2017-11-23,65.0
EIS1B0GM,GTXPro,Umbrella Corporation,Lost,2017-08-13,0.0
ASVOOKMY,GTX Basic,Zathunicon,Won,2017-09-03,524.0
HMWIP0F2,MG Special,Finjob,Engaging,,
WAPSW48Y,GTXPro,Ron-tech,Lost,2017-11-01,0.0
J6TNURHV,GTX Basic,Inity,Won,2017-11-20,481.0
9PG07FPP,GTX Basic,Treequote,Won,2017-11-11,520.0
U3HKMX4U,GTXPro,Codehow,Won,2017-11-04,4582.0
A7YPY8KI,MG Special,Fasehatice,Won,2017-08-21,53.0
27REMGYU,GTX Basic,,Engaging,,
IFTZ75Z9,GTX Plus Basic,Labdrill,Lost,2017-12-03,0.0
E8QYYAGE,GTX Basic,Stanredtax,Lost,2017-09-12,0.0
O0L6JUYE,GTX Basic,Bluth Company,Engaging,,
ZR436XWW,GTX Plus Basic,,Engaging,,
XE0H6MOP,GTX Basic,Hottechi,Won,2017-09-22,559.0
44Q1W18Y,MG Special,Zoomit,Engaging,,
LT111IZL,MG Special,,Engaging,,
QHY85D44,MG Special,,Engaging,,
R0YCRJVQ,MG Advanced,Isdom,Lost,2017-08-17,0.0
7ZN8YCH8,MG Special,Gekko & Co,Engaging,,
3OA6FZUD,MG Advanced,Treequote,Won,2017-11-29,3165.0
B96E3BBD,GTX Basic,,Engaging,,
MQEFGUOG,GTX Basic,,Engaging,,
3C6E0D28,GTX Plus Pro,,Engaging,,
58W7CZGD,GTXPro,Cancity,Engaging,,
SUOT8GB6,MG Advanced,Blackzim,Won,2017-11-14,3779.0
EEQV0YY4,GTX Basic,,Engaging,,
Q3TDGMAR,MG Special,Donquadtech,Won,2017-11-12,48.0
HQ2QSZUP,MG Special,Streethex,Won,2017-11-02,50.0
V01XCOAS,MG Special,Umbrella Corporation,Lost,2017-11-22,0.0
O35V5CTW,MG Advanced,Xx-zobam,Lost,2017-11-24,0.0
0OHEJOI5,MG Advanced,,Engaging,,
AIU1UWJZ,GTXPro,Zotware,Won,2017-08-22,4498.0
C205FMDE,MG Special,Zencorporation,Won,2017-09-01,59.0
KLIOLWPC,GTXPro,The New York Inquirer,Lost,2017-08-17,0.0
QMFN71BT,GTX Plus Basic,,Engaging,,
OF5AZQID,GTXPro,Dontechi,Won,2017-11-05,4810.0
7O1UQ19W,GTX Basic,,Engaging,,
LFJVV393,GTX Plus Basic,,Engaging,,
QQPAK72N,GTX Plus Pro,,Engaging,,
8H0UQYXW,MG Advanced,Kan-code,Won,2017-11-07,3972.0
5CAP1055,GTX Plus Pro,Kan-code,Engaging,,
ZW2GDFKC,MG Special,J-Texon,Lost,2017-08-24,0.0
96MOALT0,GTX Basic,Konex,Won,2017-08-18,573.0
DFSFEADV,GTX Basic,,Engaging,,
PXNDLIL2,MG Special,Initech,Engaging,,
7FVBMH48,MG Advanced,,Engaging,,
714B6OB2,GTX Plus Pro,Fasehatice,Lost,2017-11-18,0.0
W6OX0S1Q,GTXPro,Goodsilron,Lost,2017-08-21,0.0
B5WZQP1F,GTXPro,Zoomit,Won,2017-11-28,5540.0
V0G393Q6,GTX Plus Basic,,Engaging,,
9CPUX0D0,GTXPro,,Engaging,,
CYBWWANG,MG Special,Konmatfix,Lost,2017-11-25,0.0
USS2SNQI,MG Special,,Engaging,,
4BUQW2T0,GTX Plus Basic,Cheers,Won,2017-08-24,1130.0
HQKWQ004,MG Advanced,,Engaging,,
ZHOK77B4,GTXPro,Zotware,Won,2017-11-02,4743.0
TP4SDOPW,MG Advanced,Plussunin,Won,2017-08-29,3732.0
BUZMB3Q4,MG Special,Finjob,Won,2017-11-26,59.0
92VGMPKP,GTXPro,Goodsilron,Lost,2017-11-07,0.0
JTXYATXL,GTX Basic,Konex,Won,2017-11-15,510.0
SAMPTSH0,GTX Plus Basic,,Engaging,,
NSX4NR40,GTX Plus Pro,Bioholding,Engaging,,
NPORW46K,MG Special,,Engaging,,
0GS0L5VR,MG Special,,Engaging,,
DCOMI70R,GTX Plus Pro,Inity,Lost,2017-08-20,0.0
LBO52V0N,GTXPro,,Engaging,,
5OOZTQK7,MG Advanced,Ganjaflex,Lost,2017-08-22,0.0
P2PVED7R,GTX Plus Basic,Kan-code,Won,2017-08-30,907.0
LFMMI05H,GTX Plus Pro,Acme Corporation,Won,2017-12-21,5881.0
99NDUEKO,GTX Plus Pro,Betatech,Lost,2017-11-09,0.0
FJE58EP1,GTXPro,,Engaging,,
AILB4LIX,GTXPro,,Engaging,,
2ICN8RJP,GTXPro,Rundofase,Won,2017-11-04,3902.0
8FGW6RSX,MG Special,,Engaging,,
CYV6MJL9,MG Advanced,,Engaging,,
YKMHSGNU,MG Advanced,Y-corporation,Lost,2017-11-29,0.0
Y8ZUSC9C,GTX Basic,,Engaging,,
VHT6G2BS,GTX Plus Basic,,Engaging,,
KBPKLB2X,GTXPro,,Engaging,,
N0XWYRBU,GTX Plus Pro,Goodsilron,Won,2017-11-10,6186.0
HY9VGF58,GTX Plus Basic,Plexzap,Won,2017-08-24,1094.0
EZDMNAK8,MG Advanced,Plussunin,Engaging,,
I6PXHXST,MG Advanced,Singletechno,Engaging,,
AMP2GT6F,GTXPro,,Engaging,,
EPC4NBJ5,GTX Plus Basic,Golddex,Lost,2017-08-28,0.0
PQJZNRKK,GTXPro,,Engaging,,
MVU1OZVS,MG Special,Rangreen,Won,2017-11-30,53.0
E617EXPD,MG Advanced,Iselectrics,Engaging,,
1BAF1ZYL,GTX Basic,Plexzap,Won,2017-08-19,551.0
JEWIBFH9,MG Advanced,,Engaging,,
UV45XZWJ,MG Special,Blackzim,Lost,2017-08-18,0.0
B08R55ET,MG Special,,Engaging,,
3HTSMIGI,GTX Plus Basic,Betatech,Lost,2017-09-27,0.0
B5GG52AB,GTX Plus Pro,Inity,Lost,2017-11-15,0.0
MTBQF6FE,MG Special,Globex Corporation,Won,2017-11-05,57.0
ICR59VIJ,MG Advanced,,Engaging,,
3S3O03ZV,GTX Basic,Gekko & Co,Won,2017-08-25,552.0
62TFLOG6,MG Advanced,Condax,Lost,2017-08-28,0.0
94JT388Y,GTX Plus Pro,The New York Inquirer,Won,2017-09-01,4520.0
AKC9GNVA,GTXPro,Umbrella Corporation,Won,2017-11-09,5868.0
0R1F3OIN,MG Advanced,Bioplex,Won,2017-08-22,2682.0
WDUOD19F,GTX Plus Basic,Dontechi,Lost,2017-12-03,0.0
SFXFXRYV,GTXPro,Ron-tech,Lost,2017-11-20,0.0
ANZJNT1Q,GTX Plus Basic,Rundofase,Won,2017-08-25,1104.0
MX3QZ682,GTXPro,Globex Corporation,Won,2017-11-09,5107.0
WMJDLTEF,GTX Basic,Ontomedia,Won,2017-11-25,533.0
3XUKEIQF,GTX Plus Pro,Plussunin,Won,2017-12-11,5454.0
GBQ8OLNP,GTX Plus Pro,Warephase,Lost,2017-09-05,0.0
Y69M70YC,GTXPro,dambase,Lost,2017-11-01,0.0
TQJJDWWH,MG Advanced,,Engaging,,
3UOIHNKR,GTX Plus Pro,Plusstrip,Won,2017-09-03,5533.0
5WVY52IX,MG Special,Statholdings,Won,2017-11-12,57.0
3K3LQ0H5,GTX Basic,Scotfind,Won,2017-08-23,557.0
XGHMOHYQ,GTX Basic,,Engaging,,
5378T3K3,GTX Plus Pro,,Engaging,,
3THRXZLP,GTX Plus Basic,Scotfind,Lost,2017-11-12,0.0
H45TYGRR,MG Advanced,Fasehatice,Won,2017-08-26,3271.0
E4A92U26,GTX Plus Pro,Isdom,Lost,2017-08-27,0.0
JNYA5ZHI,MG Special,Codehow,Lost,2017-11-10,0.0
DCNA3CA1,GTX Basic,Scottech,Won,2017-12-18,716.0
1MQ3015O,GTX Plus Basic,,Engaging,,
PYQ3VX08,GTXPro,,Engaging,,
484WREJQ,GTX Plus Basic,Zencorporation,Won,2017-09-03,1024.0
6H1MBBVR,GTXPro,Mathtouch,Won,2017-08-23,4545.0
2TI1UFAA,MG Special,Acme Corporation,Lost,2017-11-17,0.0
W1XRTUT2,MG Special,Finhigh,Engaging,,
6SMB6SDY,GTXPro,,Engaging,,
BJWKG319,GTXPro,Faxquote,Lost,2017-08-23,0.0
IDYA1X6O,MG Special,Donquadtech,Won,2017-11-23,55.0
041Q1IZL,GTXPro,Green-Plus,Engaging,,
U83R2K8I,MG Special,Treequote,Won,2017-08-29,53.0
SU1NDYXR,GTX Plus Basic,Stanredtax,Engaging,,
PH1IKJ0W,GTXPro,Kan-code,Won,2017-11-26,4732.0
8BP0QGNP,GTX Basic,Zencorporation,Won,2017-11-16,578.0
BIH4D0JL,GTX Basic,Blackzim,Won,2017-08-23,557.0
M49ZMLGL,MG Special,Finjob,Won,2017-09-04,57.0
OQAXHZXD,GTX Basic,Kan-code,Lost,2017-08-26,0.0
FRRJMFIJ,GTX Basic,Kan-code,Won,2017-09-24,501.0
QROXE17S,GTX Plus Basic,Rangreen,Won,2017-08-29,1084.0
H3ZR0CQW,MG Special,Dontechi,Won,2017-09-02,56.0
V7W8CA47,MG Special,,Engaging,,
9LY4MLGO,GTX Basic,Singletechno,Lost,2017-11-13,0.0
X2GXIKND,GTX Plus Pro,Hottechi,Won,2017-11-22,5468.0
KR22DD8M,GTX Basic,,Engaging,,
SY61BAXZ,GTX Plus Basic,Rantouch,Engaging,,
KP1L9SXH,GTX Basic,Zencorporation,Won,2017-11-19,567.0
84OTUTQX,GTX Plus Basic,Gekko & Co,Lost,2017-11-05,0.0
FKVC924F,GTXPro,,Engaging,,
LXVCMY4C,GTXPro,,Engaging,,
DVAOMCYK,GTX Plus Basic,Dontechi,Won,2017-11-19,1029.0
9LJAADWH,GTX Basic,Fasehatice,Won,2017-11-08,430.0
8BGC94TT,GTXPro,Kan-code,Won,2017-11-17,5316.0
P8GXMSXL,MG Advanced,Ron-tech,Lost,2017-08-28,0.0
QJ1DIUN7,MG Special,Ganjaflex,Engaging,,
HIOHPBO1,MG Advanced,Kan-code,Won,2017-09-04,3913.0
ESU5NGML,GTX Basic,Zumgoity,Lost,2017-08-24,0.0
7NDOEFEB,MG Special,Toughzap,Lost,2017-08-20,0.0
H5SSSZ11,MG Advanced,Condax,Lost,2017-08-18,0.0
IZ8DDEIO,MG Advanced,Plexzap,Lost,2017-11-11,0.0
L4R7LDY1,MG Special,Hatfan,Engaging,,
5A4Q7X1W,GTX Basic,Hottechi,Won,2017-09-03,655.0
UGXAZ29V,MG Special,Groovestreet,Won,2017-08-31,46.0
RMUIMYJU,GTX Plus Pro,Acme Corporation,Lost,2017-08-26,0.0
CYIMFEWC,MG Advanced,dambase,Lost,2017-08-24,0.0
XNKIZY9J,MG Advanced,,Engaging,,
DHVOS14H,MG Advanced,Betasoloin,Lost,2017-08-31,0.0
58CABL04,GTX Plus Pro,Silis,Won,2017-11-04,6372.0
0WERZ67T,GTX Plus Basic,Warephase,Won,2017-11-13,986.0
ENGMZL6Y,GTXPro,Betatech,Won,2017-09-01,4817.0
15PJZKNT,GTXPro,Stanredtax,Lost,2017-08-31,0.0
ZA2MIHIM,GTX Plus Pro,Green-Plus,Won,2017-08-20,6529.0
0GYOOM2R,GTXPro,Scottech,Lost,2017-08-25,0.0
X9L0T199,GTXPro,,Engaging,,
VYR4EWHR,GTX Basic,,Engaging,,
0SSUR0IY,GTX Basic,Hottechi,Lost,2017-11-14,0.0
1IY7Y42E,GTX Plus Pro,Condax,Won,2017-11-14,4454.0
M0PGP5H2,GTX Plus Basic,Cheers,Won,2017-09-14,1002.0
PJ21R88K,MG Special,Green-Plus,Won,2017-11-04,63.0
E3L02XMN,GTX Basic,Ron-tech,Won,2017-12-30,580.0
PODXJ4SP,GTX Basic,Donquadtech,Engaging,,
MAH5U65E,MG Advanced,,Engaging,,
S3HMUXS1,MG Special,Vehement Capital Partners,Won,2017-12-07,49.0
5HKITTHD,GTX Plus Pro,Mathtouch,Won,2017-12-03,5703.0
AZ8ACKLD,MG Special,Opentech,Lost,2017-08-26,0.0
NZJXKD9H,MG Special,,Engaging,,
ZN5CVY5V,GTX Basic,Finhigh,Lost,2017-08-22,0.0
G62CPKZO,MG Advanced,Dontechi,Lost,2017-08-26,0.0
ONN55X1O,GTXPro,Kan-code,Lost,2017-11-11,0.0
8N3GXBI5,GTX Plus Basic,Funholding,Won,2017-12-01,1148.0
IUKIZFB7,GTX Basic,Singletechno,Lost,2017-08-25,0.0
TLJAFLON,GTX Basic,J-Texon,Lost,2017-08-28,0.0
9J2JZGFJ,GTX Plus Basic,Groovestreet,Lost,2017-11-26,0.0
ON2ZRW1X,GTXPro,Hottechi,Won,2017-12-24,4009.0
TXUDSYGY,MG Advanced,Rangreen,Won,2017-11-02,3024.0
H7GXKD3O,GTX Plus Basic,Kan-code,Engaging,,
H7P5O25G,MG Advanced,Funholding,Lost,2017-11-20,0.0
SKU6MLKY,MG Special,Xx-zobam,Lost,2017-11-11,0.0
SYSPNKUR,GTXPro,Doncon,Won,2017-11-27,5058.0
O8E9L7VK,GTX Basic,Cheers,Lost,2017-11-25,0.0
IX65TNEI,GTXPro,Ontomedia,Lost,2017-09-02,0.0
2GVXOWDF,GTX Basic,Bluth Company,Won,2017-09-11,566.0
R2DKRFDD,GTX Basic,Donquadtech,Won,2017-11-02,578.0
F3FJ3DYK,GTX Basic,Toughzap,Won,2017-08-30,620.0
W3W3KPBH,GTXPro,Finhigh,Won,2017-09-03,4310.0
PVYIL0X4,MG Advanced,Scotfind,Won,2017-08-21,3448.0
KY42W3FG,GTX Basic,Hatfan,Lost,2017-11-28,0.0
05915PPX,MG Advanced,Xx-holding,Won,2017-11-19,3517.0
QPUPBL50,GTX Basic,,Engaging,,
7P069DNF,GTX Plus Basic,Labdrill,Engaging,,
TUKHDOGS,GTXPro,,Engaging,,
87TZLMU7,GTXPro,Kan-code,Won,2017-12-25,3854.0
P858PP0L,MG Advanced,Stanredtax,Won,2017-12-17,3894.0
9D43V124,MG Special,Mathtouch,Engaging,,
O916VMU7,MG Advanced,Rantouch,Won,2017-12-22,2833.0
0SPX7FIJ,MG Advanced,Vehement Capital Partners,Lost,2017-09-06,0.0
KEE51TPD,MG Special,Domzoom,Won,2017-11-03,54.0
1VFT3UCK,GTX Plus Basic,Condax,Engaging,,
8RR4WXXZ,GTX Plus Basic,Codehow,Lost,2017-11-27,0.0
IYU5CGUM,GTX Basic,Funholding,Won,2017-11-12,509.0
669805IQ,MG Advanced,Treequote,Won,2017-12-06,3436.0
A3JRUDX3,MG Advanced,Plusstrip,Won,2017-11-27,3514.0
NY197B1A,GTX Basic,Rangreen,Won,2017-12-30,611.0
R2V49PU5,GTX Plus Basic,,Engaging,,
6AD8WNA2,MG Special,Doncon,Won,2017-11-08,58.0
TKENIGRA,MG Advanced,Finhigh,Lost,2017-11-17,0.0
R9ZOFUBX,GTX Basic,Streethex,Won,2017-12-13,513.0
RFQFJLNJ,MG Special,,Engaging,,
8BZLOF0K,GTX Plus Basic,Newex,Lost,2017-08-29,0.0
0VFBWUG5,GTX Plus Basic,Codehow,Lost,2017-11-03,0.0
23J295J4,MG Special,Xx-holding,Engaging,,
696VNI6G,MG Special,Treequote,Won,2017-09-08,54.0
8P3O8A9H,MG Special,,Engaging,,
1I1K838F,GTX Basic,Nam-zim,Won,2017-12-23,547.0
LHIM2BGF,MG Advanced,Yearin,Lost,2017-12-08,0.0
2O7MVJ1T,GTX Basic,Ganjaflex,Won,2017-08-26,592.0
HDW4BXVN,MG Advanced,The New York Inquirer,Lost,2017-12-11,0.0
5P4O1IU6,MG Advanced,,Engaging,,
V9ORUWY8,MG Advanced,Ganjaflex,Lost,2017-12-05,0.0
NNLNVB7E,GTX Plus Pro,The New York Inquirer,Won,2017-11-06,5529.0
W3CLJLES,GTXPro,Gekko & Co,Won,2017-09-02,5002.0
4ELXMIIO,GTX Basic,Umbrella Corporation,Lost,2017-09-01,0.0
4CFMS9QT,GTXPro,Zotware,Lost,2017-11-01,0.0
YVJ3V0ZI,GTX Basic,Green-Plus,Won,2017-12-20,476.0
Q1CFR580,MG Special,Dalttechnology,Won,2017-11-18,56.0
4S6FW9VM,GTX Plus Pro,Isdom,Lost,2017-08-31,0.0
PA3EXPCW,GTX Plus Basic,Konex,Lost,2017-12-01,0.0
MPVD0JVF,GTX Basic,Singletechno,Won,2017-11-30,601.0
KZQGC4TA,GTX Plus Basic,Doncon,Won,2017-12-28,1005.0
FKOA9EF9,GTX Plus Pro,Warephase,Won,2017-11-11,4731.0
Y7TVYRAX,GTX Plus Pro,Bubba Gump,Lost,2017-11-10,0.0
04YBYVPV,GTXPro,Ganjaflex,Won,2017-09-02,4649.0
2UZXS1I2,GTXPro,Umbrella Corporation,Won,2017-09-01,4787.0
TZPE6M07,MG Advanced,,Engaging,,
KU7COUGK,MG Advanced,The New York Inquirer,Won,2017-12-22,2994.0
G03J67Z1,GTX Plus Basic,,Engaging,,
TM70L0W8,GTXPro,,Engaging,,
23K5J6JP,MG Advanced,Funholding,Lost,2017-11-08,0.0
X7DYUDEB,MG Special,Condax,Won,2017-11-14,58.0
WK1319MB,MG Advanced,,Engaging,,
EMGB7S71,GTX Plus Basic,Betatech,Won,2017-11-13,1074.0
EWAMDI1N,MG Special,Isdom,Won,2017-08-26,54.0
S53EVWFC,GTXPro,,Engaging,,
5D8MX6L9,GTX Basic,Ganjaflex,Lost,2017-11-01,0.0
Q9BUCL60,GTX Plus Basic,Ganjaflex,Won,2017-12-03,1054.0
AEZIAPTN,GTXPro,Betatech,Won,2017-11-14,4833.0
IAW2UHNH,GTXPro,Dontechi,Won,2017-12-20,4744.0
1397M445,MG Advanced,Plussunin,Lost,2017-11-03,0.0
5IMH88MT,GTX Basic,Labdrill,Won,2017-11-29,508.0
I86DM1B9,MG Special,Gogozoom,Won,2017-11-19,57.0
YB4YJTK4,GTX Basic,Lexiqvolax,Engaging,,
HTZD5YGO,GTX Plus Basic,J-Texon,Lost,2017-09-13,0.0
FBEP7939,GTXPro,Scotfind,Won,2017-11-15,5280.0
NH44FYAA,MG Special,Sunnamplex,Won,2017-08-25,62.0
Z6AO7S3R,MG Advanced,Hottechi,Lost,2017-11-07,0.0
8V3XDZ0D,GTX Basic,Inity,Won,2017-11-21,528.0
18T73EHS,GTX Plus Basic,Labdrill,Won,2017-08-27,993.0
RKTTVMMP,GTX Plus Basic,Y-corporation,Won,2017-09-10,1121.0
UDXG59P0,GTX Plus Pro,Faxquote,Won,2017-12-03,5110.0
VMOGUQA7,MG Special,Conecom,Won,2017-12-13,51.0
0L3VYSKY,GTX Basic,Isdom,Lost,2017-09-05,0.0
PG5S1KYF,GTX Plus Pro,Kan-code,Lost,2017-12-31,0.0
LVF6FP4A,MG Advanced,Silis,Lost,2017-11-28,0.0
RGZHQ2MJ,MG Special,Zumgoity,Lost,2017-09-05,0.0
P6NQ2LZK,GTX Basic,,Engaging,,
0XYUJ7HF,MG Special,Isdom,Engaging,,
QKW7MDJK,GTXPro,,Engaging,,
3THBBYXS,GTX Basic,Ganjaflex,Won,2017-12-08,542.0
XHDAW1SQ,GTX Basic,Yearin,Won,2017-12-21,576.0
GIO029D3,GTX Plus Pro,Donquadtech,Lost,2017-08-31,0.0
UIOJX7O0,GTXPro,,Engaging,,
CN8X0DLA,GTX Plus Basic,Stanredtax,Engaging,,
HF1GSBT4,GTX Plus Pro,,Engaging,,
ZVXINY4O,GTXPro,Zotware,Lost,2017-11-28,0.0
M9N3HWGC,GTX Basic,Zoomit,Lost,2017-12-24,0.0
H56FMPGG,GTX Basic,Hottechi,Won,2017-08-30,551.0
Z8Z77GN3,GTXPro,,Engaging,,
IH4O3JXV,GTX Basic,Singletechno,Won,2017-09-10,597.0
B6L071P2,GTX Plus Basic,Lexiqvolax,Won,2017-11-13,948.0
3ISHFT20,MG Special,Zoomit,Won,2017-12-18,62.0
OBFCOV33,MG Advanced,Scotfind,Won,2017-12-08,4139.0
78OETKRD,GTX Plus Pro,dambase,Won,2017-11-03,6322.0
6IJNBKST,GTX Basic,Konex,Lost,2017-08-31,0.0
RM4HCA1W,MG Special,Finhigh,Lost,2017-08-31,0.0
Y1FWLR93,GTX Plus Pro,Kan-code,Won,2017-09-02,5415.0
ORUHS3Q2,GTX Basic,Sonron,Won,2017-11-17,432.0
9RLSCMM9,MG Special,Condax,Won,2017-08-30,53.0
3QS2B6IN,MG Special,Rundofase,Won,2017-09-03,57.0
XCB9CPID,MG Special,Streethex,Won,2017-12-09,56.0
7EJJ9KVZ,MG Special,Donware,Won,2017-09-03,55.0
M4MOGAS4,MG Advanced,Acme Corporation,Won,2017-08-25,3146.0
LKJZEISS,GTX Basic,,Engaging,,
ZNU9YDS9,MG Special,Stanredtax,Won,2017-11-03,67.0
V3VJRFBV,GTX Basic,Kan-code,Lost,2017-11-03,0.0
PDI7F0LR,MG Advanced,Ganjaflex,Won,2017-12-04,2613.0
Y0M8X7BV,GTX Plus Pro,,Engaging,,
KJ93MS4W,GTX Plus Basic,Yearin,Won,2017-11-02,977.0
TWEVVI99,GTX Plus Basic,Scottech,Engaging,,
5R1XNYTM,MG Advanced,Bubba Gump,Lost,2017-11-25,0.0
PRQ96EWX,GTXPro,Gekko & Co,Won,2017-09-07,4445.0
RUN3Z87A,GTX Plus Basic,Donquadtech,Lost,2017-11-18,0.0
9RGQ8HED,MG Special,Zotware,Won,2017-12-29,54.0
RSSYISWE,MG Advanced,Labdrill,Won,2017-12-01,3331.0
67ORNLJ3,GTX Basic,Dontechi,Won,2017-09-05,474.0
M28Z11DC,GTX Plus Basic,Blackzim,Lost,2017-08-31,0.0
DIVKSHY7,GTX Plus Basic,Condax,Won,2017-11-13,994.0
RLTHGLLJ,GTX Plus Pro,Singletechno,Won,2017-11-23,4773.0
EC8A1L94,MG Special,dambase,Lost,2017-11-25,0.0
0H9C9J03,GTX Plus Basic,,Engaging,,
OO4Z7LB9,GTX Plus Basic,Stanredtax,Lost,2017-08-30,0.0
PWOX6RY8,MG Special,Rangreen,Won,2017-11-22,63.0
0VG9PGMI,GTX Plus Pro,Hatfan,Won,2017-09-13,6391.0
LKFYC5X3,MG Special,Donware,Won,2017-12-15,58.0
984H5OG0,MG Special,Finhigh,Won,2017-12-04,54.0
AB39AL3A,GTX Plus Pro,Plexzap,Lost,2017-11-22,0.0
1SKGHPHL,GTX Plus Pro,Rantouch,Won,2017-11-21,5129.0
VGSH1TSW,MG Special,Vehement Capital Partners,Engaging,,
YTMPHIQY,MG Advanced,Ganjaflex,Lost,2017-08-30,0.0
WZ3FJA3V,GTX Plus Basic,Labdrill,Engaging,,
TLLW2ZRM,GTXPro,Condax,Engaging,,
6HE07D76,GTX Basic,Hatfan,Won,2017-11-19,454.0
64CTQ6C5,GTX Plus Pro,Bioholding,Won,2017-11-02,6659.0
5J4Z0RYC,GTX Basic,Bioplex,Won,2017-09-08,572.0
ERWWQ79N,GTX Plus Basic,Bubba Gump,Won,2017-11-19,1046.0
2F41W100,GTX Plus Basic,,Engaging,,
08O63ECM,MG Advanced,Gekko & Co,Won,2017-12-01,3281.0
AMGF31TA,MG Special,Statholdings,Lost,2017-09-05,0.0
DUJ52ZYK,MG Advanced,Singletechno,Won,2017-09-10,3462.0
N2C3ASJ9,GTX Plus Pro,Scotfind,Won,2017-09-06,6029.0
059K86LU,GTX Plus Pro,Labdrill,Engaging,,
62WFO2I3,GTX Basic,Finjob,Won,2017-12-04,566.0
55O18ALO,GTXPro,Fasehatice,Lost,2017-11-08,0.0
ZTUJ5KQ8,MG Special,Scottech,Lost,2017-11-12,0.0
ZQHJNTDK,GTX Plus Basic,Isdom,Won,2017-11-13,1042.0
K0IV66AV,GTX Basic,Betasoloin,Won,2017-11-07,539.0
8PLXH354,MG Special,,Engaging,,
KJ4NAGS5,MG Special,Kan-code,Won,2017-11-16,56.0
70A4A2GV,MG Special,Gogozoom,Won,2017-11-28,60.0
6TND1V4T,MG Special,Scotfind,Lost,2017-08-27,0.0
43FW6W9O,MG Advanced,Sunnamplex,Won,2017-11-04,3966.0
QB4FISNE,MG Special,Bluth Company,Lost,2017-08-27,0.0
41S0S9KP,GTX Basic,Umbrella Corporation,Won,2017-11-23,471.0
RU5X1LZM,GTXPro,,Engaging,,
JESVHYTG,GTX Basic,Cancity,Won,2017-09-05,597.0
P3HO0L6P,MG Special,Condax,Won,2017-11-14,53.0
6GDZDVTV,MG Special,Dontechi,Won,2017-09-13,59.0
OO9U4C0Y,GTX Plus Basic,Y-corporation,Engaging,,
Y5A5G2L5,GTX Basic,Bubba Gump,Won,2017-12-08,606.0
WZN26QZQ,GTX Plus Pro,Lexiqvolax,Engaging,,
PG4UQI8B,GTX Plus Basic,Kan-code,Lost,2017-11-20,0.0
M40Z4KWL,GTXPro,Zotware,Won,2017-11-25,5305.0
BB46B5C7,GTX Plus Basic,Zoomit,Lost,2017-11-02,0.0
7K1KXMBT,GTXPro,,Engaging,,
TCJA7XF2,MG Special,,Engaging,,
TPJNVDPH,GTX Basic,Kan-code,Lost,2017-11-16,0.0
FMMAQM87,GTX Basic,Green-Plus,Won,2017-09-09,596.0
46UITTY6,GTX Basic,Singletechno,Won,2017-11-04,545.0
KK5YBPU6,GTX Basic,Labdrill,Won,2017-08-29,548.0
A7FCLQ42,MG Advanced,Finhigh,Lost,2017-12-15,0.0
G2C5RKTN,GTX Basic,Umbrella Corporation,Won,2017-09-21,415.0
UNSJB0L7,GTXPro,Singletechno,Won,2017-08-28,3754.0
TGSLH2ZD,GTX Basic,,Engaging,,
OLXEYM3P,GTX Basic,,Engaging,,
UJT04PL7,GTX Basic,Plusstrip,Won,2017-11-29,498.0
DCIFTBM0,GTX Basic,Condax,Won,2017-12-21,489.0
BTZ06Z6O,GTX Plus Basic,Ontomedia,Won,2017-09-05,1022.0
S9CGS0IX,GTX Plus Pro,Acme Corporation,Lost,2017-11-07,0.0
ZTYHMEQY,GTX Basic,Cancity,Won,2017-09-11,525.0
IOTAHMQX,GTX Plus Basic,Codehow,Won,2017-09-07,1252.0
3ORQ2R0R,GTXPro,,Engaging,,
01DZ14Y0,MG Advanced,dambase,Lost,2017-11-25,0.0
1T91NEIV,MG Special,Conecom,Won,2017-09-11,63.0
41B62CUB,MG Special,J-Texon,Lost,2017-11-11,0.0
G0QOVMMS,GTX Basic,Zoomit,Won,2017-12-28,474.0
FG79OR5X,GTX Plus Basic,Xx-holding,Won,2017-11-19,1132.0
QY4ZMI2F,GTX Plus Basic,Warephase,Lost,2017-09-14,0.0
VY0QPLGN,GTX Plus Basic,dambase,Won,2017-11-12,1215.0
XP1PQSPC,GTX Plus Basic,Kan-code,Won,2017-09-27,1081.0
K3KT8S1F,MG Special,Sonron,Won,2017-11-07,49.0
5CIT07UC,GTX Basic,Hottechi,Won,2017-09-14,653.0
VIZ9ZLVT,GTX Plus Basic,Rundofase,Lost,2017-11-30,0.0
9ZY0QQ8Q,MG Advanced,Genco Pura Olive Oil Company,Lost,2017-11-27,0.0
0WGCUB3L,GTX Plus Basic,Rundofase,Won,2017-09-13,1105.0
QCN2DZQQ,GTX Plus Basic,The New York Inquirer,Won,2017-09-21,948.0
ZAY2J4I5,MG Advanced,Zoomit,Lost,2017-09-10,0.0
J25NMK6Q,MG Special,Bluth Company,Lost,2017-11-11,0.0
DZHIAZ5H,GTX Plus Basic,Streethex,Lost,2017-09-05,0.0
233HYDSP,MG Special,Gogozoom,Won,2017-12-03,44.0
7868JVH9,GTX Plus Basic,Rantouch,Engaging,,
EXXFSC3O,GTXPro,Opentech,Won,2017-11-15,4343.0
U68B4UQU,GTX Plus Pro,Treequote,Won,2017-09-13,5096.0
73EBDWP4,GTX Plus Pro,Warephase,Won,2017-09-30,4994.0
FQQ3XQNG,GTX Plus Basic,Donquadtech,Won,2017-12-01,1251.0
C4KZVTYR,GTX Basic,Gekko & Co,Won,2017-11-11,602.0
HWXJWHGI,GTX Basic,Sumace,Won,2017-09-08,600.0
W36MU0PW,GTX Basic,Yearin,Won,2017-09-09,595.0
OWEMO7RD,MG Special,Sonron,Lost,2017-11-25,0.0
9XU06EA8,GTXPro,Codehow,Lost,2017-11-01,0.0
DC2NI04U,MG Advanced,Hottechi,Won,2017-12-31,3064.0
RYNZ2WOK,MG Advanced,Iselectrics,Engaging,,
BO2XRLBS,MG Special,Ron-tech,Lost,2017-11-16,0.0
V9YY2XIE,MG Advanced,Zumgoity,Lost,2017-11-28,0.0
J3K9EXW0,GTX Plus Pro,Acme Corporation,Won,2017-12-25,5790.0
N9KFQCOH,GTXPro,Vehement Capital Partners,Won,2017-09-05,5688.0
GSPDR7BH,GTX Basic,Cancity,Won,2017-11-02,672.0
MB0XTICR,MG Special,Bioholding,Won,2017-12-08,62.0
04SQ7RNY,GTXPro,Fasehatice,Won,2017-12-19,4577.0
PTZ9QLEF,GTX Basic,,Engaging,,
WIHGFD8B,MG Special,Funholding,Lost,2017-11-19,0.0
O3Q5B86F,GTX Plus Basic,Warephase,Won,2017-12-26,1118.0
PE3P7M7S,MG Special,Statholdings,Won,2017-09-08,55.0
401BY1PW,GTXPro,Ganjaflex,Won,2017-12-21,5052.0
9RQ8FZYQ,GTXPro,Zotware,Won,2017-09-04,4023.0
R65LGLJ0,MG Special,,Engaging,,
G7NU2YCG,MG Special,Iselectrics,Won,2017-09-08,57.0
R9RWFEEJ,MG Special,Gekko & Co,Won,2017-11-23,59.0
WV2OG7C3,MG Special,Xx-zobam,Lost,2017-11-18,0.0
LDIBOTNO,GTXPro,Kinnamplus,Won,2017-09-07,5544.0
FC4ZD68R,GTXPro,Warephase,Lost,2017-11-15,0.0
YH6ST9KT,MG Special,Treequote,Lost,2017-08-31,0.0
9S8E95EI,GTXPro,Condax,Won,2017-09-18,4598.0
RLHNEVYY,GTXPro,Conecom,Won,2017-09-10,5008.0
OFP1MLFY,GTXPro,Statholdings,Won,2017-12-09,3932.0
CQELCLO0,GTX Plus Basic,Zathunicon,Won,2017-12-29,1166.0
L351AATH,GTX Plus Basic,Ron-tech,Lost,2017-12-06,0.0
VBKF5FPB,GTX Plus Basic,Dalttechnology,Won,2017-09-06,1195.0
68YAXBZN,MG Special,Xx-holding,Lost,2017-11-04,0.0
EFB0NFP3,GTX Basic,Genco Pura Olive Oil Company,Won,2017-12-23,551.0
CB0NZYB2,GTX Basic,Globex Corporation,Won,2017-09-08,623.0
QKUULSVC,GTXPro,Kan-code,Lost,2017-11-16,0.0
8838GIT9,MG Special,Plexzap,Lost,2017-11-05,0.0
5DOARVYO,MG Special,Genco Pura Olive Oil Company,Lost,2017-09-10,0.0
XXD7OQOH,MG Special,,Engaging,,
0N2VYY6Z,GTX Basic,Labdrill,Lost,2017-09-19,0.0
LWCKCV0M,GTXPro,Xx-holding,Won,2017-09-15,4592.0
L40FW06K,GTX Basic,Condax,Won,2017-12-22,555.0
XXXM7BMA,MG Advanced,Dontechi,Won,2017-11-14,3703.0
F7S1OPQS,GTX Plus Basic,Scotfind,Won,2017-12-13,942.0
U5JFEXOI,GTX Plus Pro,Groovestreet,Won,2017-12-08,6489.0
HR3DH6DX,GTXPro,Cancity,Lost,2017-11-20,0.0
LMU41E2W,MG Special,,Engaging,,
9EICLJHY,MG Special,Sunnamplex,Won,2017-11-17,63.0
01FNZW2T,GTXPro,Bubba Gump,Won,2017-12-08,3974.0
3CS2IXT0,MG Special,Conecom,Won,2017-11-16,66.0
O9MHRAK6,GTX Basic,Finjob,Won,2017-12-14,532.0
1Y58TSUU,MG Special,,Engaging,,
KPW4J1CR,GTX Basic,Dalttechnology,Won,2017-12-21,503.0
KAPPUUYY,GTX Basic,Zumgoity,Won,2017-11-24,594.0
WNTAT1OT,GTX Basic,,Engaging,,
WRLAVDPH,GTXPro,Ganjaflex,Won,2017-09-02,4958.0
1W5FOS69,GTXPro,Mathtouch,Won,2017-11-30,4201.0
GFBJXXI1,MG Special,Streethex,Lost,2017-09-13,0.0
2HYR0Q4Y,MG Advanced,Plussunin,Lost,2017-11-13,0.0
XVM3UK16,GTX Plus Pro,Mathtouch,Lost,2017-11-06,0.0
CDAMI76Z,GTX Plus Pro,Finhigh,Won,2017-09-10,5293.0
6M77EGH7,MG Advanced,Ganjaflex,Won,2017-11-26,4456.0
9CLDDA0W,GTX Plus Basic,Newex,Lost,2017-11-18,0.0
8CQ2I2P2,GTXPro,Globex Corporation,Lost,2017-11-18,0.0
GEFQNRF3,GTX Basic,Globex Corporation,Won,2017-12-20,525.0
EDM7CEZ6,GTXPro,Opentech,Engaging,,
XBPJ6M4K,GTX Basic,Finhigh,Engaging,,
XRZNF1LQ,GTXPro,,Engaging,,
PCQUKUM5,GTX Plus Pro,Dontechi,Won,2017-09-16,4809.0
6CT660FF,GTX Plus Basic,,Engaging,,
MZ987882,GTX Plus Basic,Warephase,Won,2017-12-17,1374.0
02EC1993,MG Special,Scottech,Won,2017-11-08,57.0
NUS67BOQ,GTX Basic,,Engaging,,
UQCPNZO1,GTX Basic,Zumgoity,Won,2017-09-15,552.0
0NP0XPLQ,MG Special,Toughzap,Won,2017-09-03,59.0
S2WRH3QA,MG Advanced,Betatech,Won,2017-09-30,4011.0
RTX8ZJXT,GTX Basic,,Engaging,,
QJV1UWL5,MG Special,Rantouch,Won,2017-12-20,54.0
GNAX12Z6,MG Advanced,Green-Plus,Won,2017-09-07,3337.0
62NZ0THZ,MG Special,Yearin,Won,2017-09-22,60.0
6C6Z3HRA,GTX Basic,,Engaging,,
PSKWV2JJ,GTX Plus Basic,Blackzim,Won,2017-11-19,1011.0
05HLE3JL,GTX Basic,Stanredtax,Won,2017-12-03,514.0
CAF97SA2,GTX Plus Basic,Streethex,Won,2017-11-13,1060.0
AAFPTXEB,MG Special,Treequote,Won,2017-11-08,58.0
102XKYAC,GTXPro,Zotware,Engaging,,
D74OAJB4,MG Advanced,Isdom,Lost,2017-12-01,0.0
A5SCVK7E,GTX Plus Pro,Goodsilron,Engaging,,
CQDL6WZX,GTXPro,Isdom,Lost,2017-09-17,0.0
VAV3N62C,GTXPro,Cancity,Won,2017-09-12,4375.0
OK7R7I2A,GTXPro,Rundofase,Won,2017-12-04,4819.0
ASZNII2J,MG Special,,Engaging,,
IOMVIZR8,GTXPro,Stanredtax,Won,2017-11-04,5729.0
BTT2TM8O,MG Advanced,Warephase,Won,2017-11-06,3447.0
KAGK2GQJ,GTX Plus Pro,,Engaging,,
FYNL84HO,GTX Plus Pro,Doncon,Won,2017-11-13,6101.0
ZBB9CDO4,GTX Plus Basic,J-Texon,Won,2017-09-18,1088.0
IV5UVG0R,GTX Plus Pro,Sunnamplex,Won,2017-09-17,5431.0
TDHFX8SC,MG Special,Hottechi,Won,2017-12-13,50.0
7OXU784Y,MG Special,Konex,Won,2017-11-25,62.0
MA6F51AR,MG Special,Zoomit,Won,2017-11-29,57.0
WDT43Q6O,GTX Plus Basic,Zumgoity,Won,2017-09-14,1098.0
XKYHE3OH,GTX Plus Basic,Umbrella Corporation,Won,2017-11-16,975.0
R65NL57V,MG Special,Plussunin,Won,2017-11-05,56.0
AKBRVLRZ,MG Special,Globex Corporation,Won,2017-09-14,63.0
8FZ7CWPP,MG Special,Isdom,Won,2017-09-11,61.0
EQPGDVWK,GTX Basic,Labdrill,Won,2017-12-03,614.0
I819UEG6,MG Special,Gogozoom,Lost,2017-11-04,0.0
TXZTEEUJ,GTXPro,Betatech,Lost,2017-12-13,0.0
6OD1J7MW,GTX Plus Pro,Plexzap,Engaging,,
XO8TRDKK,MG Special,Acme Corporation,Won,2017-09-17,57.0
74YNCNQM,MG Special,Domzoom,Won,2017-12-04,58.0
I5QVV9C5,GTX Plus Basic,Hatfan,Lost,2017-12-20,0.0
SS0ZF7SG,MG Advanced,Goodsilron,Won,2017-12-15,3482.0
2GRNCODO,GTX Plus Pro,Hatfan,Lost,2017-11-05,0.0
2UNAJCGN,GTX Plus Pro,Singletechno,Lost,2017-11-11,0.0
ZP5Q4YUJ,GTX Basic,Plusstrip,Won,2017-11-24,529.0
7XL4JYSB,MG Advanced,Blackzim,Lost,2017-11-24,0.0
HEZ8H6MK,GTX Basic,Plusstrip,Won,2017-11-08,505.0
50AWO49B,GTX Basic,Sonron,Won,2017-12-27,456.0
CID4Y877,GTX Plus Basic,Bioholding,Lost,2017-12-13,0.0
T20CPZ52,GTX Plus Basic,Stanredtax,Lost,2017-11-29,0.0
HVF0VLJ3,GTX Basic,Globex Corporation,Lost,2017-11-11,0.0
A86ZEF94,MG Special,Hottechi,Lost,2017-11-30,0.0
8OMML4E8,GTX Basic,Lexiqvolax,Won,2017-09-16,555.0
283Y9ULR,MG Special,Konex,Won,2017-09-23,47.0
J0G6ZLYZ,GTX Plus Pro,,Engaging,,
C0LNV4PU,GTX Basic,Finjob,Won,2017-12-04,585.0
YB6UP71G,MG Special,Bioholding,Won,2017-09-06,64.0
A30VAQHM,MG Special,Inity,Won,2017-11-21,58.0
LOQ46F0T,GTX Basic,,Engaging,,
ZH2TBHVZ,GTX Basic,Gekko & Co,Won,2017-09-08,635.0
UKJO54QY,GTXPro,Donquadtech,Won,2017-09-13,5626.0
9868N4GB,MG Advanced,Xx-zobam,Won,2017-12-14,3595.0
JKAYQ4HQ,MG Special,,Engaging,,
L5UKY73S,GTXPro,Treequote,Lost,2017-11-04,0.0
7DDPLMQ5,GTXPro,Inity,Won,2017-12-02,4981.0
DZP41ANW,GTX Plus Basic,,Engaging,,
GRYHHER0,MG Special,Finhigh,Engaging,,
4KVZVHNN,GTX Basic,Hatfan,Won,2017-09-14,524.0
ULWQ61OZ,MG Special,Nam-zim,Won,2017-12-06,54.0
FKU9TS06,GTXPro,Funholding,Won,2017-09-16,5080.0
H8XH5MFQ,GTX Plus Pro,,Engaging,,
OPFBXGFV,MG Special,Scotfind,Won,2017-12-12,50.0
UCV49FYZ,GTX Plus Pro,Nam-zim,Won,2017-09-09,6656.0
F58R70DY,GTXPro,Donquadtech,Won,2017-09-10,4641.0
1H2PVLZ3,GTK 500,Xx-holding,Won,2017-11-10,26186.0
YPM5PZMD,MG Special,,Engaging,,
DV6WD759,MG Advanced,Newex,Won,2017-09-14,4251.0
OGHK250E,GTX Basic,,Engaging,,
SBC67V5T,MG Special,Ganjaflex,Won,2017-09-11,51.0
IDGLZJRX,MG Special,Gekko & Co,Won,2017-11-09,62.0
VYG4BHEE,GTX Basic,Golddex,Lost,2017-11-01,0.0
YFTW9Z69,MG Advanced,Stanredtax,Lost,2017-11-12,0.0
92IDH7MB,MG Special,Scottech,Won,2017-11-21,58.0
NR1JSUPQ,GTX Plus Basic,Donware,Won,2017-11-11,973.0
ZNOARPNW,GTX Plus Pro,Kinnamplus,Won,2017-09-13,4954.0
FNKZKHTJ,GTXPro,Condax,Won,2017-09-06,5113.0
KXR63BV7,GTXPro,,Engaging,,
UAVOPRPV,GTX Plus Pro,Xx-zobam,Won,2017-12-26,4631.0
VMUTS9GK,GTX Plus Pro,Condax,Won,2017-11-01,5807.0
SZPU1DSR,GTX Plus Basic,Hottechi,Lost,2017-11-30,0.0
9EGLQG3N,GTX Basic,Zumgoity,Won,2017-12-14,640.0
BL23633Z,MG Advanced,Konmatfix,Won,2017-11-25,3830.0
87G25M68,GTX Plus Pro,Cheers,Won,2017-12-28,5285.0
8F3RA844,GTXPro,Betatech,Lost,2017-11-19,0.0
VJ1FT11H,GTX Basic,Xx-holding,Lost,2017-11-18,0.0
TKI8MEZZ,GTX Plus Basic,Domzoom,Won,2017-12-31,975.0
QSHP9AHU,GTX Plus Basic,Funholding,Won,2017-12-13,847.0
MIDW7Q49,MG Advanced,Rangreen,Won,2017-12-15,2814.0
PW7QNSFG,MG Advanced,Lexiqvolax,Won,2017-11-06,3275.0
WGYE40NI,MG Special,Betatech,Won,2017-12-26,41.0
HLX6W646,GTX Plus Pro,Dalttechnology,Won,2017-11-19,5185.0
6VMQQKLJ,GTXPro,Dalttechnology,Won,2017-09-15,5191.0
VKIR68JX,GTX Plus Basic,,Engaging,,
FYS6IZO4,MG Special,Mathtouch,Won,2017-11-07,59.0
7OSD4T24,MG Special,Silis,Won,2017-12-08,54.0
W533W8G6,GTX Basic,,Engaging,,
RW3CJO8D,MG Advanced,,Engaging,,
5E274CQS,GTXPro,,Engaging,,
H29A7E6X,GTX Plus Basic,Iselectrics,Won,2017-11-17,1076.0
IDN254QN,GTX Basic,Plussunin,Won,2017-11-20,490.0
W3U1N1RV,GTX Plus Pro,dambase,Lost,2017-11-24,0.0
5LPKNEEI,GTXPro,Betatech,Lost,2017-09-13,0.0
073UCD9F,MG Special,Betatech,Lost,2017-12-10,0.0
7GDSUY9K,GTX Plus Pro,Konmatfix,Engaging,,
H5J7C2FE,GTX Basic,,Engaging,,
DCZOTU5X,GTX Basic,Konex,Lost,2017-11-13,0.0
KUJ5M6J3,GTXPro,Labdrill,Won,2017-12-27,5663.0
YGUOEIEG,GTX Plus Basic,Hottechi,Lost,2017-11-06,0.0
1UW6ILCH,GTX Basic,Bioplex,Engaging,,
CRL6IB5Z,GTX Plus Basic,Rundofase,Lost,2017-11-26,0.0
STVHD67J,GTX Plus Basic,Dontechi,Won,2017-09-16,1166.0
I3TDKU30,MG Special,Nam-zim,Lost,2017-09-14,0.0
YUVNXSSD,MG Special,Konmatfix,Lost,2017-09-15,0.0
AZJXZFMR,MG Special,Rangreen,Lost,2017-11-26,0.0
2WPEOPIF,GTX Basic,Lexiqvolax,Won,2017-12-04,491.0
XMCRTC2K,GTX Plus Pro,Green-Plus,Won,2017-11-07,5532.0
ZDVZB8PX,MG Advanced,Blackzim,Won,2017-11-14,3930.0
5JS6JI3P,MG Advanced,Labdrill,Won,2017-11-21,2689.0
X6NSKI7H,GTX Basic,,Engaging,,
FH30JK3J,GTX Plus Basic,Ontomedia,Engaging,,
ZPXE49AP,GTX Basic,,Engaging,,
8DPUST4Y,GTXPro,Codehow,Won,2017-11-19,5987.0
L1QNLM08,GTXPro,Treequote,Won,2017-12-30,5141.0
S4YQYJPM,MG Special,Codehow,Won,2017-09-13,48.0
6BQMENQR,GTXPro,Plussunin,Lost,2017-11-03,0.0
XAS0EL71,MG Advanced,Xx-zobam,Won,2017-09-20,3206.0
GQNM1QP8,MG Special,Labdrill,Won,2017-11-29,61.0
9CK2HTJP,GTX Plus Basic,Acme Corporation,Lost,2017-12-04,0.0
J96E49Z1,GTXPro,Konmatfix,Won,2017-11-22,5078.0
X96KGPI8,GTX Basic,Statholdings,Lost,2017-11-19,0.0
JJDL1F8R,GTX Basic,Streethex,Won,2017-11-07,532.0
U1XSUD1P,GTX Basic,,Engaging,,
0J24X1Y0,MG Special,Lexiqvolax,Won,2017-09-15,56.0
OM8LELJW,GTX Basic,Iselectrics,Engaging,,
SEYFLN8Y,GTX Plus Basic,Scotfind,Won,2017-12-09,1182.0
EID3MR9L,GTX Plus Pro,Funholding,Won,2017-12-20,5788.0
ID2VJE8V,MG Special,Streethex,Lost,2017-09-13,0.0
T3W0Z8KP,MG Special,Cancity,Won,2017-09-12,61.0
2WZU46RL,GTXPro,Scotfind,Won,2017-12-16,5115.0
576N6HHJ,GTXPro,Y-corporation,Won,2017-09-15,5227.0
WEES59KH,MG Special,,Engaging,,
WOS93VI5,GTX Plus Basic,Zathunicon,Won,2017-12-06,1144.0
95YT659K,MG Special,Groovestreet,Engaging,,
RKI7OEP9,MG Special,Statholdings,Lost,2017-11-18,0.0
D9CS7EIY,GTX Plus Basic,Ron-tech,Won,2017-12-12,1249.0
IOPIJ6C6,GTX Plus Basic,,Engaging,,
J1VGTXQS,GTX Plus Basic,Sumace,Won,2017-12-03,1106.0
T87FD71P,GTX Plus Basic,Bubba Gump,Won,2017-11-18,1251.0
P4PX93RN,GTXPro,Plussunin,Lost,2017-11-18,0.0
RLJI4F93,GTXPro,Donware,Won,2017-09-18,4975.0
AE306TJU,MG Special,Umbrella Corporation,Won,2017-09-17,54.0
D3BO9JDM,GTXPro,Ron-tech,Won,2017-11-09,3975.0
DPDUK8RG,MG Advanced,Codehow,Won,2017-09-12,2969.0
AR35V2L2,GTX Basic,Sumace,Won,2017-09-13,558.0
FAKATVRQ,GTXPro,Isdom,Lost,2017-11-29,0.0
9SU2A73Y,GTX Basic,Betatech,Won,2017-09-18,585.0
98R4AZA8,GTX Basic,Plexzap,Won,2017-12-17,566.0
9FE75D1D,GTXPro,Scotfind,Won,2017-11-16,4722.0
S5NVSXEX,GTX Plus Basic,Condax,Won,2017-12-11,1033.0
C6F5DTFR,GTX Basic,Dontechi,Won,2017-12-19,587.0
R4X2MOO1,GTX Plus Pro,Silis,Lost,2017-11-27,0.0
QEZ2X87C,MG Special,Iselectrics,Engaging,,
8FULX0EA,MG Special,Funholding,Won,2017-11-02,62.0
WA5NRVIG,MG Special,Konmatfix,Won,2017-12-12,54.0
XO7D3NYR,GTX Basic,Condax,Won,2017-11-03,499.0
ZN8LHN9B,GTX Plus Pro,Zotware,Lost,2017-11-17,0.0
S8FODURJ,GTX Basic,Nam-zim,Engaging,,
BFH34LVO,GTX Basic,Faxquote,Won,2017-11-26,458.0
QHVGK8DM,MG Special,Condax,Won,2017-11-30,61.0
BALJ5E9J,MG Special,Treequote,Lost,2017-12-17,0.0
3Y6REURA,GTX Plus Pro,Funholding,Won,2017-09-24,5600.0
3UI5JBOA,GTX Plus Pro,Umbrella Corporation,Lost,2017-11-19,0.0
8AKZH8QS,GTX Plus Basic,Zotware,Won,2017-12-17,1259.0
FAS1KT97,GTX Plus Basic,Zotware,Won,2017-09-14,1114.0
RAPX57I3,MG Special,Kinnamplus,Won,2017-11-25,57.0
UZ4JMG8Z,GTX Plus Basic,Donquadtech,Lost,2017-11-25,0.0
PV411N8I,MG Special,Scottech,Lost,2017-11-17,0.0
C58775JM,GTXPro,Bluth Company,Lost,2017-12-30,0.0
A2PIOJWL,GTXPro,Betasoloin,Lost,2017-09-19,0.0
SSEOGPPI,MG Advanced,Funholding,Won,2017-09-10,3346.0
5MFY1D4C,GTX Basic,Kan-code,Lost,2017-09-18,0.0
PQLMEIG0,GTX Basic,Kan-code,Lost,2017-09-22,0.0
6CV2KEKP,MG Advanced,Ontomedia,Lost,2017-09-16,0.0
FQD0IJBC,GTX Basic,Green-Plus,Lost,2017-11-25,0.0
EJGRLQP8,GTXPro,,Engaging,,
8DDR4MUL,MG Advanced,,Engaging,,
E28C318S,GTX Basic,Newex,Won,2017-11-04,546.0
6BUW3ZVC,GTX Basic,Bioholding,Lost,2017-11-04,0.0
ZW5XV2QY,GTX Basic,Cheers,Lost,2017-11-14,0.0
MOSX49BG,GTX Basic,Finjob,Won,2017-11-24,596.0
BDEP8ZEH,GTX Plus Basic,Sonron,Lost,2017-12-21,0.0
WSKZBAYI,GTX Plus Basic,Fasehatice,Won,2017-12-08,1171.0
19H5KFIC,GTX Plus Basic,Globex Corporation,Won,2017-12-03,1021.0
H0RRUQZ6,MG Special,,Engaging,,
7PCCI1U2,MG Advanced,Kan-code,Lost,2017-11-17,0.0
8XXD2LMP,GTX Plus Pro,Donquadtech,Lost,2017-12-02,0.0
USNQY75J,MG Special,Fasehatice,Lost,2017-11-04,0.0
EI7DU48C,MG Advanced,Kan-code,Lost,2017-12-14,0.0
1A1BI5VB,GTXPro,Mathtouch,Won,2017-09-22,4609.0
UYJVA76O,GTX Plus Basic,Zathunicon,Lost,2017-11-21,0.0
DR2H05BG,GTX Basic,Bioholding,Won,2017-09-22,600.0
M765WQ4W,GTXPro,Konex,Won,2017-09-13,5067.0
2PXZ68OA,GTXPro,Scottech,Won,2017-12-05,5127.0
TDVM9PDL,GTX Basic,Ganjaflex,Won,2017-12-26,547.0
LBYGH8WS,GTX Plus Pro,Plussunin,Lost,2017-09-27,0.0
NJC4XMEN,GTX Plus Basic,Initech,Engaging,,
OBCBK0XR,MG Advanced,Faxquote,Lost,2017-11-30,0.0
IX8AYR6F,GTX Basic,Faxquote,Won,2017-12-14,582.0
4LVXK5H1,GTX Plus Basic,J-Texon,Won,2017-09-25,1047.0
O5CWW9P3,MG Special,Funholding,Lost,2017-11-21,0.0
IMLFM79C,GTX Plus Basic,,Engaging,,
DPXZ0ONG,GTXPro,Finhigh,Lost,2017-11-15,0.0
2LOQKW1C,GTX Basic,Domzoom,Won,2017-09-24,568.0
MA1LQG9S,GTX Plus Pro,Inity,Won,2017-11-27,6255.0
YR4EFQ4C,GTXPro,Bubba Gump,Won,2017-12-03,4647.0
KB7DTUXO,GTXPro,Vehement Capital Partners,Won,2017-11-08,5042.0
JMQRT3TC,MG Special,Dontechi,Won,2017-12-31,57.0
XETHS437,MG Special,Rundofase,Won,2017-12-07,53.0
6EYTZB6F,MG Advanced,Konmatfix,Won,2017-12-12,3811.0
DXY9EZ55,GTX Basic,Hottechi,Won,2017-12-12,456.0
ESZPH44N,GTXPro,Mathtouch,Lost,2017-12-19,0.0
ITDTMROU,MG Advanced,Xx-zobam,Won,2017-12-05,3371.0
IFO74RWI,GTX Plus Basic,Treequote,Won,2017-11-29,1151.0
4O6T16XI,MG Advanced,Scottech,Won,2017-12-25,3748.0
SUPA1RHK,GTX Plus Pro,Umbrella Corporation,Won,2017-09-15,5717.0
MDHD11QD,GTXPro,Donquadtech,Won,2017-09-15,5027.0
PERK5YXJ,GTX Plus Basic,Iselectrics,Won,2017-12-13,1111.0
MUUNQNG2,GTX Plus Basic,Bioholding,Won,2017-09-17,1159.0
J1SCD7QL,MG Advanced,Rangreen,Won,2017-11-06,3251.0
9LILLW96,GTX Plus Pro,Bubba Gump,Lost,2017-11-01,0.0
R0DKB8FJ,MG Advanced,Genco Pura Olive Oil Company,Lost,2017-12-07,0.0
S5R9O6TL,GTX Plus Basic,Codehow,Won,2017-12-18,1083.0
N78A330G,MG Special,Bioholding,Won,2017-11-08,54.0
ZGW9SCQ0,MG Advanced,,Engaging,,
ZHI12PI4,MG Advanced,Blackzim,Won,2017-12-29,3302.0
34XWXEQE,GTXPro,,Engaging,,
38ZR3URJ,GTX Basic,Golddex,Won,2017-11-25,552.0
6DJ817MW,GTX Basic,Singletechno,Won,2017-11-16,468.0
9HCLI5PO,GTX Basic,dambase,Lost,2017-11-17,0.0
PRY70ISY,GTX Basic,Hottechi,Lost,2017-12-04,0.0
8NG46N94,GTXPro,,Engaging,,
CS2ZS0B4,GTX Plus Pro,Rantouch,Lost,2017-09-27,0.0
R7LGVRHC,GTXPro,J-Texon,Won,2017-11-12,4467.0
3KLVZN6M,GTX Basic,Cheers,Won,2017-12-05,538.0
WGSLK719,MG Advanced,Y-corporation,Won,2017-12-12,3021.0
0MMDQ1OR,GTX Basic,Codehow,Won,2017-11-12,511.0
SMQV0BRI,GTX Plus Pro,Blackzim,Won,2017-09-21,5832.0
XT8HCGAD,MG Special,Bubba Gump,Engaging,,
WIQQUZRQ,MG Special,,Engaging,,
X56STCJP,GTX Plus Pro,Inity,Lost,2017-09-30,0.0
K214R7RK,MG Advanced,Conecom,Lost,2017-11-24,0.0
NR9UD54C,MG Special,Warephase,Won,2017-11-27,50.0
GTXI4PAR,MG Advanced,Scotfind,Lost,2017-11-24,0.0
T94JAB4C,MG Special,Plexzap,Won,2017-11-22,58.0
8YOOE8I5,GTX Basic,Umbrella Corporation,Lost,2017-11-24,0.0
8G2OTKLL,MG Special,Mathtouch,Won,2017-09-27,66.0
LOHJU3OB,GTXPro,,Engaging,,
LW0Z6TMR,GTX Basic,Finhigh,Lost,2017-09-13,0.0
R3NAMX4P,GTX Plus Pro,Toughzap,Lost,2017-11-14,0.0
VYJ20GOM,MG Special,Cancity,Won,2017-11-17,44.0
GIWI7CWJ,GTX Plus Basic,Konex,Won,2017-12-30,1140.0
VTO3SNNX,GTX Plus Pro,Zencorporation,Won,2017-09-21,5245.0
OVPNOM6O,GTX Plus Pro,Gogozoom,Won,2017-12-04,5520.0
0558PJL2,GTX Basic,,Engaging,,
JB60NPU9,GTXPro,,Engaging,,
6KM4E0V1,GTX Plus Pro,Inity,Lost,2017-11-19,0.0
QWIPE5FB,GTXPro,Ron-tech,Lost,2017-11-14,0.0
BZPU6P5P,MG Special,Yearin,Lost,2017-12-23,0.0
ZCFAVNF3,MG Special,Streethex,Won,2017-09-20,53.0
77IBMLTB,GTX Plus Pro,,Engaging,,
RDMKSDT0,GTX Plus Pro,Plusstrip,Won,2017-12-10,4872.0
QPCY8RU0,GTX Basic,Doncon,Lost,2017-11-24,0.0
Y93GK95W,MG Advanced,Hatfan,Won,2017-09-21,3138.0
ZPB5KNCD,GTX Basic,Finjob,Lost,2017-09-28,0.0
ZDAJ4PFJ,GTX Basic,Bioholding,Won,2017-12-03,513.0
7VHJG9J1,GTX Plus Basic,Iselectrics,Lost,2017-12-28,0.0
S2XTTF3B,MG Special,,Engaging,,
8XY5IA68,GTXPro,Sonron,Engaging,,
EHPG1PNC,GTX Basic,Kan-code,Won,2017-12-18,644.0
RKOQZJZR,GTX Plus Basic,J-Texon,Engaging,,
3CJMQNT0,GTXPro,Lexiqvolax,Lost,2017-11-14,0.0
1MTLDVU8,GTX Basic,Newex,Won,2017-09-19,560.0
4Z7LYTKN,GTX Plus Pro,Treequote,Lost,2017-12-06,0.0
MX0QEMEB,MG Advanced,Statholdings,Lost,2017-11-27,0.0
Y25T06D2,GTX Plus Basic,dambase,Won,2017-12-26,866.0
JY5LPMSJ,GTX Plus Basic,Plussunin,Lost,2017-09-19,0.0
8V5OCDHN,GTX Basic,,Engaging,,
YND6FAFG,MG Special,Kan-code,Lost,2017-12-01,0.0
D4PEXI47,GTXPro,Inity,Lost,2017-11-15,0.0
WRSA8PVU,GTX Basic,Finhigh,Won,2017-12-16,626.0
965CJ4YG,GTXPro,Toughzap,Won,2017-12-03,4079.0
ML5QMJPM,MG Advanced,Konex,Won,2017-12-05,3497.0
EWEW7ZMQ,MG Advanced,Opentech,Won,2017-11-16,3072.0
JY8W2PKW,MG Advanced,Genco Pura Olive Oil Company,Lost,2017-12-15,0.0
JFBWABB1,MG Advanced,Labdrill,Won,2017-11-26,3473.0
A0Z6FYRO,GTX Basic,Conecom,Won,2017-09-19,530.0
51AC0Q99,GTX Plus Basic,Gogozoom,Won,2017-12-16,1066.0
897MKBP9,MG Special,Cancity,Won,2017-12-18,64.0
Y5IRSKVA,MG Special,Rangreen,Won,2017-12-25,59.0
QS440NN9,GTX Plus Basic,Goodsilron,Won,2017-11-30,1077.0
JOKH5C6I,GTXPro,Sunnamplex,Won,2017-11-21,4999.0
1MZ8GDLF,MG Special,Betatech,Won,2017-09-21,72.0
64SDWSQH,GTX Plus Pro,Kan-code,Won,2017-09-20,4870.0
XS7CNY5H,GTX Plus Basic,Initech,Lost,2017-09-20,0.0
U0SS8E43,GTXPro,Zencorporation,Lost,2017-12-18,0.0
2MH79C2B,MG Special,Konmatfix,Won,2017-09-26,54.0
3YZFYEMI,MG Special,Toughzap,Won,2017-12-09,50.0
I35REHYN,GTX Basic,Genco Pura Olive Oil Company,Engaging,,
Y3AAS62P,GTX Plus Basic,Zoomit,Engaging,,
BPPV8ZSB,MG Special,Xx-holding,Lost,2017-11-01,0.0
3NC5XSDF,MG Advanced,,Engaging,,
DRJG2FVR,GTX Plus Pro,Initech,Lost,2017-09-15,0.0
SWXO4J19,GTX Plus Basic,Konex,Won,2017-11-20,1029.0
07DPEL0B,GTX Basic,Cancity,Won,2017-11-25,629.0
5X3TSUA9,GTX Plus Basic,,Engaging,,
7GDRCAJR,GTX Basic,Iselectrics,Won,2017-09-24,600.0
EJ8YBRD3,GTX Basic,Konex,Lost,2017-11-03,0.0
G7HADWB0,GTXPro,Kinnamplus,Won,2017-09-18,4535.0
9DY57A6F,GTXPro,,Engaging,,
M3IFAMV2,MG Advanced,Ontomedia,Lost,2017-11-29,0.0
65AT4VFM,MG Special,Dalttechnology,Lost,2017-09-19,0.0
H6SE0L31,GTXPro,Conecom,Won,2017-09-29,4805.0
ZQC7YA4X,GTXPro,Kan-code,Lost,2017-11-17,0.0
J9V49YC3,GTX Plus Pro,Labdrill,Won,2017-12-12,5158.0
H3ZS0FBT,GTX Basic,Cancity,Won,2017-11-21,477.0
GIIHTQGY,GTX Plus Pro,Lexiqvolax,Won,2017-11-16,4972.0
0LTBCZHI,MG Advanced,Treequote,Won,2017-11-30,3902.0
8U0BUWUQ,GTX Plus Basic,Plussunin,Won,2017-12-14,1176.0
ROD5WJDM,GTXPro,Yearin,Won,2017-12-14,4140.0
86GSJWQW,MG Special,Golddex,Won,2017-11-30,54.0
EQ0PLA0O,MG Special,,Engaging,,
B7BT5DB8,MG Special,Dalttechnology,Won,2017-11-29,51.0
NJTWATVH,GTX Basic,Labdrill,Won,2017-09-21,518.0
ZLIQCT7V,GTX Basic,Sonron,Won,2017-12-06,505.0
0U0GUDIX,GTX Plus Pro,Stanredtax,Won,2017-09-18,5421.0
MN4ZHCUZ,GTXPro,Kan-code,Won,2017-11-23,3822.0
06H63NKF,GTXPro,Conecom,Lost,2017-11-20,0.0
GBRQN296,MG Advanced,Ontomedia,Won,2017-12-17,3331.0
RBHXB5V5,MG Special,Zoomit,Lost,2017-11-27,0.0
59O0CDJE,GTX Basic,Newex,Won,2017-12-20,504.0
RU9Y6GR1,GTX Plus Basic,Plexzap,Won,2017-12-10,1117.0
GIZAD3ZN,GTXPro,Lexiqvolax,Won,2017-12-07,5230.0
6CXJOT2A,GTXPro,Fasehatice,Won,2017-09-16,4844.0
Y9NTV3K5,MG Advanced,Labdrill,Won,2017-09-23,3596.0
GPVQIS5U,GTXPro,Plexzap,Lost,2017-09-30,0.0
LI9RCAQ6,GTXPro,Scotfind,Won,2017-11-01,4593.0
DT8SWPLT,GTX Basic,dambase,Won,2017-12-12,545.0
URRBXP0V,MG Advanced,Rangreen,Won,2017-11-08,3362.0
CNAQ6R7T,GTX Plus Basic,Bioholding,Won,2017-12-14,1086.0
VRWH3YJV,GTX Plus Pro,,Engaging,,
FBYWCLLS,GTX Basic,Acme Corporation,Lost,2017-09-28,0.0
ZJAIST7C,GTXPro,Konex,Won,2017-12-31,5153.0
8EQRW9H5,MG Special,Konmatfix,Lost,2017-11-29,0.0
F0KWRLK1,GTXPro,Konex,Won,2017-11-15,5348.0
JBECEURV,GTX Basic,,Engaging,,
HHP6R0IX,GTXPro,Finjob,Won,2017-11-05,5170.0
XMRZQ8PR,GTXPro,Scotfind,Won,2017-09-25,4050.0
ER0U0TOC,GTX Basic,,Engaging,,
77JIGDNZ,GTX Plus Basic,Bubba Gump,Lost,2017-12-07,0.0
DK6L8Y0Y,GTX Plus Basic,Vehement Capital Partners,Won,2017-09-29,1221.0
KA6SVT1C,MG Advanced,Toughzap,Lost,2017-11-16,0.0
8ARRIREI,GTX Plus Pro,Warephase,Won,2017-12-09,5669.0
W3LRLMKP,GTX Plus Pro,Finhigh,Won,2017-12-19,5385.0
HQKUH8XA,GTX Basic,Hottechi,Lost,2017-12-27,0.0
6R6T68GL,MG Special,Zoomit,Won,2017-12-09,48.0
PGT70Q4T,MG Advanced,Plexzap,Won,2017-12-01,3663.0
24K085JJ,GTX Plus Basic,,Engaging,,
EMORZ8R8,GTXPro,Groovestreet,Won,2017-09-30,4695.0
V6RULHFZ,MG Special,Fasehatice,Lost,2017-12-30,0.0
NBBIFIKB,MG Advanced,,Engaging,,
GRYWAPXY,MG Advanced,Rantouch,Won,2017-11-07,2712.0
ZIEI8JM3,MG Special,Ron-tech,Won,2017-12-07,65.0
QDYFLOZW,MG Special,Statholdings,Won,2017-09-23,55.0
55YURJ2E,MG Special,Streethex,Won,2017-12-30,58.0
R6Q5JOLX,GTX Plus Pro,,Engaging,,
1PORK6E3,GTX Basic,Ontomedia,Won,2017-09-27,512.0
ENDKZ399,GTX Plus Pro,Kan-code,Won,2017-09-24,5820.0
VSNI41WQ,GTX Plus Pro,Donware,Lost,2017-11-30,0.0
87KZX1UX,GTX Plus Basic,Codehow,Won,2017-11-25,1179.0
PLRBC69J,GTX Plus Basic,Rangreen,Won,2017-09-26,1153.0
RZB6Q4FX,GTX Plus Basic,Ganjaflex,Won,2017-09-21,892.0
ASK5U1TD,GTX Plus Basic,Zathunicon,Won,2017-11-22,1231.0
T49Q4GWU,MG Advanced,Plussunin,Won,2017-12-25,3091.0
JJ17IHID,GTX Basic,Xx-zobam,Won,2017-11-24,547.0
311WKUHC,MG Special,Labdrill,Lost,2017-11-13,0.0
JG1CD65M,GTX Plus Pro,Goodsilron,Won,2017-09-18,5919.0
YIK15TLW,GTX Plus Pro,Groovestreet,Won,2017-11-10,5745.0
RYJPSM6D,GTX Basic,Stanredtax,Lost,2017-11-19,0.0
ZQK0JTVN,GTX Basic,Streethex,Lost,2017-11-26,0.0
FB7OTAMV,GTXPro,Warephase,Lost,2017-12-22,0.0
JZD1QDWA,MG Advanced,Cancity,Lost,2017-12-06,0.0
LOSUVU4T,GTX Plus Pro,Konex,Lost,2017-12-09,0.0
85LVQ6PB,GTX Plus Basic,Singletechno,Won,2017-12-15,1252.0
02ILGBRB,MG Special,dambase,Lost,2017-11-21,0.0
ZFIT4XWO,MG Advanced,Stanredtax,Won,2017-12-05,3039.0
XH69FGJJ,GTX Basic,Treequote,Won,2017-11-19,637.0
JU2PPGP6,GTX Basic,Acme Corporation,Lost,2017-09-26,0.0
S8Y9AAWC,GTXPro,Zoomit,Won,2017-12-08,4614.0
I2DLJ6C3,MG Special,Gekko & Co,Won,2017-11-27,51.0
DY8DMZZ9,GTX Plus Pro,,Engaging,,
VEZ8OX88,GTX Basic,Plexzap,Lost,2017-11-19,0.0
M3QL68T6,GTX Basic,Plexzap,Won,2017-12-04,595.0
Q3K6K5V9,MG Special,Zoomit,Won,2017-12-26,52.0
PEGFPDVU,GTXPro,Konex,Won,2017-09-30,5604.0
NFT2Z7MM,GTX Plus Basic,Dalttechnology,Lost,2017-11-18,0.0
YC2GBK89,GTX Plus Basic,Hatfan,Lost,2017-11-12,0.0
U008ILBM,GTX Plus Basic,Plusstrip,Lost,2017-11-26,0.0
VA0I9SDD,GTXPro,Konex,Won,2017-09-27,5360.0
KQ83VL8T,GTX Plus Basic,,Engaging,,
41HHBQRT,GTX Basic,Xx-zobam,Lost,2017-12-13,0.0
T6BHNN1O,MG Special,Betatech,Lost,2017-11-13,0.0
S8DOH11H,GTXPro,Ganjaflex,Lost,2017-11-14,0.0
F8F6MA24,GTX Basic,Sumace,Won,2017-12-19,538.0
ZXXWIGFR,GTXPro,Cancity,Lost,2017-12-02,0.0
L7CFCOR6,GTX Plus Pro,Conecom,Won,2017-11-28,5668.0
AAUTJ747,GTXPro,Warephase,Won,2017-12-11,5220.0
X7VUR49L,GTXPro,Betasoloin,Won,2017-09-26,5763.0
U7L0IZLB,GTX Plus Pro,Sunnamplex,Lost,2017-11-26,0.0
PAQ6EKHB,GTX Basic,,Engaging,,
THNEGVH2,GTX Plus Basic,Lexiqvolax,Won,2017-11-14,948.0
D1ANNMSO,GTX Basic,Rundofase,Won,2017-11-19,487.0
LMVQ6B9P,GTX Plus Basic,Funholding,Won,2017-11-18,1072.0
OQBVGILR,MG Special,Singletechno,Won,2017-12-16,56.0
8LA72RM8,MG Advanced,Donware,Engaging,,
7IZQJIPA,GTXPro,Kan-code,Won,2017-12-27,4812.0
7AH7F190,GTX Basic,Betasoloin,Lost,2017-11-27,0.0
ME0LMBYL,GTX Plus Basic,Initech,Lost,2017-12-21,0.0
KODTODAA,GTX Plus Pro,Betasoloin,Lost,2017-11-12,0.0
RENW2N0H,GTXPro,Bioplex,Won,2017-11-19,5186.0
9F407X6U,MG Special,Konex,Won,2017-12-02,49.0
S0MZHYQC,GTXPro,Konex,Won,2017-09-27,4800.0
HP9TUR60,GTXPro,Initech,Won,2017-12-24,5627.0
P4PKECH7,GTX Basic,Gogozoom,Lost,2017-09-24,0.0
USL5PZ4O,GTXPro,Stanredtax,Won,2017-12-06,3779.0
3DM5SSI5,GTXPro,Warephase,Won,2017-11-05,5231.0
D40ALWGC,GTX Plus Pro,Mathtouch,Lost,2017-09-28,0.0
524QUXI2,GTX Plus Pro,Xx-zobam,Lost,2017-11-26,0.0
8W35TVOQ,MG Advanced,Faxquote,Won,2017-12-02,2918.0
UU7N7LZK,MG Advanced,,Engaging,,
3D6LLPA1,GTX Plus Basic,Funholding,Lost,2017-12-05,0.0
58QZ1YGK,GTXPro,Finhigh,Won,2017-09-27,4902.0
OU42AWAE,GTX Basic,Hatfan,Won,2017-11-22,531.0
ZBDT3T2H,GTX Basic,,Engaging,,
OJOJPNL6,GTX Plus Pro,Singletechno,Lost,2017-11-21,0.0
MENKE9IV,GTX Basic,Singletechno,Won,2017-11-30,526.0
PXSDIDXO,GTX Basic,Ron-tech,Lost,2017-11-11,0.0
5PIJNVMB,GTX Basic,Konmatfix,Won,2017-11-17,485.0
WSO3NMK5,MG Advanced,,Engaging,,
ZLFKHXXI,GTX Basic,Rundofase,Won,2017-12-25,520.0
WIDRX5N6,GTX Plus Basic,Dontechi,Won,2017-12-23,1020.0
HJLKGIH4,GTX Plus Basic,Mathtouch,Lost,2017-12-04,0.0
DF6A63B7,MG Advanced,Yearin,Lost,2017-12-20,0.0
T2EM55FZ,GTXPro,Donquadtech,Won,2017-11-15,4205.0
KDQL1O1A,GTX Basic,Dalttechnology,Lost,2017-11-05,0.0
01XZ9CRY,GTX Plus Pro,Initech,Engaging,,
HJY0TQ7X,MG Special,Toughzap,Engaging,,
75HKH8PS,GTX Plus Basic,Funholding,Lost,2017-09-30,0.0
NK2CHYT1,GTX Plus Basic,Ron-tech,Lost,2017-11-08,0.0
A7OVC1WK,GTX Plus Pro,,Engaging,,
0WGAPLOI,GTXPro,dambase,Won,2017-12-07,4990.0
GXPA5D3A,GTXPro,Domzoom,Won,2017-09-29,5450.0
8598PVIX,MG Special,Groovestreet,Won,2017-11-11,53.0
VKM2BCMV,GTXPro,Inity,Won,2017-09-25,3678.0
9N7LHW38,GTXPro,Newex,Lost,2017-09-29,0.0
BKMYW792,MG Advanced,Nam-zim,Lost,2017-11-27,0.0
3IBBBGM4,GTX Basic,Fasehatice,Won,2017-11-18,555.0
T32P6LSX,GTX Basic,Rangreen,Won,2017-12-16,492.0
B944EMXZ,GTX Plus Basic,Codehow,Lost,2017-11-23,0.0
DOY7VMYB,GTX Plus Basic,Warephase,Lost,2017-11-10,0.0
QXWLE549,GTX Basic,Gogozoom,Won,2017-11-17,574.0
V1SX6HOD,GTX Plus Basic,,Engaging,,
R0R0V2O5,GTXPro,Finjob,Won,2017-12-09,4709.0
D3O1PCMO,MG Advanced,Condax,Won,2017-12-04,3079.0
G53492IF,GTXPro,Massive Dynamic,Won,2017-09-24,4369.0
WVKBXWA9,MG Advanced,,Engaging,,
KUH39HQ7,MG Special,Rangreen,Lost,2017-09-22,0.0
RW6QS352,GTX Plus Pro,Statholdings,Won,2017-12-31,6000.0
1374WYJG,MG Advanced,Kan-code,Won,2017-12-31,3248.0
1T8R8X79,MG Advanced,Nam-zim,Won,2017-11-19,4249.0
PSMWYTMB,MG Advanced,Toughzap,Engaging,,
0ZXS3AIR,GTX Basic,Betasoloin,Won,2017-12-26,563.0
SBTVPORC,GTXPro,Gekko & Co,Won,2017-09-29,5037.0
XZKZYO55,GTXPro,Kan-code,Won,2017-12-16,4865.0
AMCOSQZC,GTXPro,Warephase,Won,2017-12-18,5192.0
6C2CJX31,GTX Plus Basic,Kan-code,Lost,2017-12-23,0.0
NRK892VX,GTX Plus Pro,,Engaging,,
5F1RM2YM,MG Special,,Engaging,,
VQQR3OUI,MG Special,Doncon,Won,2017-12-31,41.0
UWYFOEMO,MG Special,Dalttechnology,Won,2017-09-26,59.0
ZXNHUYCM,GTX Plus Pro,Goodsilron,Lost,2017-10-01,0.0
KHG4UMKP,MG Special,Blackzim,Won,2017-11-24,58.0
5R7N3RKQ,GTXPro,Ron-tech,Won,2017-09-30,4361.0
197EQMY8,GTXPro,,Engaging,,
TEM0I59X,GTX Plus Pro,Lexiqvolax,Won,2017-12-09,4906.0
1WPZ1MCO,GTX Basic,Goodsilron,Won,2017-09-29,587.0
1AQKM7VU,GTXPro,Y-corporation,Won,2017-11-24,4487.0
VTVYSUZG,MG Advanced,Cancity,Won,2017-12-28,3627.0
61IKUAZI,GTX Plus Basic,Dalttechnology,Engaging,,
6ZSAKAHX,GTX Plus Basic,Plexzap,Won,2017-12-22,920.0
D9MZMDOL,MG Special,Zumgoity,Engaging,,
2FM8HJDM,MG Advanced,,Engaging,,
7TIWLFZD,GTX Basic,Golddex,Won,2017-10-01,552.0
HXRF96S3,MG Special,Labdrill,Won,2017-12-15,54.0
WTEAOER0,GTX Basic,Bubba Gump,Won,2017-12-14,472.0
T8LSQO2S,GTX Plus Pro,Xx-zobam,Lost,2017-11-24,0.0
4R4QF0ZU,GTXPro,,Engaging,,
ABMOVF1A,MG Special,Toughzap,Won,2017-09-30,66.0
Q2GK9IT2,GTXPro,Yearin,Lost,2017-12-02,0.0
J0WKJLR6,GTX Plus Basic,Massive Dynamic,Won,2017-11-21,1039.0
B1D3HP8V,GTX Plus Basic,Plussunin,Lost,2017-11-22,0.0
QHP95ULI,GTXPro,Kan-code,Lost,2017-09-25,0.0
OAMR9KPA,GTX Basic,Bluth Company,Won,2017-12-21,550.0
IDKBZCAF,GTXPro,,Engaging,,
0GRGY09E,GTXPro,Rangreen,Lost,2017-11-25,0.0
MP9PICCD,GTXPro,Treequote,Won,2017-12-30,4570.0
F34QYKQJ,GTXPro,Betasoloin,Lost,2017-11-30,0.0
DHJ8KOUV,GTX Plus Pro,Condax,Won,2017-12-05,5138.0
JYNYK957,MG Advanced,Labdrill,Won,2017-12-02,3063.0
NOLWR5EX,GTX Plus Basic,Sunnamplex,Lost,2017-10-02,0.0
BUHR2X8U,GTX Basic,Green-Plus,Won,2017-12-30,613.0
4OPFJFRO,GTXPro,Plexzap,Won,2017-11-14,4808.0
MLV2QDU6,GTX Plus Pro,Condax,Won,2017-11-26,5160.0
V7T9ZP6C,GTX Basic,J-Texon,Won,2017-10-01,566.0
WYS1XI44,MG Special,Warephase,Won,2017-09-27,68.0
C3HN12Z8,GTX Basic,Kan-code,Lost,2017-10-03,0.0
YCQXHVMZ,GTXPro,The New York Inquirer,Won,2017-12-22,5600.0
4PLSG7A3,MG Special,dambase,Won,2017-12-12,61.0
ZD772DU8,MG Special,Groovestreet,Lost,2017-12-03,0.0
2KVQ5Z4M,MG Advanced,Xx-zobam,Lost,2017-11-29,0.0
U6LLSWEN,GTX Plus Basic,Plussunin,Lost,2017-11-27,0.0
RVQTWBKE,GTX Plus Pro,Donware,Lost,2017-11-24,0.0
BWPBMVQH,GTX Basic,Zotware,Lost,2017-11-29,0.0
LFI3BGEE,GTX Plus Pro,,Engaging,,
YPSXMDRH,GTXPro,The New York Inquirer,Won,2017-12-23,4976.0
Q46QSEGT,GTXPro,Gogozoom,Lost,2017-10-03,0.0
DT0ZJ9Z2,GTXPro,Inity,Won,2017-12-24,4991.0
55ZNV61S,GTX Basic,Bioplex,Lost,2017-10-04,0.0
6PQS93V2,GTXPro,Vehement Capital Partners,Won,2017-10-04,5868.0
1LHU0876,MG Advanced,Labdrill,Engaging,,
V929BUUS,GTX Plus Basic,Isdom,Lost,2017-12-21,0.0
LDYYOH6W,GTXPro,Bioholding,Won,2017-11-24,4938.0
4MFY8UXP,MG Advanced,Ron-tech,Won,2017-12-14,3772.0
EBJMZ5VE,GTX Plus Pro,Cheers,Won,2017-10-02,5784.0
CMXOTVL7,GTXPro,Conecom,Won,2017-10-02,3485.0
9XF2B7RS,GTX Basic,Fasehatice,Won,2017-09-28,675.0
WHV85GOQ,GTX Basic,Sonron,Lost,2017-11-28,0.0
MXJAH0R5,MG Special,Plusstrip,Lost,2017-11-28,0.0
OXW7DBDT,GTX Plus Basic,Doncon,Lost,2017-11-02,0.0
W5EGDYPK,MG Special,Newex,Won,2017-10-01,55.0
C13104YM,MG Special,Toughzap,Lost,2017-12-16,0.0
1GA3AFTX,MG Advanced,Rangreen,Lost,2017-12-12,0.0
389D515R,GTX Plus Pro,Inity,Won,2017-10-01,5775.0
2751GWVC,GTX Basic,Hottechi,Won,2017-11-18,651.0
0UFUDIYT,GTX Basic,Scotfind,Won,2017-11-22,570.0
Y3QBGJLM,MG Special,Blackzim,Won,2017-12-30,54.0
O7U4I96P,MG Special,Scotfind,Won,2017-09-29,47.0
Q0R3ZBNT,MG Special,Silis,Won,2017-11-08,56.0
FGUWP1NF,GTX Plus Basic,Vehement Capital Partners,Lost,2017-10-05,0.0
DH8R6PK5,GTXPro,Rangreen,Lost,2017-12-12,0.0
ZKFWTRRT,GTXPro,Bioholding,Won,2017-09-30,4422.0
941SDVVZ,GTXPro,Hottechi,Won,2017-10-02,5357.0
ODINSHYF,MG Special,Bioholding,Lost,2017-10-01,0.0
0TICPBMF,GTX Plus Basic,Conecom,Won,2017-09-27,1047.0
WANX7LM0,GTXPro,Ron-tech,Won,2017-12-29,5013.0
9F2MDA5R,MG Advanced,Finjob,Won,2017-09-25,3197.0
JUKJ3RAB,GTX Plus Basic,Inity,Lost,2017-10-05,0.0
YD3D41E0,GTX Plus Basic,Zumgoity,Won,2017-10-02,1127.0
K2NPVZL8,GTX Basic,,Engaging,,
7FLPKZN7,GTXPro,Kan-code,Engaging,,
RX8711KI,GTX Basic,Plexzap,Won,2017-12-24,468.0
F3BJAMUL,MG Special,Rantouch,Won,2017-11-19,55.0
HZS2YVRN,MG Special,Finjob,Won,2017-10-01,57.0
W3B077GY,MG Special,Zumgoity,Lost,2017-11-07,0.0
MGR0TSPK,GTX Plus Basic,Rangreen,Won,2017-11-27,946.0
TEF07JM6,GTX Basic,Xx-holding,Lost,2017-10-02,0.0
N8SVXI48,GTX Basic,Zoomit,Lost,2017-11-14,0.0
VG1WQW88,MG Special,Golddex,Lost,2017-11-06,0.0
MEKVHSCB,MG Special,Dontechi,Lost,2017-11-27,0.0
PBJ62FC3,GTXPro,Massive Dynamic,Lost,2017-10-05,0.0
3Q15OHQB,MG Advanced,,Engaging,,
O04P1WN6,GTXPro,Hottechi,Won,2017-12-17,4415.0
600FP406,MG Special,Bioplex,Won,2017-10-02,60.0
2EFTTOAV,GTX Plus Pro,Green-Plus,Won,2017-10-01,5865.0
DDXFIBEY,GTX Plus Pro,Treequote,Lost,2017-11-23,0.0
5BRWXIU3,MG Special,Codehow,Lost,2017-11-27,0.0
WN9ZY701,GTX Plus Basic,Kan-code,Lost,2017-12-14,0.0
DA8D04ED,MG Advanced,Globex Corporation,Lost,2017-10-04,0.0
WLQC2XK4,MG Special,Rundofase,Won,2017-10-02,54.0
A4CVM3PM,GTXPro,Opentech,Won,2017-12-27,5069.0
CNLE5EJ2,GTX Plus Pro,Konex,Won,2017-10-05,5378.0
D3HUUVPL,GTXPro,Mathtouch,Won,2017-12-04,5255.0
2UNDAQZ2,GTX Plus Basic,Domzoom,Lost,2017-10-04,0.0
R2E45IQ8,GTX Plus Pro,Conecom,Won,2017-10-03,5144.0
UX0H8B3W,GTX Plus Pro,Donware,Lost,2017-11-16,0.0
VM0A3057,GTX Plus Pro,Plusstrip,Won,2017-10-03,5527.0
DX9CCI9C,MG Advanced,Nam-zim,Lost,2017-12-19,0.0
8SE1W979,GTX Basic,Hottechi,Lost,2017-10-02,0.0
L6AOARQ9,GTX Basic,dambase,Won,2017-12-21,452.0
I83GQQHA,MG Advanced,Kan-code,Lost,2017-10-05,0.0
10984DDU,GTX Plus Pro,Toughzap,Won,2017-12-28,7300.0
JQVW0KJV,MG Special,Genco Pura Olive Oil Company,Lost,2017-11-09,0.0
UWZHNMR4,GTX Plus Pro,Blackzim,Won,2017-11-26,5196.0
TRET6F45,GTX Plus Pro,Faxquote,Won,2017-12-26,5624.0
8DDC9RLE,MG Advanced,J-Texon,Won,2017-12-15,4110.0
TFGYLK6C,GTX Basic,Inity,Lost,2017-10-04,0.0
4YXXI2OI,MG Special,Codehow,Won,2017-12-18,53.0
3C7A75LH,GTXPro,Massive Dynamic,Won,2017-09-27,5727.0
02LUGFJS,GTXPro,Plussunin,Won,2017-09-28,4308.0
KPF0GREK,MG Advanced,Plussunin,Won,2017-12-09,3329.0
HEG2JK9Y,GTX Plus Basic,Kinnamplus,Lost,2017-10-03,0.0
1ZCAL93A,GTX Plus Pro,Hottechi,Lost,2017-10-04,0.0
5NW6HK74,MG Special,Doncon,Lost,2017-10-04,0.0
EJVD09HQ,MG Special,Betasoloin,Engaging,,
7WFASDCZ,GTX Basic,Gogozoom,Lost,2017-10-03,0.0
7XNX75LI,GTX Plus Pro,Dontechi,Lost,2017-12-08,0.0
RAUWH0GP,GTX Plus Pro,Labdrill,Won,2017-11-27,6105.0
I86I0TJG,GTX Basic,Xx-holding,Won,2017-11-13,549.0
TFW3KAYZ,GTXPro,Doncon,Won,2017-11-12,4828.0
9NH8ACMQ,GTX Plus Basic,Dontechi,Lost,2017-10-04,0.0
86KARIC1,GTX Basic,Y-corporation,Lost,2017-10-03,0.0
N2SLAOZR,GTX Basic,Finhigh,Lost,2017-10-04,0.0
02TUKBP3,MG Special,Zumgoity,Lost,2017-11-30,0.0
KU0YOR3J,GTX Plus Basic,Zumgoity,Won,2017-10-04,1189.0
BRGJCWO1,MG Special,Hottechi,Won,2017-11-28,51.0
IEIZU3TY,GTX Plus Basic,Mathtouch,Lost,2017-12-24,0.0
P8QXRXMR,GTXPro,,Engaging,,
35KZ6QTP,MG Advanced,Xx-holding,Lost,2017-10-03,0.0
V5ZP09PO,GTX Plus Basic,Dontechi,Lost,2017-10-03,0.0
VKB9RFJT,MG Special,Condax,Won,2017-11-20,55.0
Y9HHGGOQ,MG Special,dambase,Won,2017-10-04,53.0
H3AEZ2BZ,MG Special,Plusstrip,Lost,2017-10-05,0.0
LUXAXNBV,GTX Plus Pro,Donquadtech,Won,2017-12-09,5960.0
0XBMBVFP,MG Advanced,Groovestreet,Won,2017-10-04,3438.0
8KIMVD15,MG Special,Cancity,Lost,2017-10-06,0.0
Q06QD8ZW,MG Special,Globex Corporation,Won,2017-11-03,54.0
0SD3OBQI,GTX Plus Basic,Konex,Lost,2017-11-06,0.0
YKZFQT7K,GTX Basic,Kinnamplus,Lost,2017-10-05,0.0
I25J5M7W,MG Advanced,Iselectrics,Lost,2017-09-28,0.0
B2Z4BB5U,GTX Plus Pro,Toughzap,Lost,2017-10-06,0.0
87ZXBDQS,MG Special,Isdom,Lost,2017-10-07,0.0
3LYVAV6P,MG Special,Statholdings,Won,2017-10-03,55.0
G7QIQDSA,GTXPro,,Engaging,,
7I2O2ZCR,GTX Plus Basic,Xx-zobam,Lost,2017-11-19,0.0
SUX7JFN7,GTX Plus Basic,Konex,Lost,2017-11-19,0.0
5DL7R4C3,GTXPro,Hottechi,Lost,2017-10-03,0.0
61ON3Y6O,MG Special,Streethex,Lost,2017-10-02,0.0
HOEKIDDI,GTXPro,Ganjaflex,Lost,2017-11-13,0.0
10YLM9VF,GTXPro,Sonron,Lost,2017-10-09,0.0
LN0DF2XI,MG Special,Sonron,Won,2017-11-27,48.0
ZNE0DAIF,GTX Plus Basic,Hottechi,Lost,2017-11-24,0.0
DTCHPCBB,MG Advanced,Finjob,Won,2017-12-14,3553.0
YID2GAED,GTX Plus Pro,Xx-holding,Lost,2017-10-04,0.0
QFKL9UK2,GTXPro,J-Texon,Won,2017-10-05,4727.0
MC3OSDV0,MG Special,Sunnamplex,Won,2017-10-02,65.0
C7DOYN5Y,GTX Basic,Rangreen,Won,2017-12-25,585.0
JXUSPNPV,GTX Plus Basic,,Engaging,,
K79T6VNV,MG Special,Plexzap,Lost,2017-10-03,0.0
DX8R6PA4,GTX Plus Basic,Domzoom,Lost,2017-10-03,0.0
FZDD9758,MG Advanced,Cancity,Lost,2017-10-07,0.0
0SIFT5DE,MG Advanced,Rangreen,Lost,2017-10-04,0.0
MZSCFJZS,GTX Plus Pro,Konmatfix,Won,2017-10-07,5708.0
D6X5T9D4,MG Special,Hottechi,Lost,2017-10-05,0.0
69Z30MBF,GTX Basic,Bioholding,Won,2017-11-15,571.0
SH0BSL0Z,GTX Basic,Scottech,Won,2017-12-24,619.0
Q5E0NILP,MG Advanced,Donware,Won,2017-10-03,2984.0
RFTDQJ0U,GTX Basic,Bioplex,Won,2017-10-01,558.0
76NU9866,MG Special,Condax,Won,2017-12-02,57.0
13O8NTOT,MG Special,Initech,Won,2017-11-30,61.0
AS3IYIRO,GTX Basic,Hottechi,Won,2017-12-26,543.0
L1WPBDZG,GTXPro,Zotware,Won,2017-12-12,4125.0
QK98E62R,GTX Plus Pro,Ganjaflex,Won,2017-12-29,5301.0
F9THW1PW,GTX Basic,Kinnamplus,Won,2017-10-05,495.0
LQJISQSD,GTX Plus Basic,Bioplex,Won,2017-10-05,955.0
84SZ58S9,GTX Plus Basic,Iselectrics,Won,2017-10-04,1225.0
Q5I9JWH7,GTXPro,Ron-tech,Lost,2017-10-02,0.0
6BSKCQCX,GTX Basic,Conecom,Won,2017-12-25,608.0
UKQD4DPD,GTXPro,Warephase,Won,2017-11-13,4515.0
SI874ZK5,GTXPro,Silis,Lost,2017-10-06,0.0
6XP6FVMN,MG Advanced,Green-Plus,Won,2017-12-18,3772.0
NDMEB0VG,MG Advanced,Kan-code,Lost,2017-10-05,0.0
IGFQGZDK,GTX Basic,Bioholding,Won,2017-12-08,540.0
Y2DLFFN6,MG Advanced,Cancity,Won,2017-09-30,2800.0
I6UCM2J9,MG Advanced,Stanredtax,Won,2017-10-05,3250.0
PT0I4XSM,GTX Plus Basic,Plexzap,Won,2017-10-07,1232.0
X718EF6Y,MG Advanced,Hatfan,Won,2017-10-04,2811.0
FSYTM6YE,GTXPro,,Engaging,,
VUAFV8SS,GTX Plus Basic,Lexiqvolax,Won,2017-12-07,1178.0
SXPV3WCV,GTXPro,Treequote,Won,2017-12-22,4869.0
9PH1EWCH,MG Advanced,Cheers,Lost,2017-12-03,0.0
THPCTGNI,GTX Plus Pro,Inity,Lost,2017-10-02,0.0
XR4PPDOB,GTX Basic,Condax,Won,2017-12-18,507.0
EK06CNRW,MG Advanced,Bioholding,Won,2017-10-06,3681.0
Q25T8PKX,GTX Plus Basic,Doncon,Lost,2017-10-01,0.0
V86S5LWV,GTX Plus Basic,Dontechi,Lost,2017-10-02,0.0
K8Y7CK9T,GTX Plus Pro,Treequote,Won,2017-10-05,5280.0
1LY8CAXD,GTK 500,Betasoloin,Engaging,,
ADS3CQ4B,MG Special,Finjob,Won,2017-11-27,50.0
9UBU6UW4,MG Special,Genco Pura Olive Oil Company,Won,2017-09-29,59.0
ZP9HW0LH,MG Advanced,Kan-code,Won,2017-10-03,3794.0
WV41OJHX,MG Advanced,Ganjaflex,Won,2017-10-03,3786.0
FTUJY4FP,GTX Plus Basic,Condax,Lost,2017-10-07,0.0
ORBIW519,MG Advanced,Plussunin,Lost,2017-12-19,0.0
369V78M2,GTXPro,Mathtouch,Won,2017-10-07,5553.0
792JYPG1,MG Advanced,Konex,Won,2017-10-08,3557.0
Y6Q7Z0SO,MG Special,Green-Plus,Won,2017-10-08,63.0
9IM813OI,GTX Basic,Conecom,Lost,2017-11-11,0.0
GXY3QZ2V,MG Advanced,Scottech,Won,2017-10-06,3704.0
SMP2K39G,GTXPro,,Engaging,,
IVX52FRZ,GTX Plus Basic,Gogozoom,Lost,2017-11-03,0.0
2CN1G52G,MG Advanced,Hottechi,Lost,2017-10-03,0.0
OR0PEAIV,GTX Plus Basic,Ron-tech,Won,2017-11-30,1133.0
EGOU8GB1,GTX Plus Basic,Konex,Won,2017-12-09,1292.0
IIKN6Q8E,MG Advanced,Plusstrip,Won,2017-12-04,3278.0
VTX8GPN8,MG Special,Codehow,Won,2017-10-05,55.0
DVGY4X7E,GTX Basic,Finjob,Won,2017-12-23,498.0
W9LAIASV,MG Special,Sunnamplex,Won,2017-12-30,55.0
9JTFD4FZ,GTX Plus Pro,,Engaging,,
1JFYPP8R,GTX Basic,Cheers,Won,2017-10-05,571.0
C51GWGUE,GTX Plus Basic,,Engaging,,
A62JDGQK,GTXPro,Bubba Gump,Won,2017-10-05,4942.0
K25Z2KKH,GTX Plus Basic,Streethex,Lost,2017-10-05,0.0
U3F5X6BB,MG Special,Bioplex,Lost,2017-12-07,0.0
VJD27D8U,GTXPro,Singletechno,Won,2017-10-01,5340.0
9TMPRT6R,GTX Basic,Vehement Capital Partners,Lost,2017-10-03,0.0
CE81S7UN,MG Advanced,Zotware,Lost,2017-10-08,0.0
LEPH90QI,GTX Plus Pro,Isdom,Won,2017-10-09,5689.0
X1QNN2DG,GTX Basic,Rantouch,Lost,2017-10-08,0.0
J8G6HTCM,MG Special,Lexiqvolax,Lost,2017-10-11,0.0
94P229FH,MG Special,Dontechi,Won,2017-12-30,52.0
Q6F9JWTY,MG Advanced,Rangreen,Won,2017-12-10,3131.0
75JW1GRR,GTX Plus Basic,Konex,Lost,2017-10-09,0.0
P7X2J5DO,GTX Plus Pro,Singletechno,Lost,2017-10-06,0.0
LKBDKJLM,MG Special,Blackzim,Lost,2017-11-27,0.0
9OT0018Y,MG Advanced,Goodsilron,Lost,2017-10-10,0.0
I6RH33SU,MG Advanced,Toughzap,Won,2017-10-05,3957.0
STCU1IXE,GTX Basic,Treequote,Won,2017-12-30,523.0
E3CR358L,GTX Plus Basic,Treequote,Won,2017-12-21,1156.0
BTOD096J,GTXPro,Bubba Gump,Lost,2017-10-06,0.0
1B2WYHTY,MG Advanced,Plexzap,Won,2017-11-30,3509.0
NS6JLCZ2,GTXPro,,Engaging,,
LB5622YN,MG Special,Hottechi,Lost,2017-10-08,0.0
HIX9V4W1,MG Advanced,Dontechi,Lost,2017-10-03,0.0
LZ3B174J,MG Special,,Engaging,,
XQ6FMG3L,GTX Basic,Lexiqvolax,Lost,2017-10-06,0.0
W40IER4O,MG Special,Sonron,Won,2017-12-08,59.0
88PIK8A6,MG Special,Kinnamplus,Lost,2017-10-08,0.0
6K31TYOR,GTX Basic,J-Texon,Won,2017-10-05,502.0
H29XGJ5H,GTX Basic,Rangreen,Lost,2017-12-04,0.0
FSBZ3KOY,GTX Plus Pro,Toughzap,Lost,2017-10-01,0.0
T4SSD24J,GTX Basic,Silis,Won,2017-12-05,541.0
ZDB6D35R,GTX Plus Pro,Ontomedia,Won,2017-12-19,5026.0
8RVTZBQO,MG Advanced,Dontechi,Won,2017-10-10,3148.0
CMM4A6NJ,GTX Plus Basic,Isdom,Lost,2017-10-06,0.0
7PMUB7T4,GTXPro,Bioholding,Lost,2017-10-12,0.0
KTHAX2XV,GTXPro,Isdom,Lost,2017-10-05,0.0
IHOTG9ZQ,MG Advanced,Rundofase,Won,2017-10-09,3006.0
O2BF1KAT,MG Special,Mathtouch,Lost,2017-12-19,0.0
12HOWQMI,GTXPro,Kan-code,Won,2017-10-07,5203.0
CXY4CXX1,MG Special,Condax,Lost,2017-10-07,0.0
IIOVCSHC,MG Advanced,Xx-holding,Won,2017-12-10,2927.0
NX28C8EI,GTX Plus Pro,,Engaging,,
WV2YBM8V,GTX Basic,,Engaging,,
3E09X4S2,GTX Basic,Rantouch,Lost,2017-10-08,0.0
6BATTRKM,GTX Basic,Finhigh,Lost,2017-10-07,0.0
GCWTH2MD,MG Advanced,Isdom,Lost,2017-12-20,0.0
C563WHG1,GTX Plus Pro,Betatech,Won,2017-10-11,6156.0
D9WBSJRC,GTXPro,Warephase,Won,2017-10-09,5007.0
NMLTE4CS,GTX Plus Pro,,Engaging,,
X8P0Q1EU,MG Special,Scotfind,Won,2017-12-06,59.0
PBGB323I,GTX Basic,Cancity,Won,2017-10-07,549.0
V5THS9V8,GTX Plus Basic,Isdom,Won,2017-11-27,1117.0
579RHB6S,MG Special,Stanredtax,Won,2017-10-08,57.0
4SOUOUKH,GTX Plus Pro,Treequote,Engaging,,
9HWUTUXQ,GTX Basic,Lexiqvolax,Lost,2017-10-09,0.0
T58F1T8V,MG Special,Acme Corporation,Lost,2017-10-08,0.0
U3UT9B1U,MG Special,Silis,Won,2017-12-24,55.0
HY7D36UC,MG Special,Umbrella Corporation,Won,2017-12-22,63.0
9YVTJF6C,GTX Plus Basic,Rantouch,Won,2017-10-08,1108.0
JGZVNKMT,GTX Plus Basic,Y-corporation,Won,2017-12-10,944.0
5B3BKUMD,GTX Basic,Finhigh,Lost,2017-10-11,0.0
MGHWZSN2,MG Advanced,The New York Inquirer,Lost,2017-10-06,0.0
EM1BA4EK,GTX Basic,Scotfind,Engaging,,
GWOOPZE8,GTX Plus Basic,Cheers,Engaging,,
84N2YHUB,GTX Basic,Konex,Lost,2017-12-01,0.0
IFVL4WL5,GTX Plus Pro,Streethex,Won,2017-12-10,3704.0
8EPT4HEV,GTX Plus Pro,Konex,Lost,2017-10-07,0.0
HZNNKQ0T,GTX Plus Basic,Donquadtech,Won,2017-10-03,1076.0
Z6ETLZQU,GTX Plus Pro,Mathtouch,Won,2017-12-18,5528.0
GXIVJQPG,GTX Plus Basic,Xx-zobam,Engaging,,
7MSQSYWR,GTX Plus Basic,Initech,Lost,2017-10-10,0.0
5VJIXV02,GTXPro,Yearin,Lost,2017-12-01,0.0
G23RCHB6,GTXPro,Rundofase,Lost,2017-10-08,0.0
RMFG5C6C,GTXPro,Globex Corporation,Won,2017-10-09,4594.0
U2JOATN3,GTXPro,Scottech,Won,2017-12-06,6166.0
JGZ3F67I,GTX Basic,Kinnamplus,Lost,2017-10-07,0.0
FHCSKQ4K,GTX Plus Pro,Bluth Company,Won,2017-12-30,5270.0
TU58PHME,GTX Plus Pro,Sumace,Lost,2017-11-17,0.0
9ZVX7NVU,GTX Plus Basic,Xx-holding,Lost,2017-10-08,0.0
I4OJHXIN,MG Advanced,Cheers,Won,2017-10-05,3169.0
NE300YJ0,GTX Basic,Treequote,Won,2017-11-24,571.0
TYLSS719,GTX Basic,Goodsilron,Lost,2017-12-03,0.0
M3SQPUB1,GTX Plus Pro,Green-Plus,Won,2017-10-13,6304.0
MG1YUTUE,MG Special,Acme Corporation,Engaging,,
PEIZDYXE,GTX Basic,Cheers,Lost,2017-10-02,0.0
HGG0EZ00,GTXPro,Groovestreet,Lost,2017-10-05,0.0
XRRMX8K6,GTX Basic,Statholdings,Lost,2017-10-12,0.0
BJLJV8XE,GTXPro,Condax,Won,2017-12-15,4578.0
AQH7ORZZ,MG Special,Bluth Company,Won,2017-12-18,62.0
GLG1IOHT,MG Special,J-Texon,Won,2017-10-08,51.0
89MUGU6K,GTXPro,Bluth Company,Won,2017-11-30,4881.0
F5OETS8V,GTX Basic,Golddex,Won,2017-12-18,544.0
CU7KT53A,MG Advanced,Goodsilron,Won,2017-12-16,2941.0
QNB3SCN9,GTX Plus Pro,,Engaging,,
0BYU67KG,MG Advanced,Ganjaflex,Lost,2017-12-13,0.0
SLXPTSGS,MG Special,Condax,Won,2017-10-11,44.0
FZGGKS2D,GTX Plus Pro,Doncon,Won,2017-12-23,4910.0
6HDTZCCM,GTX Plus Pro,Warephase,Lost,2017-10-14,0.0
XUEHL04Z,GTX Plus Basic,Konex,Lost,2017-10-04,0.0
CTZ5I5R5,GTX Plus Pro,Bioplex,Won,2017-12-05,5469.0
988QUSNK,MG Advanced,Scottech,Lost,2017-10-03,0.0
2P0VIX4N,MG Advanced,Treequote,Lost,2017-12-20,0.0
TAPH7KQO,GTX Basic,Zumgoity,Won,2017-12-07,568.0
TWGFQS8L,GTX Plus Basic,Cancity,Lost,2017-10-12,0.0
MRPSU52W,MG Advanced,Genco Pura Olive Oil Company,Lost,2017-10-09,0.0
UKXRWZ3P,GTX Plus Pro,Codehow,Won,2017-10-04,5263.0
C5XXGXUE,GTXPro,Toughzap,Won,2017-10-09,4201.0
2IYQ5ALK,GTX Basic,Warephase,Lost,2017-10-07,0.0
K4GL9NDX,GTX Plus Basic,dambase,Lost,2017-12-17,0.0
OFKWBRP7,GTX Plus Basic,Dontechi,Lost,2017-10-10,0.0
1AGL4X1J,GTX Plus Basic,Isdom,Lost,2017-12-18,0.0
TSU40NIZ,GTXPro,Groovestreet,Lost,2017-10-04,0.0
VSN0PA06,GTX Plus Basic,Sunnamplex,Won,2017-10-03,1048.0
FQODPHUL,GTX Basic,Hatfan,Won,2017-11-04,631.0
KRUY5G5I,MG Advanced,Hottechi,Lost,2017-10-13,0.0
SCYV3JPO,GTX Basic,Betatech,Won,2017-10-12,536.0
T91ZAQRH,GTX Plus Basic,Genco Pura Olive Oil Company,Won,2017-12-18,1127.0
R293SULP,GTX Plus Basic,Ron-tech,Lost,2017-10-04,0.0
UDKH3AM0,MG Special,Cancity,Won,2017-10-09,56.0
I4T9W7NQ,GTX Basic,Hottechi,Lost,2017-12-15,0.0
H4ZSZQ9V,GTXPro,Bluth Company,Won,2017-10-10,4186.0
2GQAAHG6,MG Advanced,Konex,Won,2017-10-12,3670.0
7OGPA4I3,MG Advanced,Umbrella Corporation,Won,2017-10-12,3482.0
54XJLU62,GTX Plus Basic,Gekko & Co,Lost,2017-10-12,0.0
XSSK506P,MG Special,Funholding,Lost,2017-10-04,0.0
AJKE7ACY,MG Special,Kinnamplus,Won,2017-10-11,50.0
JPPLGVUS,MG Advanced,Massive Dynamic,Won,2017-12-31,3629.0
O7B3XCKF,GTX Basic,Hottechi,Lost,2017-10-03,0.0
5A7S6Z6P,GTXPro,Groovestreet,Lost,2017-10-11,0.0
OOB372R5,GTX Basic,Condax,Won,2017-10-12,544.0
L67B6CU2,GTX Plus Pro,Rundofase,Lost,2017-10-09,0.0
6V0QV9CU,MG Advanced,Stanredtax,Won,2017-10-10,3415.0
0MXZ36G7,GTX Basic,Bubba Gump,Won,2017-10-04,616.0
LMCHDMJX,GTX Plus Basic,Donware,Won,2017-10-08,1050.0
4HBU57OV,MG Special,Toughzap,Won,2017-10-10,58.0
AOIM2Y7M,MG Advanced,Zotware,Won,2017-10-05,3858.0
5KC100IN,MG Special,Condax,Lost,2017-10-13,0.0
OOFWSKFF,GTX Basic,Hottechi,Lost,2017-10-04,0.0
LV7HHGM4,GTX Plus Pro,Funholding,Lost,2017-10-05,0.0
HBZEI375,MG Advanced,Ron-tech,Lost,2017-10-10,0.0
GRQZZNQB,MG Advanced,Inity,Won,2017-11-08,3207.0
1D8XLZQ8,MG Advanced,Konex,Won,2017-11-21,3795.0
CAX04DY1,MG Special,Rundofase,Lost,2017-11-16,0.0
ZVEH26GP,GTX Plus Basic,J-Texon,Won,2017-10-08,1028.0
G7QR0SCP,MG Special,Doncon,Won,2017-10-15,64.0
MYD4PBM9,GTX Basic,,Engaging,,
DUOS7AO8,GTXPro,Rangreen,Lost,2017-11-24,0.0
CCCQGBSY,GTX Plus Basic,Bluth Company,Won,2017-12-09,1284.0
C5Z2806X,GTXPro,Iselectrics,Won,2017-12-28,5044.0
2CY7OS6A,MG Special,Y-corporation,Lost,2017-10-06,0.0
FZKX09GE,MG Advanced,Rangreen,Won,2017-10-09,3254.0
E2CJIO85,GTX Plus Pro,,Engaging,,
R2PBFVU7,GTXPro,Hottechi,Lost,2017-10-08,0.0
D4SJ5G2G,MG Special,Xx-zobam,Lost,2017-12-23,0.0
N2ESTUQT,GTXPro,Vehement Capital Partners,Won,2017-10-10,5127.0
3QSM7X3W,GTXPro,Green-Plus,Won,2017-11-06,4194.0
UG4BHJRQ,GTXPro,Singletechno,Won,2017-10-11,4105.0
NMF60XWK,MG Special,Cancity,Lost,2017-10-13,0.0
L6WEVHEN,MG Special,Gogozoom,Won,2017-12-16,59.0
EP5QRHID,MG Advanced,,Engaging,,
EYWXCFXJ,GTX Plus Pro,Bluth Company,Lost,2017-11-01,0.0
QC9B7V93,MG Advanced,Acme Corporation,Lost,2017-10-11,0.0
CPVW06O2,MG Special,Bubba Gump,Won,2017-10-11,54.0
2KNVLXA4,GTX Plus Pro,Plussunin,Won,2017-10-14,5989.0
5WAKI1NB,GTX Basic,,Engaging,,
LDJ6VTNW,GTX Plus Basic,,Engaging,,
YI8JSLKX,GTXPro,Silis,Lost,2017-10-15,0.0
E4O6XJ9E,GTXPro,Betatech,Lost,2017-10-12,0.0
L7TT9ZL4,GTX Plus Pro,Finhigh,Won,2017-12-21,4735.0
JD6WHH6G,GTXPro,Rangreen,Won,2017-10-10,5055.0
93OFIHMF,GTX Plus Pro,Fasehatice,Won,2017-12-05,4527.0
9E7VMZ1J,GTX Basic,dambase,Lost,2017-12-23,0.0
BUNGSHKB,GTXPro,Scottech,Lost,2017-10-15,0.0
MK2YTCZN,MG Special,Inity,Won,2017-10-06,58.0
MZTB3C70,GTX Basic,J-Texon,Lost,2017-11-17,0.0
LHG76MIU,MG Special,Rantouch,Won,2017-12-03,62.0
SGAJAIP9,GTXPro,Blackzim,Won,2017-12-20,5026.0
UZ9SEIZ9,MG Special,Nam-zim,Lost,2017-10-13,0.0
KDY5FEUO,GTX Basic,Y-corporation,Won,2017-12-20,496.0
1L68AC0E,GTXPro,Gogozoom,Engaging,,
ZRMZJVWK,GTXPro,Plusstrip,Won,2017-12-28,5491.0
JAG873Y3,MG Special,Hottechi,Lost,2017-10-12,0.0
WQTR95J3,GTX Basic,Stanredtax,Won,2017-10-11,622.0
1FHY3UGF,GTXPro,Zotware,Lost,2017-10-13,0.0
B9KFRY53,GTX Plus Basic,Rangreen,Won,2017-10-10,1132.0
ZRCY8P4P,GTX Plus Pro,Condax,Won,2017-12-14,5422.0
M3RME16Q,GTXPro,Inity,Won,2017-10-14,5170.0
YPRHMUIB,GTXPro,Stanredtax,Won,2017-12-22,5009.0
HM4ZINFJ,MG Advanced,Zathunicon,Lost,2017-10-10,0.0
06C1N1F7,MG Special,,Engaging,,
6WIQG92N,GTK 500,Konex,Lost,2017-10-18,0.0
3JMB4J8E,GTX Plus Pro,Acme Corporation,Won,2017-10-07,5331.0
FTZ4VYH4,MG Advanced,Scotfind,Lost,2017-12-13,0.0
GEJKKFOL,GTX Basic,Groovestreet,Lost,2017-10-10,0.0
UYWQ5N0R,GTXPro,Labdrill,Lost,2017-11-23,0.0
NDAFT4KV,GTX Plus Basic,Hatfan,Won,2017-10-18,1132.0
BO1GBSM0,GTX Plus Pro,Blackzim,Won,2017-10-11,5004.0
FSVEMKSG,GTX Basic,Inity,Won,2017-10-10,556.0
V0XQVHQV,MG Special,Gogozoom,Won,2017-10-12,53.0
TFZMFOH9,GTXPro,Finjob,Won,2017-11-24,4362.0
VVE9HGLD,GTXPro,,Engaging,,
8T9ANK4E,GTX Basic,Warephase,Won,2017-12-24,550.0
76WXMI88,MG Special,Stanredtax,Won,2017-12-28,50.0
ZH8XR8YT,GTX Plus Basic,Dontechi,Lost,2017-10-13,0.0
PR9HQKA7,GTX Plus Basic,Dontechi,Lost,2017-10-15,0.0
NMHDWGNT,GTXPro,Funholding,Lost,2017-10-15,0.0
WX3CPDYD,GTXPro,Gekko & Co,Won,2017-12-31,4651.0
3DF5FIAM,MG Advanced,Umbrella Corporation,Won,2017-12-17,3285.0
018KKT5I,GTX Basic,Faxquote,Lost,2017-10-11,0.0
9AOPLD0O,MG Advanced,Umbrella Corporation,Won,2017-10-11,3002.0
J54XWY0O,GTX Basic,Betatech,Lost,2017-10-16,0.0
FJEL0TDN,MG Special,Conecom,Won,2017-10-07,58.0
I5JTM3EK,MG Special,Zoomit,Lost,2017-10-08,0.0
3Q5R6HAY,MG Advanced,Doncon,Won,2017-10-08,3435.0
VOEOU1U6,MG Special,Xx-holding,Lost,2017-10-07,0.0
52IHI8JD,MG Special,Funholding,Lost,2017-11-24,0.0
7QPQ40X9,MG Advanced,Ron-tech,Lost,2017-10-08,0.0
KFZ37330,GTX Basic,Konex,Won,2017-12-14,492.0
T64JVA4T,GTXPro,Xx-zobam,Won,2017-10-07,4401.0
Y5C1Q7UR,MG Special,Zathunicon,Won,2017-12-26,50.0
VN0XOAB6,MG Advanced,Bubba Gump,Won,2017-11-12,3333.0
MVZG0BSG,GTX Plus Basic,Donware,Won,2017-10-16,1095.0
JIEO87ZV,MG Advanced,,Engaging,,
EM1W738H,GTX Plus Pro,dambase,Won,2017-11-22,5595.0
13WLN2MJ,GTXPro,Finhigh,Won,2017-10-08,4461.0
M4NNI01I,GTX Plus Basic,Yearin,Lost,2017-10-16,0.0
MIA65OVY,MG Special,,Engaging,,
U3FTUG3T,GTX Basic,Streethex,Won,2017-11-20,415.0
RS13M1ZP,MG Advanced,Stanredtax,Won,2017-10-08,3212.0
10B65ZN9,GTX Basic,Groovestreet,Won,2017-12-31,457.0
V4YBVSJ4,GTX Plus Basic,Condax,Lost,2017-10-17,0.0
LVMPJ8JN,GTX Basic,Codehow,Won,2017-12-31,546.0
OV0LOPAA,GTX Plus Basic,Statholdings,Lost,2017-10-12,0.0
0ISX53T3,GTX Basic,Globex Corporation,Won,2017-12-21,453.0
KL8PCQXC,GTXPro,Hatfan,Lost,2017-10-15,0.0
Q4KZSJ6Q,GTX Basic,dambase,Won,2017-10-07,510.0
1IABHXOP,GTX Basic,Gogozoom,Won,2017-10-14,552.0
2RE0MZGV,MG Advanced,Zencorporation,Won,2017-10-07,3203.0
JLKLRCFZ,GTX Plus Pro,The New York Inquirer,Won,2017-10-14,6228.0
2X9KWWCP,MG Special,dambase,Won,2017-10-11,59.0
IF2BUC3Q,GTXPro,Mathtouch,Lost,2017-10-08,0.0
GU4HXZ55,GTX Plus Basic,Condax,Won,2017-12-23,1129.0
JQK0EF45,GTX Plus Pro,Streethex,Won,2017-10-13,5349.0
YUUD6GIT,GTX Plus Basic,Umbrella Corporation,Won,2017-11-19,1148.0
FBDZ4LCK,GTX Basic,Zotware,Lost,2017-10-08,0.0
SQMPV6L6,MG Special,Toughzap,Won,2017-10-19,52.0
N9ZBEJFI,MG Advanced,Finhigh,Won,2017-12-28,3253.0
EKXXH9IK,GTX Plus Basic,Gekko & Co,Won,2017-11-04,1267.0
OC6ZMTK5,GTX Plus Basic,Initech,Won,2017-10-13,1096.0
M57LZE5F,MG Advanced,Hottechi,Lost,2017-12-23,0.0
1XO519P4,MG Special,Genco Pura Olive Oil Company,Won,2017-12-30,54.0
UBWO7HIV,MG Advanced,Green-Plus,Won,2017-12-13,3293.0
00X8VEYH,GTXPro,Rundofase,Won,2017-12-22,4404.0
ZJ11PBUV,GTXPro,Zumgoity,Won,2017-10-09,5212.0
GJX7YGIF,GTX Basic,Plexzap,Lost,2017-11-25,0.0
MF6S92GQ,GTX Basic,Dalttechnology,Won,2017-12-08,488.0
KTZDTM8W,GTX Basic,Globex Corporation,Won,2017-10-13,594.0
SH0S5N6U,GTX Basic,Singletechno,Won,2017-12-30,464.0
M3306MKK,MG Special,Cheers,Won,2017-12-13,53.0
5H27L6YI,GTX Plus Basic,Finhigh,Lost,2017-10-15,0.0
FCEJCRKY,GTX Basic,Streethex,Won,2017-10-08,661.0
FTVBHHFC,GTX Plus Basic,Genco Pura Olive Oil Company,Won,2017-10-14,1240.0
CXE6ORIJ,MG Advanced,Isdom,Won,2017-12-20,2763.0
QFIEJY21,GTX Basic,Condax,Won,2017-12-05,610.0
4OUTIJAR,MG Special,Hatfan,Won,2017-12-14,59.0
R19OP4QL,GTX Basic,Rangreen,Won,2017-10-19,577.0
UU7QH2WX,MG Special,Kan-code,Lost,2017-10-15,0.0
O7WVUMZ5,GTX Plus Basic,Finjob,Won,2017-10-09,1139.0
NRMFYPAD,GTX Plus Pro,Treequote,Won,2017-12-30,6038.0
63HMAJCZ,GTXPro,Umbrella Corporation,Won,2017-10-14,4605.0
MR49QBLO,MG Advanced,Konex,Won,2017-11-21,3264.0
V7C6RT5S,MG Advanced,Betasoloin,Won,2017-10-17,3472.0
G1POINXI,GTX Plus Basic,Rangreen,Won,2017-10-15,1186.0
S181FZ0Y,GTX Basic,Zotware,Lost,2017-10-16,0.0
5J7T0GZU,GTXPro,Sumace,Won,2017-12-14,4964.0
0IAJNXTD,MG Special,Domzoom,Lost,2017-10-10,0.0
RMQME3N0,GTX Plus Basic,Massive Dynamic,Lost,2017-11-21,0.0
G8C3GRPO,MG Advanced,Vehement Capital Partners,Won,2017-10-20,2812.0
IY3U40F8,GTX Plus Basic,Globex Corporation,Lost,2017-10-14,0.0
OZFSBIDF,GTXPro,Toughzap,Lost,2017-10-09,0.0
IEJHIQYI,MG Advanced,Blackzim,Won,2017-12-22,3517.0
6SQHVC0S,GTXPro,dambase,Lost,2017-12-26,0.0
L9EVLHSJ,GTX Plus Basic,,Engaging,,
DIGZWVHI,GTX Basic,Sunnamplex,Lost,2017-10-09,0.0
1ZT4IROS,GTX Basic,Xx-holding,Won,2017-10-10,608.0
60QEB2FZ,GTX Plus Pro,Fasehatice,Won,2017-10-16,4989.0
2PX317QP,GTXPro,Newex,Won,2017-11-23,4780.0
O691ZXXH,MG Special,,Engaging,,
2T0GMDKK,GTX Plus Basic,Blackzim,Lost,2017-10-10,0.0
ZK6HTTBB,MG Special,Labdrill,Lost,2017-10-14,0.0
V74YPMJ4,MG Special,Zoomit,Lost,2017-10-20,0.0
8ZIX3LAF,MG Advanced,Newex,Won,2017-10-09,3023.0
QDBJOE9M,MG Special,,Engaging,,
IVMMNSJB,GTX Plus Pro,Conecom,Lost,2017-10-17,0.0
H9M21153,MG Advanced,Ron-tech,Won,2017-10-20,3100.0
JV0KXH4X,GTX Plus Pro,Donquadtech,Won,2017-12-30,6406.0
V9UM2K16,GTX Plus Pro,Kinnamplus,Won,2017-10-15,5711.0
ZEYGDEBG,GTXPro,,Engaging,,
SRV6TQ2E,MG Special,Ontomedia,Won,2017-10-18,58.0
94GJ7WZV,GTXPro,Statholdings,Lost,2017-10-10,0.0
B24YQ6LA,GTX Basic,Zotware,Won,2017-10-10,552.0
RYELEM60,MG Advanced,The New York Inquirer,Won,2017-10-20,3215.0
RL26ZS8F,GTX Basic,Konmatfix,Lost,2017-11-27,0.0
JKIAA2TF,GTX Plus Basic,Finjob,Won,2017-11-23,1112.0
HTK2UHC8,GTX Basic,Stanredtax,Lost,2017-10-21,0.0
SPRK2YOB,GTX Plus Basic,Warephase,Won,2017-11-25,1190.0
8F7VHV02,GTX Basic,Finjob,Won,2017-12-22,446.0
7FGVY6GK,GTX Basic,Konex,Won,2017-10-10,565.0
6IZZL97A,GTX Basic,Singletechno,Lost,2017-10-18,0.0
0HUWQWOJ,MG Special,,Engaging,,
C35YI5NJ,GTXPro,Singletechno,Won,2017-12-25,4753.0
6U30UYDT,GTX Plus Basic,Genco Pura Olive Oil Company,Lost,2017-11-30,0.0
ZXOHD0KE,GTX Basic,Sunnamplex,Lost,2017-10-19,0.0
77Q6KD0O,GTX Basic,Statholdings,Lost,2017-10-21,0.0
JIH6P53I,GTX Plus Basic,Stanredtax,Won,2017-10-10,1129.0
WKTVP5WY,MG Special,Sunnamplex,Won,2017-10-10,56.0
10N0ZBYO,MG Advanced,Singletechno,Won,2017-10-11,3435.0
IUVAUQ6I,MG Advanced,Rangreen,Won,2017-10-14,3860.0
YH5L64AP,MG Special,Yearin,Lost,2017-12-23,0.0
A71ENBVA,GTX Basic,Hottechi,Lost,2017-10-17,0.0
4X8WU71C,MG Advanced,Condax,Lost,2017-10-11,0.0
03H4RXBI,GTX Basic,Y-corporation,Won,2017-12-17,482.0
MQVOQZL7,MG Special,Codehow,Lost,2017-10-19,0.0
OHD4TPKZ,GTX Plus Basic,Gogozoom,Won,2017-10-11,1166.0
V4PVZC5L,MG Special,Kinnamplus,Lost,2017-10-18,0.0
9G85W8XE,GTX Plus Basic,Kan-code,Lost,2017-10-15,0.0
S6DXPVLA,GTX Plus Basic,Yearin,Lost,2017-11-13,0.0
MKI4TLUN,GTXPro,Zencorporation,Won,2017-12-18,5112.0
H41YA4SB,GTX Plus Basic,Toughzap,Lost,2017-12-26,0.0
MW4MSIWW,GTXPro,Warephase,Lost,2017-10-14,0.0
XSQOEHEA,MG Advanced,Lexiqvolax,Lost,2017-10-15,0.0
GQT2DFWZ,MG Advanced,Treequote,Won,2017-10-20,3892.0
IQ9GMTBR,GTX Basic,Dalttechnology,Won,2017-10-11,473.0
ZR8H455M,GTX Basic,Groovestreet,Lost,2017-10-14,0.0
3F2EMUQ7,GTX Plus Basic,Scotfind,Lost,2017-10-11,0.0
VB26KWQ6,GTX Basic,Faxquote,Won,2017-11-20,511.0
7J1UD7ZW,GTX Basic,Hottechi,Won,2017-10-12,509.0
VR6NO9FA,GTX Basic,Labdrill,Won,2017-10-22,528.0
O8QGRK5P,GTX Basic,Sunnamplex,Won,2017-10-14,549.0
BOD1GBJU,GTX Basic,Rundofase,Lost,2017-12-25,0.0
TN3IRRND,MG Special,Gogozoom,Lost,2017-10-19,0.0
PR224V1P,GTX Basic,Scottech,Lost,2017-10-19,0.0
60RDU2SZ,MG Advanced,Globex Corporation,Won,2017-10-17,3578.0
X2I316HD,GTX Basic,dambase,Won,2017-12-29,523.0
K5DNNWYT,GTXPro,Zencorporation,Won,2017-10-11,4575.0
941E65Z7,GTXPro,Plusstrip,Won,2017-10-12,4552.0
77UHLYMA,GTX Basic,Konex,Lost,2017-10-11,0.0
VR1XYM23,GTX Basic,Blackzim,Won,2017-12-23,551.0
TQ6BTW2Z,GTX Basic,Faxquote,Won,2017-10-18,545.0
IVSOSC0E,GTX Plus Basic,Y-corporation,Won,2017-10-15,1134.0
KI4LTBV6,MG Advanced,Statholdings,Lost,2017-10-13,0.0
4VZ0JIVZ,MG Advanced,Scottech,Won,2017-10-16,3434.0
FNCXBWHQ,GTX Basic,Condax,Won,2017-12-27,505.0
Q306R9K4,GTX Plus Basic,Ganjaflex,Won,2017-10-21,1066.0
KHRY7J40,GTX Basic,Zathunicon,Won,2017-11-12,580.0
AP9MLRZJ,GTXPro,Initech,Won,2017-12-20,4501.0
46JP2TQB,GTX Plus Basic,Globex Corporation,Lost,2017-10-19,0.0
W48N7MRO,GTX Plus Pro,Rundofase,Lost,2017-10-13,0.0
X4LSK4OE,GTX Plus Pro,Treequote,Won,2017-11-03,6182.0
M1ZZYSTB,GTXPro,Bubba Gump,Won,2017-10-12,4763.0
0UOIGVEO,MG Advanced,Gekko & Co,Won,2017-10-20,3024.0
AK9OXW30,MG Special,Ganjaflex,Lost,2017-10-12,0.0
CFGYG1EC,GTX Basic,Green-Plus,Lost,2017-10-13,0.0
TS3P4VMD,GTX Plus Pro,Goodsilron,Won,2017-10-19,6751.0
8PEB9FHX,MG Special,Goodsilron,Won,2017-10-18,54.0
V1YT1LP1,GTX Basic,Stanredtax,Won,2017-12-25,592.0
DTIZX4YN,GTX Plus Basic,Cancity,Won,2017-10-22,969.0
KMBY0IGV,MG Special,Dalttechnology,Won,2017-10-12,48.0
XULGG5K8,GTX Basic,Konex,Lost,2017-10-13,0.0
KP8ZZ3Y6,GTX Plus Basic,Labdrill,Lost,2017-12-23,0.0
SBF5S7LF,GTX Plus Pro,Hatfan,Won,2017-10-21,6555.0
YIA65LM2,MG Advanced,Treequote,Lost,2017-10-19,0.0
8SLDCS0F,MG Special,,Engaging,,
TVBY6CND,GTX Plus Pro,Bioholding,Won,2017-12-15,5271.0
OHOWVHYX,MG Advanced,Zoomit,Engaging,,
EC9H6XHB,MG Special,Kan-code,Lost,2017-11-22,0.0
47QKNXLO,GTX Basic,Yearin,Won,2017-12-10,472.0
VW2PJALW,GTX Plus Pro,Cancity,Won,2017-11-29,5211.0
GVLIYD9A,GTX Basic,Y-corporation,Won,2017-12-11,430.0
F761DF0M,GTX Basic,Silis,Engaging,,
II1GOQWL,GTX Basic,Fasehatice,Lost,2017-10-20,0.0
4P5BOQB5,GTXPro,Singletechno,Won,2017-12-22,4545.0
QYYOVTHC,GTX Plus Basic,Umbrella Corporation,Lost,2017-10-19,0.0
4O3EPWFR,GTX Plus Basic,,Engaging,,
AADN7F5T,MG Special,Zumgoity,Lost,2017-10-17,0.0
U8CWFFRH,MG Advanced,Ron-tech,Lost,2017-10-13,0.0
35HVN8Q3,GTX Basic,Scottech,Won,2017-10-21,528.0
PNNZM0OZ,GTXPro,Conecom,Won,2017-12-28,5064.0
UYZQCWAC,MG Advanced,Conecom,Won,2017-12-06,3203.0
K0YFUK4X,GTX Basic,Scotfind,Won,2017-11-02,549.0
TUL0TZSR,GTX Basic,Dalttechnology,Won,2017-10-23,594.0
LS2A22IA,GTX Basic,Globex Corporation,Lost,2017-10-21,0.0
L5K0S1U3,GTX Basic,Globex Corporation,Lost,2017-10-22,0.0
82LY53FE,GTX Basic,Labdrill,Won,2017-11-01,529.0
XRJTRP20,GTXPro,Fasehatice,Won,2017-10-17,4505.0
D00FIU21,GTX Basic,Finhigh,Won,2017-12-11,457.0
C48I5WD9,MG Advanced,Warephase,Won,2017-10-13,3090.0
HG0N3NJ4,MG Special,Zencorporation,Won,2017-10-14,53.0
5ZUKTSJV,GTX Plus Basic,Gekko & Co,Won,2017-10-17,1004.0
CD5B8P8U,MG Advanced,Hottechi,Lost,2017-10-19,0.0
MBYY3F5P,GTX Basic,J-Texon,Won,2017-10-21,696.0
0V9YEQDU,MG Special,Treequote,Lost,2017-10-22,0.0
76GEYK0T,GTX Plus Basic,Opentech,Won,2017-10-23,888.0
0QUXNGR1,MG Advanced,Warephase,Lost,2017-10-18,0.0
4N9E1F86,GTX Plus Basic,Zathunicon,Lost,2017-10-20,0.0
895XMROB,GTX Plus Pro,Yearin,Lost,2017-11-21,0.0
LFMLZPA5,GTXPro,Konex,Lost,2017-10-22,0.0
H54N095V,GTXPro,Gogozoom,Won,2017-10-24,4767.0
FQPECFYO,GTXPro,Hottechi,Won,2017-12-20,4869.0
933OT3AE,MG Advanced,Ron-tech,Won,2017-10-14,3475.0
5HDKACI4,GTX Basic,Initech,Lost,2017-10-15,0.0
GVEUKZ72,MG Special,Donware,Lost,2017-12-09,0.0
YHOVVBSP,MG Advanced,Kan-code,Lost,2017-12-10,0.0
ZN6HXJ5F,GTX Plus Basic,Rantouch,Lost,2017-10-20,0.0
3IQ19UZ2,MG Advanced,Kan-code,Won,2017-10-14,3250.0
R2CG5WED,GTX Plus Pro,Singletechno,Lost,2017-12-03,0.0
QCBO7C6E,GTX Plus Basic,,Engaging,,
ORYORRQV,GTX Basic,Hottechi,Engaging,,
NGG8O0JX,GTX Basic,,Engaging,,
GH0FU105,MG Advanced,Nam-zim,Lost,2017-10-18,0.0
NDIZ18GW,MG Advanced,Cheers,Lost,2017-10-25,0.0
BRIOGGKC,MG Advanced,Inity,Lost,2017-11-29,0.0
GZYL4SG1,GTX Plus Basic,Rangreen,Won,2017-10-26,978.0
7ZASHEBX,MG Special,Bubba Gump,Won,2017-12-14,49.0
WJ9JNMJ2,MG Special,Stanredtax,Won,2017-10-24,49.0
N3OWNMD3,GTX Plus Pro,Xx-holding,Lost,2017-10-22,0.0
8U3LICIW,GTX Basic,Hottechi,Won,2017-12-10,563.0
JALBPRSF,GTX Plus Basic,Umbrella Corporation,Lost,2017-10-21,0.0
0E1HHXGB,MG Special,Donware,Lost,2017-10-15,0.0
MJXPSHYT,MG Special,Zencorporation,Won,2017-10-24,53.0
AF8SULB0,GTX Plus Basic,Rangreen,Won,2017-10-26,1168.0
N8BM4XEP,GTX Basic,The New York Inquirer,Won,2017-11-17,560.0
FZGBRGHF,GTX Plus Basic,Gekko & Co,Lost,2017-12-30,0.0
36PET9WM,GTXPro,Stanredtax,Lost,2017-10-15,0.0
GRO3S3HV,MG Special,Bioholding,Lost,2017-10-21,0.0
KG9R5M1Y,GTXPro,Dontechi,Won,2017-10-18,4810.0
R0S5FZ1G,MG Special,Donware,Lost,2017-11-01,0.0
3W1Y39BY,GTXPro,Silis,Won,2017-10-24,4521.0
G58GOO4N,GTX Basic,Opentech,Lost,2017-10-18,0.0
JF0F2J5W,GTX Plus Basic,Donquadtech,Lost,2017-10-15,0.0
93AE6QM4,GTX Plus Basic,Hatfan,Won,2017-10-15,881.0
0YM4VJDP,GTX Basic,Finjob,Lost,2017-11-30,0.0
ICD9OMSF,GTX Basic,Conecom,Won,2017-10-22,472.0
IHJEX21Z,GTX Basic,Newex,Won,2017-12-03,562.0
8JORJ1SS,GTX Basic,Conecom,Lost,2017-10-20,0.0
0NKINI7S,MG Special,Toughzap,Won,2017-10-16,42.0
QFLFLCD0,GTXPro,Streethex,Lost,2017-10-18,0.0
OB3OK8BQ,GTX Basic,Dontechi,Won,2017-12-26,615.0
5S3RN7H2,GTX Plus Basic,Ron-tech,Lost,2017-12-31,0.0
6YCRJK5W,MG Advanced,Newex,Lost,2017-10-23,0.0
FDMK85GD,MG Special,Scottech,Won,2017-10-22,58.0
DYYJW46L,GTX Plus Pro,,Engaging,,
EVKQXZV6,MG Special,Green-Plus,Lost,2017-11-01,0.0
IDO6PU1B,GTX Plus Pro,Hatfan,Lost,2017-10-23,0.0
CYAL1N0B,GTXPro,Xx-holding,Won,2017-10-15,4882.0
9GSBUJMH,MG Special,Isdom,Lost,2017-10-24,0.0
XSTGL252,GTXPro,Toughzap,Engaging,,
ECB42PGL,GTX Plus Pro,Zotware,Lost,2017-10-24,0.0
PYIP2H5Z,MG Advanced,Streethex,Lost,2017-10-16,0.0
129P48QP,GTX Plus Pro,Ganjaflex,Lost,2017-10-25,0.0
BUFF2EP5,GTXPro,Kinnamplus,Won,2017-11-01,5113.0
IQRA0Q8C,GTX Plus Basic,Ron-tech,Won,2017-10-16,1154.0
14P6935C,GTXPro,Dontechi,Won,2017-10-16,4885.0
U220GK9W,GTXPro,Streethex,Won,2017-10-16,4936.0
03R1VC7O,GTX Plus Basic,Condax,Won,2017-10-28,1062.0
LUFR7MJC,GTXPro,Codehow,Lost,2017-10-19,0.0
8EX2PGAY,MG Special,Faxquote,Lost,2017-10-21,0.0
C0H6SU2X,GTX Plus Basic,Groovestreet,Won,2017-12-20,954.0
94JOUSW7,GTX Basic,Finjob,Lost,2017-10-23,0.0
9RC58SP0,GTX Basic,Konex,Lost,2017-10-26,0.0
XFNYWN7B,GTX Plus Basic,Xx-holding,Won,2017-10-16,868.0
6NFIUDKS,GTX Plus Pro,Doncon,Won,2017-11-26,5867.0
4TD018BE,GTXPro,Fasehatice,Won,2017-10-16,5344.0
SWKGC34P,MG Special,dambase,Lost,2017-10-21,0.0
C3Y94J5R,GTX Plus Pro,Globex Corporation,Lost,2017-10-24,0.0
2H45C9FK,GTXPro,Streethex,Lost,2017-10-23,0.0
LFM4SMIA,GTX Plus Pro,Codehow,Won,2017-10-23,5449.0
MEXK5KU6,MG Advanced,The New York Inquirer,Lost,2017-12-27,0.0
UDXS7H12,GTX Plus Pro,Initech,Won,2017-11-28,4500.0
4G61Z1HD,MG Special,Inity,Lost,2017-10-25,0.0
X4KAK55N,MG Special,Sumace,Won,2017-10-23,51.0
AHOYDL01,GTX Plus Pro,Dalttechnology,Won,2017-10-23,6637.0
R5ILWVDD,MG Special,Stanredtax,Won,2017-12-13,57.0
J5WP57XS,GTX Plus Basic,Statholdings,Won,2017-11-03,990.0
VPD4G16I,GTXPro,Zencorporation,Won,2017-10-17,4247.0
Z173R82Y,GTX Plus Basic,Sumace,Won,2017-12-25,1008.0
TFGC7TPF,GTXPro,Stanredtax,Lost,2017-10-19,0.0
03X37HOO,MG Special,Zumgoity,Lost,2017-10-17,0.0
OWGXQLJS,GTXPro,Ron-tech,Won,2017-10-25,4834.0
Y4SN1R3L,MG Advanced,Conecom,Won,2017-10-17,3490.0
CX3PZ8DP,GTX Basic,Initech,Lost,2017-10-26,0.0
V7DY5VAP,MG Special,Codehow,Lost,2017-10-24,0.0
JLB353E4,MG Advanced,Cheers,Won,2017-10-20,3744.0
KOK62RF4,GTXPro,Sonron,Lost,2017-10-22,0.0
8U59BH8O,GTX Basic,Faxquote,Lost,2017-10-26,0.0
BZR75SK1,GTX Basic,Singletechno,Lost,2017-10-21,0.0
48HBI36Y,GTX Basic,Nam-zim,Won,2017-11-12,591.0
ME7IZ1WY,MG Special,Dalttechnology,Won,2017-10-24,48.0
STC921ZX,GTX Plus Basic,Golddex,Won,2017-10-23,1060.0
MJRDXH1B,GTX Plus Basic,Hottechi,Lost,2017-10-21,0.0
W2QJUK1Y,GTX Basic,Betatech,Won,2017-10-28,562.0
B05SO4C6,GTX Plus Basic,Hottechi,Lost,2017-11-19,0.0
MC717WRG,GTXPro,Vehement Capital Partners,Lost,2017-10-18,0.0
P570QB1D,MG Special,Isdom,Won,2017-10-17,57.0
IWS4PKPP,GTX Basic,Green-Plus,Won,2017-12-21,535.0
GB3S67FY,GTXPro,Condax,Won,2017-10-25,4580.0
0W8VWJDS,MG Special,Lexiqvolax,Won,2017-10-18,56.0
4ZKFSG5F,GTX Basic,,Engaging,,
5TCGN3GX,GTX Plus Basic,,Engaging,,
5J9ELX2Y,GTX Plus Pro,Goodsilron,Won,2017-10-23,4942.0
SQE6KE7V,MG Special,dambase,Won,2017-10-23,55.0
LH03MJX5,GTX Plus Pro,Yearin,Lost,2017-10-25,0.0
0SQM849O,GTXPro,Xx-zobam,Won,2017-10-29,5144.0
KXTUVDLU,MG Advanced,Plussunin,Lost,2017-12-13,0.0
9YOGUMN9,GTXPro,Rundofase,Lost,2017-10-24,0.0
C933ZQBB,GTXPro,Cancity,Won,2017-10-23,5458.0
G9M9IEQY,GTXPro,Rundofase,Lost,2017-10-23,0.0
M2VKMZPH,GTXPro,Stanredtax,Won,2017-10-19,5046.0
Y6NI5EBV,GTX Plus Basic,,Engaging,,
OFC7ZTU8,GTXPro,,Engaging,,
AZCY0HUP,GTX Basic,Hatfan,Lost,2017-10-23,0.0
7CMG05CY,MG Special,Goodsilron,Lost,2017-10-26,0.0
KDNNV952,MG Special,Nam-zim,Lost,2017-10-26,0.0
1UPVYK3H,MG Special,dambase,Won,2017-10-26,64.0
MUODVNBC,MG Special,Betatech,Won,2017-10-27,54.0
02G0NJCN,MG Special,Xx-holding,Won,2017-10-26,68.0
76V79SHZ,GTX Plus Basic,Betasoloin,Lost,2017-10-18,0.0
7JMQM7XK,MG Special,The New York Inquirer,Lost,2017-10-18,0.0
PIPQZ9SQ,MG Special,Massive Dynamic,Lost,2017-10-19,0.0
NXHAAD08,GTX Plus Basic,Kan-code,Won,2017-12-10,1129.0
ABMVTEUH,MG Advanced,The New York Inquirer,Lost,2017-10-19,0.0
9Q710H4R,GTX Plus Basic,Inity,Won,2017-10-20,1200.0
4QU2EXEY,MG Advanced,Globex Corporation,Won,2017-12-19,3164.0
3MKAQ2YI,GTX Plus Basic,Konex,Lost,2017-10-25,0.0
42CA70FG,MG Advanced,Zotware,Won,2017-10-26,3225.0
R2C8A8SA,GTX Plus Basic,Massive Dynamic,Lost,2017-11-05,0.0
PY96Q77S,GTXPro,Rangreen,Won,2017-10-20,4130.0
6QAWMSU2,GTX Basic,Bluth Company,Lost,2017-10-24,0.0
5B9EIYPP,GTXPro,Donware,Lost,2017-11-29,0.0
Z216TKEU,MG Special,Singletechno,Won,2017-10-20,47.0
9EHFBSBG,GTX Plus Pro,Konex,Won,2017-10-25,4751.0
6SP45G3T,MG Advanced,Konmatfix,Lost,2017-10-24,0.0
7U28UXIL,MG Advanced,Green-Plus,Lost,2017-10-19,0.0
V2YD7XYV,MG Special,Y-corporation,Won,2017-12-20,51.0
1GVU0QTO,MG Advanced,Singletechno,Won,2017-10-22,3696.0
QG7RGODO,GTXPro,Plexzap,Lost,2017-10-26,0.0
IHBYI8IO,MG Advanced,Groovestreet,Won,2017-10-24,3536.0
M5NUUVA4,GTX Basic,Dalttechnology,Lost,2017-11-22,0.0
XKYQ16FS,MG Special,Nam-zim,Lost,2017-11-05,0.0
VVM450RP,MG Special,Plusstrip,Won,2017-12-17,59.0
60KWQS2V,GTX Basic,Funholding,Won,2017-10-20,474.0
1RND0S0B,MG Special,Bioholding,Won,2017-10-30,43.0
WI0LMD20,MG Special,Hottechi,Won,2017-12-19,60.0
4XPRCRX0,GTX Basic,Treequote,Lost,2017-10-29,0.0
5UEA6KVU,GTX Basic,Ron-tech,Won,2017-10-27,461.0
GAUSPPYM,GTX Plus Basic,Xx-zobam,Lost,2017-12-11,0.0
3Y1LN6CQ,MG Special,Gekko & Co,Won,2017-10-19,54.0
RVUJPYY8,MG Special,,Engaging,,
W7GVI03S,MG Special,Plusstrip,Lost,2017-12-02,0.0
7RFTN4WI,GTX Plus Basic,Umbrella Corporation,Lost,2017-10-25,0.0
K00YH5XA,MG Special,Initech,Lost,2017-10-28,0.0
ZXIHEEV2,GTX Basic,Doncon,Lost,2017-12-31,0.0
WPSHVGDZ,MG Advanced,Hottechi,Lost,2017-10-24,0.0
DXAO9R8N,MG Advanced,Rantouch,Won,2017-10-27,3363.0
PN0IWJ0N,GTX Plus Basic,Hottechi,Won,2017-10-30,1089.0
OXKWCAXO,GTXPro,Opentech,Lost,2017-10-31,0.0
7FVUE0GY,GTX Plus Basic,Acme Corporation,Won,2017-10-21,1096.0
FAIFAGJM,MG Special,Ron-tech,Won,2017-10-29,62.0
IKDFG91F,MG Advanced,Kan-code,Lost,2017-12-26,0.0
BP3I9G0F,GTX Plus Basic,Konex,Won,2017-10-21,1105.0
0GM4GDFT,GTXPro,Bluth Company,Lost,2017-10-28,0.0
5YIWOUOZ,GTXPro,Bioplex,Won,2017-10-24,4353.0
LM3GZYXD,GTXPro,Finhigh,Lost,2017-10-28,0.0
UUCSEHJX,GTX Plus Pro,Warephase,Won,2017-10-27,6276.0
OQQWTFSZ,GTXPro,Betatech,Won,2017-10-27,4688.0
CWVAO587,GTX Basic,Ontomedia,Lost,2017-10-26,0.0
YDZZNTEZ,MG Advanced,Opentech,Won,2017-11-01,3422.0
O1DTVNH2,MG Special,Hottechi,Lost,2017-10-20,0.0
Q6MGPT50,GTXPro,Inity,Won,2017-12-09,5192.0
ENL7MDL2,GTX Plus Basic,Hottechi,Won,2017-10-28,1226.0
CLHPJZHP,GTX Plus Pro,J-Texon,Won,2017-10-25,4552.0
YQJGEI71,GTX Plus Pro,,Engaging,,
XO4ZYI3G,GTX Plus Pro,Xx-holding,Won,2017-10-26,5569.0
RSBEC5KF,GTXPro,Fasehatice,Won,2017-10-20,4389.0
6Z6SRB1Y,GTX Plus Pro,Hottechi,Lost,2017-11-01,0.0
BZGJ44FH,GTXPro,,Engaging,,
4S17VJ7O,MG Advanced,,Engaging,,
FRSYEHJE,MG Advanced,Globex Corporation,Lost,2017-10-21,0.0
MV4DK68W,GTX Basic,Ron-tech,Won,2017-10-26,451.0
B2FSFXKA,MG Special,,Engaging,,
W72TPY7P,MG Special,,Engaging,,
I15B3BNW,MG Advanced,Plexzap,Lost,2017-11-28,0.0
1CT3EWJ8,GTX Basic,Goodsilron,Won,2017-10-21,553.0
JPBLNA5V,GTXPro,Scottech,Lost,2017-10-29,0.0
SLILSQJV,GTX Plus Basic,,Engaging,,
R6OM4EDE,GTX Basic,Blackzim,Won,2017-11-01,524.0
74Y43OFL,MG Advanced,Plussunin,Lost,2017-10-21,0.0
OIOGIDI2,GTX Plus Basic,Ron-tech,Lost,2017-10-31,0.0
SCN3BY47,MG Special,Inity,Won,2017-10-27,53.0
HFF39KOB,MG Advanced,Statholdings,Won,2017-10-20,2749.0
OS59LIZX,GTXPro,J-Texon,Lost,2017-10-26,0.0
O3S3SF3W,GTXPro,Rantouch,Lost,2017-10-21,0.0
WA0NRLP7,GTX Plus Pro,Groovestreet,Won,2017-10-20,5368.0
GHOQQYQM,GTXPro,Kan-code,Won,2017-12-25,4734.0
6OXOIJ4D,MG Advanced,Condax,Won,2017-12-16,3089.0
DTFLKV60,MG Advanced,Dontechi,Lost,2017-10-21,0.0
RELG4CYQ,MG Special,Gogozoom,Won,2017-10-30,54.0
PLV91KH7,GTXPro,Silis,Won,2017-10-27,4345.0
U289K4V3,MG Advanced,Warephase,Won,2017-10-27,3848.0
PDXFX23P,GTXPro,Initech,Won,2017-10-26,4287.0
LULNYY3C,GTXPro,Codehow,Won,2017-10-27,4435.0
NJ1YGDZW,GTXPro,Stanredtax,Won,2017-10-28,4699.0
CZC1J6FQ,GTX Plus Pro,Cancity,Lost,2017-10-24,0.0
WSWJJ234,MG Special,Genco Pura Olive Oil Company,Lost,2017-10-22,0.0
MDBKYL2Q,MG Special,Stanredtax,Won,2017-10-30,60.0
M9EU34FE,GTX Plus Pro,Hatfan,Won,2017-10-21,6026.0
HCARIWPE,GTX Plus Pro,Golddex,Lost,2017-10-27,0.0
WGJB2VDU,GTX Plus Pro,Newex,Won,2017-12-25,5095.0
RYWETTBK,GTX Basic,Fasehatice,Engaging,,
JSLSL3SU,GTX Basic,Sunnamplex,Won,2017-12-16,565.0
N1B45KIT,GTX Plus Pro,Y-corporation,Won,2017-12-22,5883.0
30UA0RS8,GTX Plus Basic,Funholding,Won,2017-12-12,1135.0
R1Z8J1JL,GTX Plus Basic,Konex,Won,2017-12-21,903.0
2DY9U1V7,GTXPro,Konex,Engaging,,
MJODFG6C,MG Special,Green-Plus,Lost,2017-10-27,0.0
6D7N5SQ7,MG Special,Lexiqvolax,Lost,2017-10-28,0.0
DQIKGS2U,MG Special,Dalttechnology,Won,2017-11-03,48.0
EZNAGRVB,GTX Plus Pro,Hatfan,Won,2017-10-30,5388.0
C1M1RST0,GTXPro,Plexzap,Won,2017-10-27,4109.0
KIZOEC3M,GTX Plus Basic,dambase,Lost,2017-10-23,0.0
CO7T7H41,MG Special,Ron-tech,Lost,2017-10-27,0.0
BMQYRJC7,GTX Plus Pro,Codehow,Won,2017-12-16,5543.0
6ALPIXB7,GTX Plus Basic,Donware,Lost,2017-11-29,0.0
5NVTQW38,GTX Plus Basic,Streethex,Lost,2017-10-28,0.0
IOUUN8LM,MG Advanced,Genco Pura Olive Oil Company,Lost,2017-10-27,0.0
3EZLRW47,GTXPro,Bioholding,Lost,2017-10-31,0.0
09AILR04,GTXPro,Statholdings,Won,2017-10-29,4732.0
KSYI5DDW,MG Special,Codehow,Won,2017-11-07,55.0
W4R2C7N9,GTX Basic,Xx-zobam,Lost,2017-10-30,0.0
KY1CESUN,GTX Plus Pro,The New York Inquirer,Lost,2017-10-29,0.0
M4EHG2ZB,MG Special,Konmatfix,Won,2017-10-30,52.0
DLAMSRVT,GTX Basic,Genco Pura Olive Oil Company,Lost,2017-10-22,0.0
PZNZD22T,GTX Basic,Doncon,Lost,2017-12-14,0.0
FVCN0HQ9,GTX Basic,Cheers,Lost,2017-10-23,0.0
A0FVQ8KO,GTX Basic,Labdrill,Won,2017-10-27,575.0
6KGX67OZ,GTX Basic,Green-Plus,Lost,2017-10-30,0.0
BXXGLPD7,MG Special,Domzoom,Lost,2017-11-01,0.0
MHF6GSB6,MG Advanced,Plussunin,Won,2017-10-29,3612.0
TFILI4TE,MG Special,Zathunicon,Lost,2017-10-25,0.0
4P0SDD91,GTXPro,Iselectrics,Won,2017-12-15,4970.0
ZZ4X9VN3,MG Advanced,Ganjaflex,Won,2017-10-31,2995.0
0J3UU8PZ,GTX Basic,Zathunicon,Won,2017-12-30,546.0
UYPF6FZ3,GTX Plus Basic,Gekko & Co,Won,2017-12-20,1184.0
2HKRINHL,GTX Plus Pro,Plussunin,Won,2017-10-24,5500.0
G5JXIYRO,MG Advanced,Domzoom,Won,2017-10-24,3616.0
4MXSHU7X,GTK 500,Kan-code,Lost,2017-11-30,0.0
H4FIU51C,MG Advanced,Mathtouch,Lost,2017-10-26,0.0
CC2ICRAG,GTX Plus Basic,Rundofase,Won,2017-12-29,1087.0
RDC531P5,GTXPro,Inity,Won,2017-10-30,3578.0
9QX62IL2,GTX Basic,Finjob,Won,2017-10-29,544.0
3GRTE6VM,MG Advanced,Dalttechnology,Won,2017-10-29,3082.0
E4BPOOL6,MG Advanced,Hottechi,Won,2017-10-24,3450.0
B894QWQM,GTXPro,Kan-code,Won,2017-10-29,5360.0
U9QMLC5Z,GTXPro,Cheers,Won,2017-11-01,4991.0
VCQBM844,MG Advanced,Cheers,Won,2017-10-30,3294.0
UE66OOQS,GTX Plus Basic,Conecom,Lost,2017-10-30,0.0
W5ABRRKC,GTX Plus Basic,Rantouch,Won,2017-10-31,981.0
Y8KI5ANO,GTX Plus Basic,Isdom,Lost,2017-11-03,0.0
CTM8WFGW,GTX Plus Pro,Streethex,Won,2017-10-23,6233.0
RFUJTKVO,MG Special,Domzoom,Won,2017-11-28,55.0
ZMEKFXC5,MG Special,Globex Corporation,Lost,2017-10-28,0.0
LO2BMO33,GTX Plus Pro,Conecom,Won,2017-12-10,6142.0
GL2FM1RM,GTX Basic,,Engaging,,
4ETFTKHJ,MG Special,Golddex,Lost,2017-10-29,0.0
528YB7Q0,GTX Plus Basic,Umbrella Corporation,Lost,2017-12-06,0.0
OFEUX5PI,GTXPro,Hatfan,Won,2017-10-28,5190.0
S3V8Z52J,MG Advanced,Initech,Lost,2017-10-25,0.0
TTYSSNJH,GTX Plus Basic,Gekko & Co,Won,2017-11-01,1027.0
LROWI84G,GTX Plus Basic,Dontechi,Won,2017-10-31,1237.0
IQAP70OD,GTX Plus Basic,Streethex,Won,2017-10-29,965.0
JWWVG8KG,GTXPro,Inity,Won,2017-11-03,5729.0
7PEL3AIZ,GTXPro,Isdom,Won,2017-10-24,5685.0
NXQR7LX6,GTXPro,Rundofase,Won,2017-10-26,4024.0
JL358E5T,GTX Basic,Silis,Won,2017-12-12,511.0
DHUG18WU,GTX Plus Pro,Sonron,Lost,2017-10-30,0.0
T6ENEYKW,GTXPro,Ontomedia,Lost,2017-11-04,0.0
3MGMH9AE,MG Advanced,Stanredtax,Lost,2017-10-24,0.0
JJGRAQ2K,GTX Plus Pro,Rangreen,Engaging,,
4Z84VV2P,GTXPro,Y-corporation,Won,2017-11-05,4382.0
DMYP7REE,GTX Plus Basic,Funholding,Lost,2017-11-19,0.0
1SKNSG2B,GTX Plus Pro,Treequote,Won,2017-10-30,5516.0
G6MUC5R6,GTX Plus Pro,Finhigh,Lost,2017-11-06,0.0
X7MN9ROG,GTX Plus Pro,,Engaging,,
6445PW4Z,GTXPro,Rantouch,Lost,2017-10-24,0.0
CUJIRCWV,MG Special,Condax,Won,2017-12-28,51.0
YSFFEUCQ,GTX Plus Basic,Groovestreet,Lost,2017-10-28,0.0
OX0NE27G,GTX Plus Basic,Kan-code,Won,2017-10-31,1195.0
0B09WODM,GTX Plus Basic,Mathtouch,Lost,2017-10-26,0.0
FSC4A2HZ,GTX Plus Pro,Silis,Lost,2017-10-25,0.0
YT5GLR6D,MG Advanced,Kinnamplus,Won,2017-11-02,3588.0
S7UVZXM3,MG Special,,Engaging,,
KOPJOMQE,GTX Plus Basic,Massive Dynamic,Lost,2017-10-29,0.0
AS2BKSCT,GTX Plus Basic,Codehow,Lost,2017-11-08,0.0
S3GVO59B,GTXPro,Stanredtax,Won,2017-12-01,5542.0
L8POFR0T,MG Advanced,Finjob,Won,2017-12-31,3296.0
RYF41KOV,GTX Plus Basic,Domzoom,Lost,2017-10-25,0.0
MV7NPCI9,GTX Basic,Betatech,Won,2017-10-29,519.0
TSN98FPQ,GTX Plus Basic,Betatech,Won,2017-10-25,1243.0
SQW60VII,MG Advanced,Fasehatice,Lost,2017-10-26,0.0
PGG2DUPO,GTX Plus Basic,Ron-tech,Won,2017-10-31,1133.0
85U38YFD,GTX Basic,Hottechi,Lost,2017-12-24,0.0
M7V7UJHZ,MG Advanced,Genco Pura Olive Oil Company,Lost,2017-12-29,0.0
S56NVD4M,GTX Plus Pro,Dalttechnology,Won,2017-11-10,4945.0
Y34O7SKI,MG Advanced,Treequote,Lost,2017-10-30,0.0
DSY9VD0O,GTX Basic,Cheers,Won,2017-10-26,535.0
HWOBBZWQ,GTX Basic,,Engaging,,
6ZR7IUC4,MG Advanced,Zoomit,Lost,2017-11-07,0.0
8W9YXI59,MG Special,Cancity,Won,2017-11-26,59.0
OYH46MQB,GTX Basic,,Engaging,,
YEH9VQCD,GTX Basic,Condax,Won,2017-10-27,526.0
35GT4NM9,GTX Basic,Acme Corporation,Won,2017-11-05,586.0
MICIJ00A,MG Advanced,Scottech,Lost,2017-10-27,0.0
D4ABG4I1,GTXPro,Rundofase,Won,2017-11-10,4356.0
EMK9P63G,GTX Basic,Condax,Won,2017-10-26,566.0
HXGDBNAV,MG Advanced,,Engaging,,
7GWM1WT0,GTX Basic,Hottechi,Won,2017-12-30,537.0
U0XWF9TW,MG Special,The New York Inquirer,Won,2017-12-21,47.0
E8L9I3QP,GTX Basic,Condax,Won,2017-11-03,447.0
63S5SNBC,GTX Plus Basic,Domzoom,Won,2017-10-27,1103.0
3PIPAOVU,MG Special,Finhigh,Won,2017-12-28,57.0
UBU4E17W,GTX Basic,Betasoloin,Lost,2017-11-06,0.0
99HAV7SY,GTX Plus Pro,Hottechi,Lost,2017-11-24,0.0
UX9D17FS,GTXPro,Ontomedia,Won,2017-11-04,4525.0
FL804BH8,GTXPro,Isdom,Lost,2017-10-30,0.0
RWR0W3U8,GTXPro,Zumgoity,Lost,2017-10-27,0.0
8UU0I29V,GTX Basic,Fasehatice,Won,2017-10-28,504.0
89A54FHW,GTXPro,Dontechi,Lost,2017-10-27,0.0
UGAEAB27,GTXPro,Scottech,Won,2017-10-31,4377.0
U2JI00ER,MG Advanced,Betatech,Won,2017-10-27,3353.0
56D231XJ,GTX Plus Pro,Kan-code,Lost,2017-10-31,0.0
O2CFE5KX,MG Special,Fasehatice,Won,2017-11-03,50.0
UCLGT98S,GTX Basic,Conecom,Lost,2017-10-30,0.0
31IV2B9O,GTX Basic,,Engaging,,
BZG9DI4Z,GTX Basic,Blackzim,Lost,2017-10-28,0.0
E2R39451,GTX Basic,Groovestreet,Lost,2017-10-27,0.0
KHQR5AKG,MG Advanced,Sunnamplex,Lost,2017-11-04,0.0
NMI79ZYT,GTX Basic,Ganjaflex,Lost,2017-10-31,0.0
RU3HH59R,GTX Basic,Zencorporation,Lost,2017-10-28,0.0
4D0K5T7T,GTXPro,Gogozoom,Engaging,,
IE1N4OUS,GTX Plus Pro,Rundofase,Won,2017-12-07,5269.0
A5IABHP1,GTXPro,Bioplex,Won,2017-10-28,5275.0
FOFS0O2G,GTX Plus Pro,Xx-zobam,Lost,2017-10-29,0.0
66BQC4C9,MG Advanced,Conecom,Lost,2017-11-07,0.0
GXQJVJQT,GTX Basic,Mathtouch,Won,2017-10-29,601.0
PP4ZY6TZ,GTK 500,Treequote,Lost,2017-11-10,0.0
7TOPAQ9Y,MG Special,Finhigh,Won,2017-12-29,53.0
7NJS374V,MG Special,Groovestreet,Won,2017-11-10,46.0
KKO2EFHS,GTXPro,Hatfan,Lost,2017-10-29,0.0
PJJMVZAL,GTX Basic,Treequote,Won,2017-10-29,538.0
MFYR7SSG,MG Special,Plexzap,Won,2017-12-15,53.0
F2F1LPTA,MG Advanced,Dontechi,Won,2017-11-03,3296.0
QVP4LFVD,GTX Basic,Doncon,Lost,2017-10-28,0.0
7FZMWZJT,MG Advanced,Isdom,Won,2017-11-07,3561.0
8THGVJ52,GTX Plus Pro,Singletechno,Won,2017-11-06,5655.0
M827K2PI,GTX Basic,Domzoom,Won,2017-12-14,656.0
4ETZYSN3,MG Advanced,Donquadtech,Won,2017-11-05,3258.0
SZDGWQLT,GTX Basic,Goodsilron,Won,2017-11-12,577.0
YM5F751C,MG Special,Statholdings,Won,2017-10-28,50.0
G7U0HP7Q,GTX Basic,Lexiqvolax,Lost,2017-10-29,0.0
FRNGLIYS,MG Special,dambase,Won,2017-10-29,66.0
OY08XJ2E,GTX Plus Basic,Gekko & Co,Won,2017-11-12,1079.0
ZSZFPCYS,MG Advanced,Conecom,Lost,2017-10-29,0.0
BXCEXXP4,MG Advanced,Donquadtech,Lost,2017-11-03,0.0
H3K2E35I,GTK 500,Cheers,Won,2017-10-29,27971.0
P5C842B5,GTX Plus Pro,,Engaging,,
7EHJYKWE,GTX Basic,Xx-holding,Engaging,,
LB6S2ONR,GTX Basic,Y-corporation,Won,2017-11-11,598.0
6BRNE2DV,MG Special,Statholdings,Lost,2017-10-29,0.0
ST4H8MB7,GTXPro,J-Texon,Lost,2017-10-29,0.0
VMGCRSWP,MG Special,Bluth Company,Won,2017-11-14,61.0
4HJIT2B6,GTX Basic,Rantouch,Lost,2017-11-07,0.0
DJY7S9AI,MG Advanced,Plusstrip,Won,2017-11-12,3082.0
X6MHLE33,GTX Basic,Gekko & Co,Lost,2017-11-12,0.0
TLAWJR5V,GTX Plus Pro,Ontomedia,Won,2017-11-11,5646.0
SQ63LXS8,MG Advanced,Codehow,Lost,2017-11-04,0.0
L3PLDC1Y,GTXPro,Codehow,Won,2017-10-30,4733.0
HMG6NWSR,MG Advanced,Cancity,Won,2017-12-30,2931.0
KNH4ZX85,MG Special,Bioholding,Won,2017-10-31,62.0
FV7Y3ZPO,MG Advanced,Konex,Lost,2017-11-03,0.0
DDQ0MDYY,GTXPro,Green-Plus,Won,2017-10-31,4178.0
HFER9GET,GTXPro,Kinnamplus,Won,2017-11-04,5239.0
0N11U6L3,GTX Plus Basic,Acme Corporation,Engaging,,
005JS57S,GTX Basic,Treequote,Won,2017-11-11,539.0
W5FH95XO,MG Special,,Engaging,,
TWDNQ9TX,GTX Plus Basic,Rangreen,Won,2017-10-31,973.0
G289FPBV,MG Special,Statholdings,Lost,2017-10-31,0.0
G9H0MWBL,GTX Plus Pro,Ganjaflex,Lost,2017-10-31,0.0
P2YWZPES,GTX Basic,Konex,Won,2017-11-04,622.0
NPGETEDZ,GTX Plus Basic,Sunnamplex,Lost,2017-11-15,0.0
J5I6Y4RN,MG Special,Isdom,Lost,2017-11-10,0.0
XRMOUF1R,MG Advanced,Condax,Won,2017-11-07,4172.0
TL0UILCV,GTXPro,Umbrella Corporation,Won,2017-11-14,4529.0
FAS4V07H,MG Advanced,Konex,Won,2017-12-10,2695.0
3Z9AX43T,GTXPro,Cancity,Lost,2017-12-22,0.0
5JO7SIGB,GTXPro,Conecom,Lost,2017-11-10,0.0
8MQPNCCU,GTX Basic,Ganjaflex,Won,2017-11-09,486.0
2DT70XCQ,GTX Basic,Plussunin,Won,2017-11-08,450.0
O1SCOU11,MG Special,,Engaging,,
HYBR36NG,MG Special,Finjob,Lost,2017-11-09,0.0
WXOL5HTS,GTX Plus Pro,Ontomedia,Won,2017-11-08,6818.0
F15SU034,MG Advanced,Condax,Won,2017-12-21,3298.0
OMCFUDOU,GTXPro,,Engaging,,
KLBW3TOH,GTX Plus Pro,Goodsilron,Won,2017-11-09,5512.0
ESNS1OS9,GTX Plus Pro,Kan-code,Won,2017-11-07,4742.0
HDUZC4G9,GTX Basic,Y-corporation,Won,2017-11-02,653.0
1629C4UW,GTX Plus Basic,Conecom,Lost,2017-11-10,0.0
0OXJ2HOP,MG Advanced,Dalttechnology,Won,2017-11-11,4058.0
RCGBY4IA,GTX Basic,Condax,Won,2017-11-01,553.0
8R0HTKUK,GTX Plus Pro,Xx-zobam,Lost,2017-11-07,0.0
W2ZRP2EC,MG Special,Kan-code,Lost,2017-11-03,0.0
HN6TZPAF,GTX Plus Pro,,Engaging,,
AEH9XJ3T,GTX Plus Basic,Kan-code,Lost,2017-11-13,0.0
X3DSI0TQ,GTX Plus Pro,Globex Corporation,Lost,2017-11-15,0.0
MG3X7625,GTX Plus Pro,Isdom,Won,2017-12-22,5504.0
8JR8LXEU,MG Special,Betatech,Won,2017-11-05,53.0
KMRR1P94,GTX Basic,Treequote,Lost,2017-11-17,0.0
JRCD2VQY,MG Advanced,Fasehatice,Won,2017-11-06,3064.0
FXKBY5FR,MG Advanced,Rantouch,Won,2017-11-14,2866.0
8415S7ZV,GTX Basic,Goodsilron,Lost,2017-11-06,0.0
UZ83LE9X,GTX Plus Pro,Xx-holding,Lost,2017-11-10,0.0
GIDII30C,GTX Plus Basic,Lexiqvolax,Won,2017-11-10,960.0
IVVBVNDH,MG Special,Nam-zim,Won,2017-11-02,55.0
854QZNWK,MG Special,,Engaging,,
FBKK68G6,GTXPro,Donquadtech,Won,2017-11-07,4155.0
46UHJGY0,MG Special,,Engaging,,
SSSTYFDY,GTX Plus Basic,Condax,Lost,2017-11-05,0.0
VSMB0KJW,GTX Basic,Bubba Gump,Won,2017-11-28,532.0
UVS5WJRG,GTX Basic,Cancity,Won,2017-11-03,479.0
MOBO9N8H,GTX Basic,Xx-holding,Lost,2017-11-07,0.0
N2249A7T,GTXPro,,Engaging,,
5HHFR0VZ,GTXPro,Xx-holding,Won,2017-11-29,4521.0
0DYZ71WX,GTX Basic,Ganjaflex,Won,2017-11-16,585.0
Q1Q3D9BZ,GTX Basic,Sunnamplex,Lost,2017-11-07,0.0
9KV5GM4U,GTX Basic,Sonron,Won,2017-11-06,430.0
6X24V0NC,GTXPro,Codehow,Lost,2017-11-09,0.0
IIZV9WFC,GTX Basic,Genco Pura Olive Oil Company,Won,2017-12-02,577.0
E1LFK6E3,GTX Basic,,Engaging,,
XSEG5T4H,GTX Plus Basic,Zoomit,Engaging,,
WTZ2AHNW,GTXPro,Treequote,Won,2017-12-18,4591.0
RQ5FNR4O,GTX Basic,Groovestreet,Won,2017-11-18,662.0
9BZBU2GY,GTX Plus Pro,Plusstrip,Won,2017-12-31,5091.0
1FMCUSFS,GTX Plus Pro,Plussunin,Won,2017-12-08,5737.0
WJO52I18,GTXPro,Inity,Engaging,,
ZQSSHSL7,GTX Basic,Donquadtech,Won,2017-11-06,583.0
SWYO7V7O,GTXPro,Hottechi,Lost,2017-11-08,0.0
62UFJ4IQ,GTX Plus Pro,Sunnamplex,Won,2017-11-10,5031.0
SQ71BWHG,GTXPro,Zencorporation,Engaging,,
ON821ADT,GTXPro,,Engaging,,
ZO4FDMPS,GTXPro,Rangreen,Lost,2017-11-05,0.0
T7N0RX05,GTX Plus Pro,,Engaging,,
D9LUG4D8,GTXPro,Plussunin,Won,2017-11-21,4237.0
M23VU0A9,GTX Plus Pro,Konex,Lost,2017-11-14,0.0
RN67OVFW,GTX Basic,,Engaging,,
YAVTI45C,GTX Basic,Fasehatice,Won,2017-12-12,481.0
XZUEXEUH,GTX Basic,Betatech,Won,2017-11-09,480.0
IBB0VGUN,MG Special,,Engaging,,
0CR37ETK,MG Advanced,,Engaging,,
MA56XGWR,GTX Basic,Iselectrics,Engaging,,
6Z3EP424,MG Special,Nam-zim,Won,2017-11-16,51.0
VPIXVUUE,GTX Basic,Cancity,Lost,2017-11-16,0.0
F98UFHM2,MG Special,Gogozoom,Won,2017-12-31,52.0
NNNEMOZ5,GTX Plus Pro,,Engaging,,
JB7JEEI5,GTX Plus Basic,Sunnamplex,Won,2017-11-22,1218.0
FQP39JQV,GTX Plus Pro,Plusstrip,Won,2017-11-12,5681.0
PWW6TH3V,MG Advanced,Dontechi,Lost,2017-11-17,0.0
KXEZ5B3Q,MG Special,Massive Dynamic,Lost,2017-11-17,0.0
3UA6O3NG,GTX Plus Pro,Konex,Won,2017-11-07,6767.0
QD7MU7DD,GTXPro,,Engaging,,
3ML02CAH,MG Special,Cancity,Won,2017-11-11,61.0
T7AHYN7O,MG Special,Opentech,Lost,2017-11-21,0.0
9BMWYLQV,MG Special,Scotfind,Won,2017-11-17,62.0
I5VHXAWW,GTX Plus Pro,Bluth Company,Engaging,,
76ZQP7QY,GTXPro,Betatech,Lost,2017-11-07,0.0
DP7QR35U,GTX Plus Basic,Faxquote,Lost,2017-11-07,0.0
VAD1MF34,MG Special,Konmatfix,Won,2017-12-19,48.0
J9PCNCUP,GTX Basic,Golddex,Engaging,,
6AA52750,GTXPro,Funholding,Lost,2017-11-13,0.0
1BW8S7JD,MG Special,,Engaging,,
WOD9UKMP,GTX Plus Basic,Stanredtax,Won,2017-11-18,1059.0
C2FSIMZP,GTXPro,,Engaging,,
T482GHJQ,GTXPro,Konmatfix,Won,2017-12-20,5031.0
JFIL5JU0,GTX Basic,dambase,Won,2017-12-22,557.0
3GVL1I1G,MG Advanced,Bluth Company,Won,2017-11-14,3426.0
72C58IRY,MG Advanced,Funholding,Won,2017-11-26,2968.0
MMIYELAE,GTX Plus Basic,Genco Pura Olive Oil Company,Won,2017-11-19,1071.0
GS9UKUGV,GTXPro,Treequote,Lost,2017-11-16,0.0
X9MTGVJZ,GTX Plus Pro,Sunnamplex,Lost,2017-11-26,0.0
N22XN5IM,GTX Plus Basic,Plusstrip,Won,2017-12-04,1082.0
OTQTFK48,GTX Plus Basic,Plexzap,Won,2017-11-11,1203.0
URN9V0FK,MG Special,Konmatfix,Lost,2017-12-30,0.0
K6TJSGUB,GTX Plus Basic,Warephase,Won,2017-11-17,985.0
CSXOYE1C,GTX Plus Basic,Scottech,Won,2017-11-20,1133.0
4ATO2S4S,MG Special,Bubba Gump,Won,2017-12-27,56.0
PMK11X5L,GTX Plus Basic,,Engaging,,
W4XB23IP,GTX Basic,,Engaging,,
J0X7ZNDX,GTX Basic,Zencorporation,Lost,2017-11-13,0.0
GCCBRJF8,GTX Plus Pro,Sumace,Won,2017-11-27,4884.0
G7ZZG9DI,GTX Basic,Kan-code,Won,2017-11-22,443.0
TY9RBWLT,GTX Basic,Goodsilron,Won,2017-11-23,562.0
NNREN4Q5,GTX Basic,Groovestreet,Won,2017-11-21,437.0
T0H5HATU,MG Advanced,Rantouch,Lost,2017-11-23,0.0
49TIKZ5B,GTX Basic,Kan-code,Won,2017-11-14,606.0
ZM1HKZRS,MG Special,Sonron,Won,2017-12-10,56.0
2FGV5XNE,MG Advanced,Sunnamplex,Lost,2017-11-27,0.0
04G3DK6T,MG Special,Warephase,Won,2017-11-21,54.0
6JBM1ZKO,GTXPro,,Engaging,,
QSCVBJNJ,GTXPro,Acme Corporation,Lost,2017-11-23,0.0
C3KQJVDU,GTX Basic,Acme Corporation,Won,2017-11-18,577.0
NZIJ3KKG,GTX Plus Basic,Massive Dynamic,Lost,2017-11-16,0.0
F46Q34LY,GTXPro,Ron-tech,Won,2017-11-20,4480.0
5C13TAA8,GTX Plus Pro,Lexiqvolax,Won,2017-12-22,6299.0
BFB6C54U,GTXPro,Condax,Won,2017-12-01,4673.0
ZSYWCL6R,GTK 500,Xx-holding,Lost,2017-11-26,0.0
VNJQD4Z7,GTX Plus Pro,Zathunicon,Won,2017-12-29,4659.0
0KWYQTQQ,MG Special,,Engaging,,
50OYB2YN,GTX Plus Basic,Kinnamplus,Won,2017-11-20,1180.0
C8BIQFEN,GTX Plus Pro,Betatech,Lost,2017-11-14,0.0
0TEEJ0WD,GTX Plus Basic,Opentech,Lost,2017-11-18,0.0
T2G750N6,MG Special,Treequote,Won,2017-12-04,57.0
6BCEXGTX,GTX Plus Pro,Toughzap,Lost,2017-11-22,0.0
6ZFEAR57,GTX Plus Basic,Genco Pura Olive Oil Company,Lost,2017-11-22,0.0
Y1JFDUVB,MG Special,Codehow,Won,2017-12-20,48.0
7FCXBW1M,MG Special,Bioplex,Won,2017-11-13,51.0
83Y5850C,MG Special,Inity,Lost,2017-11-25,0.0
V1458D23,GTX Plus Basic,Umbrella Corporation,Won,2017-11-13,1138.0
LJEAX51Q,MG Special,Streethex,Won,2017-12-21,49.0
LDDQ5PN2,MG Advanced,Sumace,Lost,2017-11-21,0.0
WPJ0AS7T,GTX Basic,Genco Pura Olive Oil Company,Won,2017-12-28,650.0
4J8IA9GL,GTX Basic,Lexiqvolax,Won,2017-12-29,470.0
76RZPT87,GTX Basic,Isdom,Won,2017-12-31,567.0
9E3UNPHY,MG Advanced,Newex,Won,2017-12-25,3836.0
CQ8UELF8,GTX Plus Pro,Rangreen,Won,2017-11-14,5916.0
4E5E9MYV,GTX Plus Basic,Cheers,Won,2017-11-22,938.0
24BCH90I,GTX Plus Basic,Kan-code,Won,2017-11-15,1124.0
LWVZKYI0,MG Special,Gogozoom,Won,2017-12-01,61.0
1W2EEX4L,MG Special,Faxquote,Lost,2017-12-24,0.0
8977L373,MG Advanced,Mathtouch,Won,2017-11-19,4011.0
66LD5EF0,GTX Plus Basic,Hatfan,Lost,2017-11-15,0.0
50JIFEWD,GTXPro,Plusstrip,Won,2017-11-17,5144.0
MTZQ55RH,GTX Basic,Zotware,Won,2017-11-24,493.0
1V3O11ZD,GTX Basic,Kinnamplus,Lost,2017-11-23,0.0
AIBZQM42,GTX Plus Basic,Kinnamplus,Won,2017-11-20,1224.0
IZ5MV9YF,GTX Basic,Isdom,Lost,2017-11-21,0.0
OHJX1K09,GTX Basic,Konex,Lost,2017-11-14,0.0
I33TECO1,GTXPro,Hottechi,Lost,2017-11-30,0.0
MT45X396,GTX Basic,Streethex,Lost,2017-11-19,0.0
G1W97XZA,GTX Plus Basic,,Engaging,,
V8ELYA6F,GTX Plus Pro,Treequote,Won,2017-11-15,5276.0
NXXKM7C7,GTX Plus Basic,Cancity,Engaging,,
K98JFWRC,GTX Plus Pro,Bioplex,Lost,2017-11-28,0.0
H6Q0LXVH,GTX Plus Basic,Konmatfix,Lost,2017-11-20,0.0
2BH5Q718,MG Advanced,Scotfind,Lost,2017-11-23,0.0
CSJKVMR9,GTX Basic,Y-corporation,Lost,2017-11-16,0.0
N3YVDYY2,GTX Plus Basic,Ron-tech,Won,2017-11-23,947.0
LRP5IXX5,GTX Plus Pro,Konex,Lost,2017-11-23,0.0
SH1NTXPV,MG Advanced,Kinnamplus,Won,2017-11-29,3342.0
MKAKCFBQ,GTX Plus Pro,Ganjaflex,Won,2017-12-30,5610.0
9YH8LS5H,MG Advanced,Condax,Lost,2017-12-15,0.0
RO8TURF5,GTX Basic,Donquadtech,Won,2017-11-30,557.0
EW5ASXX4,GTXPro,Warephase,Lost,2017-11-20,0.0
MDLJKQ5B,GTXPro,dambase,Won,2017-11-30,5600.0
7OIR36P2,GTXPro,Acme Corporation,Won,2017-12-27,4980.0
7XRWWM0X,MG Special,Scotfind,Engaging,,
GQ13O0AQ,GTXPro,Kan-code,Lost,2017-11-22,0.0
S9DDUFGP,GTX Basic,Konex,Lost,2017-11-28,0.0
B5OXRZTT,GTX Basic,Kan-code,Won,2017-11-25,530.0
FX1RWO67,MG Advanced,Hottechi,Won,2017-12-31,3300.0
BREOLQD9,MG Advanced,,Engaging,,
2AGA3ALY,MG Advanced,Konex,Won,2017-11-20,3664.0
P8ZOY6HA,GTX Plus Pro,Konex,Lost,2017-11-20,0.0
PBGAZKMQ,GTX Basic,Stanredtax,Won,2017-11-22,575.0
86MJT5KR,MG Special,Blackzim,Lost,2017-11-23,0.0
62PCN0KS,GTX Plus Basic,,Engaging,,
20NZO7TT,MG Advanced,J-Texon,Won,2017-12-01,3271.0
6FR9YZH2,GTX Plus Pro,Bioholding,Lost,2017-11-17,0.0
LCZGL74L,GTX Plus Basic,Cancity,Lost,2017-11-26,0.0
6NWIZG2N,GTX Plus Basic,Mathtouch,Won,2017-11-24,1035.0
IS2HLCEO,MG Special,Plussunin,Lost,2017-12-04,0.0
90D20NZU,GTX Plus Pro,Inity,Won,2017-11-24,4880.0
P214KAH8,MG Advanced,Yearin,Won,2017-11-29,3644.0
HEMKK91Z,MG Advanced,Plusstrip,Won,2017-12-13,3538.0
R2JKKVOO,GTX Plus Basic,Cheers,Lost,2017-11-27,0.0
6LS93NXH,GTX Basic,Goodsilron,Lost,2017-11-27,0.0
BI36TLO5,GTXPro,Bubba Gump,Won,2017-12-06,4154.0
TYQFCQBN,GTXPro,Donware,Won,2017-11-26,4620.0
DH4WEPQ5,GTX Plus Pro,Domzoom,Won,2017-11-18,5653.0
NJAOJJY9,MG Special,Bioplex,Lost,2017-11-25,0.0
VM6SAQYT,MG Special,Donquadtech,Won,2017-11-26,65.0
E2LVAU2T,GTX Basic,Newex,Won,2017-12-05,497.0
CNAOGH7N,GTXPro,Sumace,Won,2017-12-07,4645.0
0ONK3WET,GTXPro,Massive Dynamic,Won,2017-11-21,4243.0
9Y43IDMY,GTX Plus Basic,Opentech,Lost,2017-12-06,0.0
UIE5G6GW,GTXPro,Cancity,Won,2017-11-29,4617.0
GB6C2UK5,GTK 500,Xx-holding,Won,2017-12-04,29220.0
5S2JLJGL,GTX Plus Basic,Funholding,Lost,2017-11-30,0.0
820NH7ZA,GTX Basic,Konex,Won,2017-12-04,643.0
PIPYDN8Y,GTX Basic,Scotfind,Lost,2017-11-21,0.0
E3LNNM8H,GTX Plus Pro,Blackzim,Lost,2017-12-05,0.0
UHYI2QB2,MG Special,Funholding,Lost,2017-11-28,0.0
5SJP2J1J,GTX Plus Basic,Mathtouch,Won,2017-11-20,886.0
R5V9DX5U,MG Advanced,Rangreen,Won,2017-11-28,3206.0
PGCWLU4L,GTX Basic,Gekko & Co,Won,2017-11-20,678.0
RVI6ARFW,GTX Basic,Funholding,Won,2017-11-20,549.0
QVWPMJ8R,GTX Plus Pro,Kan-code,Won,2017-11-28,6540.0
7M7UED1P,GTX Basic,Toughzap,Lost,2017-11-21,0.0
JW51LS6C,MG Advanced,Lexiqvolax,Lost,2017-12-04,0.0
KU4GX1KD,GTX Basic,Isdom,Won,2017-11-28,662.0
GSE8QWMU,GTXPro,Finjob,Won,2017-11-24,4540.0
6MTK51P5,MG Special,Rundofase,Won,2017-11-29,52.0
J962I0KG,GTX Plus Basic,,Engaging,,
QA2XTMMZ,GTXPro,Yearin,Lost,2017-11-27,0.0
T58EDFV0,GTX Basic,Goodsilron,Won,2017-12-08,504.0
C09PGOZG,GTX Basic,Kan-code,Won,2017-12-04,589.0
IG9RPWOZ,GTX Plus Pro,Stanredtax,Won,2017-12-09,5756.0
3GFZ7SN4,MG Advanced,Streethex,Won,2017-11-23,3161.0
PQ84ANKD,MG Special,,Engaging,,
DC1E84LC,GTX Plus Pro,Umbrella Corporation,Won,2017-12-08,5209.0
F0XGEQOE,MG Advanced,Kan-code,Lost,2017-11-25,0.0
EQIV6PMF,MG Special,dambase,Won,2017-12-08,58.0
SK3A12HI,MG Special,Massive Dynamic,Won,2017-12-21,57.0
F28BOUE5,GTXPro,Bubba Gump,Won,2017-12-10,5466.0
Z7JCS0ZW,GTX Plus Pro,Domzoom,Lost,2017-11-24,0.0
9E3H6ONP,GTX Plus Pro,Lexiqvolax,Won,2017-11-25,6932.0
FVTCAFCL,GTX Basic,Newex,Won,2017-12-22,597.0
9TTQYYIW,MG Advanced,Green-Plus,Lost,2017-11-27,0.0
33JYWJ1X,GTX Basic,Cheers,Won,2017-12-29,619.0
L11T0DYF,MG Advanced,Faxquote,Won,2017-12-01,2590.0
QJZVB9ZG,GTXPro,Sumace,Lost,2017-11-26,0.0
WAEWV7YD,GTX Basic,Yearin,Won,2017-12-07,609.0
3RJPZ634,GTXPro,Konex,Won,2017-12-06,4492.0
FZH6NJAQ,GTX Plus Basic,Rantouch,Lost,2017-11-27,0.0
4MPM6ZPU,GTXPro,Yearin,Lost,2017-12-06,0.0
U0XDMZK8,MG Special,Kan-code,Won,2017-12-05,47.0
J1G2SZKD,GTX Basic,Goodsilron,Engaging,,
BF9D3HVC,GTX Basic,Donquadtech,Lost,2017-12-02,0.0
YMWG4Z3S,GTX Plus Basic,Warephase,Engaging,,
6AT4VS58,GTX Basic,Sonron,Won,2017-12-08,484.0
S5FBJ31P,MG Advanced,Ron-tech,Lost,2017-11-25,0.0
62JLAD45,MG Special,Toughzap,Lost,2017-11-28,0.0
Z7GJE1K0,MG Special,Dalttechnology,Won,2017-12-07,49.0
PV3TH2FF,MG Special,,Engaging,,
4ZQTMS3Z,MG Special,Kan-code,Engaging,,
N6ZLW0OG,GTX Plus Basic,Ganjaflex,Won,2017-12-05,927.0
IJ2CLOLZ,GTXPro,Acme Corporation,Won,2017-12-09,4445.0
K4N74V6U,GTXPro,Codehow,Won,2017-12-04,5110.0
H7GFLCDH,MG Special,Blackzim,Won,2017-12-18,62.0
0QMOIDET,GTX Plus Basic,Konex,Won,2017-12-11,1049.0
33JWQH71,GTX Plus Basic,Labdrill,Won,2017-12-05,885.0
D55HTKRU,GTXPro,Newex,Engaging,,
Z9WFXNX3,MG Advanced,Golddex,Lost,2017-11-29,0.0
7ACIXBSY,MG Advanced,Gekko & Co,Won,2017-12-05,3612.0
MEIBOSW7,GTXPro,Zencorporation,Won,2017-11-29,5106.0
NBUHFAKW,MG Advanced,Genco Pura Olive Oil Company,Won,2017-12-28,2477.0
PJ3NGI1Y,MG Special,Donquadtech,Lost,2017-12-10,0.0
RDZ2FC3A,GTX Basic,Warephase,Won,2017-12-11,537.0
R7GYOI0M,GTX Plus Pro,Hatfan,Won,2017-12-10,5547.0
Z1IF1M5M,GTX Plus Basic,Konmatfix,Won,2017-11-29,1001.0
B133ECHC,GTX Plus Pro,Kan-code,Lost,2017-12-05,0.0
P55UV5QW,GTX Plus Basic,Yearin,Lost,2017-11-29,0.0
H0HDYIYJ,GTXPro,Umbrella Corporation,Won,2017-11-29,5077.0
EBMBP7JQ,MG Advanced,dambase,Won,2017-12-07,3844.0
MAUIC3DD,GTX Plus Pro,Sumace,Lost,2017-12-10,0.0
20048JO2,GTX Plus Basic,Opentech,Won,2017-12-14,1204.0
U071YJYI,MG Advanced,Isdom,Lost,2017-12-11,0.0
Y3EVBV53,GTX Basic,Stanredtax,Won,2017-12-07,562.0
JE63NRUA,GTX Plus Basic,Faxquote,Lost,2017-12-25,0.0
YA8CL4UM,GTX Basic,Sunnamplex,Won,2017-12-01,460.0
43WRAJ1I,MG Special,Rundofase,Won,2017-12-11,66.0
DA7BZMMO,MG Advanced,Cancity,Won,2017-12-12,3309.0
6QRZCDL0,MG Advanced,Massive Dynamic,Lost,2017-11-27,0.0
348COZ5O,GTXPro,Genco Pura Olive Oil Company,Won,2017-11-30,4888.0
GLUYX9KN,GTX Plus Basic,J-Texon,Won,2017-12-12,1192.0
2DT6W3HA,MG Advanced,Bluth Company,Lost,2017-12-12,0.0
7S8SLZDY,MG Special,,Engaging,,
L8XNQONA,GTX Basic,Inity,Engaging,,
WE03969I,GTX Plus Basic,Gekko & Co,Won,2017-12-09,1131.0
3SOLZEZX,GTX Plus Pro,Goodsilron,Won,2017-12-12,5702.0
MAA6TJMM,GTX Basic,Cheers,Won,2017-12-13,563.0
0DY00J6O,GTX Plus Pro,Xx-holding,Won,2017-12-11,5886.0
U8IUBGTW,GTX Basic,Domzoom,Lost,2017-12-05,0.0
EV0V1ZZA,MG Advanced,Hatfan,Lost,2017-12-02,0.0
JVF7HZMV,GTX Plus Basic,,Engaging,,
RCDG00F7,GTX Basic,Rantouch,Won,2017-12-04,601.0
XAKK81WB,MG Special,Sonron,Won,2017-12-18,58.0
B6CHA7CX,MG Special,Blackzim,Won,2017-12-14,58.0
V263VR1Y,MG Advanced,Finjob,Won,2017-12-14,3285.0
A2PTJA6G,MG Advanced,Plussunin,Won,2017-12-08,3494.0
GQDS81G1,GTX Plus Pro,,Engaging,,
GUDTJY0I,MG Advanced,Finhigh,Lost,2017-12-14,0.0
MDK5NQJA,GTX Plus Pro,Initech,Won,2017-12-14,5204.0
GB1K3Y4Y,GTX Basic,The New York Inquirer,Won,2017-12-15,579.0
KKOU11ZD,GTX Plus Basic,Cheers,Won,2017-12-14,1195.0
KHZ3IOKH,GTX Plus Pro,Streethex,Won,2017-12-29,6340.0
Q34UWP01,GTX Plus Basic,Zathunicon,Won,2017-12-19,1179.0
X70BM5FO,GTX Plus Basic,Condax,Won,2017-12-22,1243.0
NCF02FA5,GTX Plus Basic,Zoomit,Won,2017-12-15,953.0
LC93MVYP,GTX Basic,,Engaging,,
XF54BYUH,GTX Plus Pro,Genco Pura Olive Oil Company,Won,2017-12-09,5619.0
23ZL97PN,GTX Plus Basic,Betasoloin,Lost,2017-12-12,0.0
PVZ4YGQG,GTX Plus Basic,Donware,Lost,2017-12-11,0.0
7L89U5DU,MG Advanced,Plexzap,Won,2017-12-20,3547.0
KNN6C4O3,GTXPro,Green-Plus,Won,2017-12-15,4899.0
CXAEFADQ,GTX Plus Basic,Singletechno,Won,2017-12-20,993.0
G6433A35,MG Special,Doncon,Won,2017-12-10,54.0
1WVEAE8N,GTX Plus Basic,Codehow,Lost,2017-12-20,0.0
TJJFAU52,MG Special,Initech,Won,2017-12-24,58.0
JCJ5PJDH,MG Special,Hottechi,Won,2017-12-13,57.0
0RH9W4E2,MG Special,Streethex,Lost,2017-12-24,0.0
MG3ZJ8F3,GTX Plus Basic,Inity,Won,2017-12-11,1110.0
R892OD1B,MG Special,Rundofase,Won,2017-12-08,57.0
SZ09YDEF,GTXPro,Finjob,Lost,2017-12-20,0.0
9WUYZLBE,MG Special,Nam-zim,Won,2017-12-15,64.0
RV7ERUUT,GTX Plus Pro,Zotware,Won,2017-12-07,5172.0
EY0JZ32S,GTX Plus Basic,Zotware,Lost,2017-12-27,0.0
CEYW89RW,GTX Basic,Golddex,Lost,2017-12-25,0.0
MBBBOMEV,MG Special,Faxquote,Lost,2017-12-19,0.0
I6FIZ2S5,GTX Plus Pro,Funholding,Won,2017-12-19,6141.0
07GUKIG3,MG Special,,Engaging,,
7EYDG0CV,MG Special,Statholdings,Won,2017-12-14,56.0
UFAABKQJ,GTX Basic,Dontechi,Won,2017-12-12,515.0
7ZU2A8L1,GTX Basic,Donware,Won,2017-12-23,698.0
O1HKZ4ZF,GTX Basic,Yearin,Won,2017-12-30,481.0
8VO26H1R,GTXPro,Faxquote,Lost,2017-12-22,0.0
A2OLLGWZ,MG Special,Rangreen,Won,2017-12-14,49.0
WKIRY6KE,GTX Plus Basic,Xx-holding,Won,2017-12-18,1111.0
EJYFAV40,GTX Plus Pro,Toughzap,Won,2017-12-28,5862.0
8A1EB728,MG Special,J-Texon,Won,2017-12-16,54.0
RS31U03Y,GTX Plus Basic,,Engaging,,
2KWQ6RAZ,MG Special,Cancity,Won,2017-12-18,60.0
823X29EZ,GTXPro,Plussunin,Lost,2017-12-22,0.0
VL8YNHD7,GTX Plus Basic,,Engaging,,
YY4VFPND,GTX Plus Basic,Golddex,Won,2017-12-29,1168.0
RYLBEZ4N,MG Special,Gekko & Co,Won,2017-12-18,48.0
Y4UIUIEG,GTX Plus Basic,Cancity,Won,2017-12-24,986.0
1HG8VLHU,MG Advanced,Toughzap,Won,2017-12-16,3843.0
0OJE7J6C,GTX Plus Pro,Gekko & Co,Won,2017-12-17,5143.0
OCVCCWPQ,MG Special,Codehow,Won,2017-12-24,52.0
S2KBTW2O,GTX Plus Pro,Scotfind,Won,2017-12-23,5576.0
QJ9H7Y8W,MG Special,Sunnamplex,Won,2017-12-18,59.0
FNA51WN6,GTXPro,J-Texon,Won,2017-12-27,4178.0
921APYA3,GTX Plus Basic,Lexiqvolax,Won,2017-12-25,1192.0
GMY4U7RD,GTX Basic,,Engaging,,
CPC83NKN,GTX Plus Basic,Conecom,Won,2017-12-24,1047.0
TBS5Y874,GTX Plus Pro,Kan-code,Won,2017-12-17,6456.0
6JZ0HCSF,GTXPro,Xx-zobam,Lost,2017-12-29,0.0
JRSU8ALH,GTX Basic,Ron-tech,Lost,2017-12-19,0.0
7GXUCFW5,GTXPro,Inity,Won,2017-12-17,4755.0
E66UG7VC,MG Special,Y-corporation,Won,2017-12-25,55.0
7IAHPFT9,MG Advanced,Faxquote,Won,2017-12-18,3078.0
FZWU2I30,GTX Plus Pro,The New York Inquirer,Engaging,,
04AOWMXV,GTX Basic,Codehow,Won,2017-12-28,537.0
XZ9YR78K,GTX Plus Basic,Hottechi,Won,2017-12-18,1220.0
WZKN6PO4,MG Special,Finjob,Won,2017-12-21,53.0
WQSUMJRZ,MG Special,Scottech,Won,2017-12-18,60.0
1RIO9PCD,GTX Basic,Hottechi,Won,2017-12-29,494.0
TQV7CO87,GTX Basic,Genco Pura Olive Oil Company,Won,2017-12-18,480.0
3FJPGYD7,GTX Basic,Cheers,Lost,2017-12-29,0.0
9AQFU718,GTX Basic,Toughzap,Lost,2017-12-15,0.0
AUJE7IZR,GTX Plus Basic,Hottechi,Won,2017-12-26,1075.0
LE3XYXEF,GTX Plus Basic,Ganjaflex,Lost,2017-12-25,0.0
PM2BF2KB,GTX Plus Basic,Xx-holding,Engaging,,
IQR162ZT,GTX Plus Basic,,Engaging,,
TVU1PQEL,GTX Plus Basic,Conecom,Won,2017-12-28,1166.0
3RGNKYWW,GTX Plus Basic,Hatfan,Won,2017-12-26,921.0
K9KGXL2E,MG Advanced,Lexiqvolax,Engaging,,
HNCSYU4T,MG Advanced,Faxquote,Won,2017-12-27,3442.0
1PXQZ40I,MG Advanced,Zumgoity,Won,2017-12-27,3735.0
FYAVINLC,MG Special,Finjob,Won,2017-12-17,50.0
60JGDDRO,GTXPro,Domzoom,Won,2017-12-19,5052.0
R4BO7K5M,GTX Basic,Cheers,Lost,2017-12-29,0.0
X4XN0M8A,MG Special,Hatfan,Won,2017-12-30,44.0
M4MAVN65,MG Special,Doncon,Lost,2017-12-22,0.0
USJ0JACE,GTX Plus Basic,Massive Dynamic,Won,2017-12-16,960.0
2SMQAWOA,GTX Plus Pro,Zotware,Won,2017-12-30,6469.0
TOJ902PF,GTX Plus Basic,Bioholding,Engaging,,
JAYXM4QB,GTX Plus Basic,Cheers,Won,2017-12-19,914.0
NW5CPPIV,MG Advanced,Funholding,Lost,2017-12-26,0.0
J5BCAQ1Z,GTX Basic,Bioplex,Engaging,,
8LFA54EQ,MG Special,Newex,Lost,2017-12-21,0.0
19MLD9YF,MG Advanced,J-Texon,Won,2017-12-24,3379.0
PLQ50D2O,MG Advanced,Domzoom,Won,2017-12-26,3240.0
3VPQNW5Y,GTX Plus Basic,Cheers,Won,2017-12-31,1007.0
RTWE19SU,GTXPro,Conecom,Engaging,,
FXYOCA0G,MG Special,J-Texon,Won,2017-12-28,54.0
SK30SEKS,MG Special,Golddex,Won,2017-12-25,49.0
Q30OVFCZ,GTX Plus Basic,Sonron,Lost,2017-12-31,0.0
T6MPH7JC,MG Special,,Engaging,,
T1GPPZXH,MG Special,Konex,Won,2017-12-24,55.0
WL31FAI3,GTXPro,Blackzim,Won,2017-12-26,5196.0
6SNUFVQP,MG Special,Rundofase,Won,2017-12-31,54.0
5U83YWZB,GTXPro,Doncon,Won,2017-12-26,4953.0
ZFXYBJEY,MG Advanced,Zotware,Won,2017-12-24,3155.0
NGTVHTFH,GTXPro,,Engaging,,
OHAARANW,GTXPro,Bioholding,Lost,2017-12-30,0.0
6GBGF19R,GTXPro,Plussunin,Won,2017-12-30,4566.0
5XADPM6R,MG Special,Bioholding,Won,2017-12-28,58.0
YZX90X8X,GTXPro,Umbrella Corporation,Won,2017-12-28,4315.0
CNL7PCYU,MG Advanced,Xx-zobam,Lost,2017-12-28,0.0
HB740BLB,MG Special,Silis,Engaging,,
9M88QXFW,GTXPro,Vehement Capital Partners,Won,2017-12-29,5574.0
HCQK8NQ8,GTX Plus Basic,,Engaging,,
RDHTQLNI,GTX Plus Pro,,Engaging,,
B50N6RL3,MG Advanced,Genco Pura Olive Oil Company,Won,2017-12-30,3494.0
HLXSEMXV,MG Special,Doncon,Won,2017-12-28,50.0
MPMG4JTY,MG Special,Hottechi,Won,2017-12-28,61.0
DB801ISB,MG Special,,Engaging,,
8QJHJXY0,MG Special,Sunnamplex,Lost,2017-12-31,0.0
MSN4ZNU6,MG Advanced,Betasoloin,Won,2017-12-28,3673.0
3MXS2HRE,GTX Basic,Ganjaflex,Won,2017-12-31,576.0
1YBATFAY,GTX Basic,Singletechno,Won,2017-12-26,538.0
2EBLR9N8,GTX Basic,Conecom,Won,2017-12-26,622.0
VDGA4KXA,GTX Plus Basic,Bluth Company,Won,2017-12-30,1093.0
6WCNNK5J,GTXPro,Hottechi,Won,2017-12-29,4433.0
YJTQSZ9D,GTX Plus Basic,Inity,Won,2017-12-30,1052.0
RB8GDYFY,MG Special,Betatech,Won,2017-12-29,67.0
6CWZFOHJ,GTX Basic,Green-Plus,Prospecting,,
3LCLVRVV,GTX Basic,,Prospecting,,
YIU1B39V,GTX Basic,,Prospecting,,
8E0VRCLW,GTX Basic,,Prospecting,,
G99CS23F,GTX Basic,,Prospecting,,
XRJ54GNR,GTX Basic,,Prospecting,,
GR9S7VHI,GTX Basic,,Prospecting,,
Q9UWOC28,GTX Plus Basic,Plusstrip,Prospecting,,
YL29KX3L,GTX Plus Basic,Zumgoity,Prospecting,,
OJDZN6UK,GTX Plus Basic,,Prospecting,,
OM60BJ4S,GTX Plus Basic,,Prospecting,,
9PDR4X2R,GTX Plus Pro,Hatfan,Prospecting,,
9P9ISECL,GTX Plus Pro,Sumace,Prospecting,,
0D8Y5JA0,GTX Plus Pro,,Prospecting,,
GNN53C6D,GTX Plus Pro,,Prospecting,,
6KHIXTAD,GTX Plus Pro,,Prospecting,,
5C59O9GU,MG Special,Conecom,Prospecting,,
ZQRBJVZF,MG Special,Dontechi,Prospecting,,
I93XL6Q9,MG Special,Finhigh,Prospecting,,
UMD1BA4S,MG Special,Ganjaflex,Prospecting,,
E6DGJSDW,MG Special,Green-Plus,Prospecting,,
JHNDPI2N,MG Special,J-Texon,Prospecting,,
GI94RTL5,MG Special,Labdrill,Prospecting,,
10ALJD82,MG Special,Nam-zim,Prospecting,,
Z89NKUC7,MG Special,Plussunin,Prospecting,,
47P0HBNM,MG Special,Plussunin,Prospecting,,
4H8GZ075,MG Special,Scotfind,Prospecting,,
UDAUS3DF,MG Special,Sonron,Prospecting,,
F4W7Z1UU,MG Special,Vehement Capital Partners,Prospecting,,
DW5BQ220,MG Special,Zoomit,Prospecting,,
4ENCEYPG,MG Special,,Prospecting,,
EU4DPJGN,MG Special,,Prospecting,,
426EL41A,MG Special,,Prospecting,,
OXKLRULK,MG Special,,Prospecting,,
D3ZJX20X,MG Special,,Prospecting,,
V9JDJ861,MG Special,,Prospecting,,
DYXD1AXO,MG Special,,Prospecting,,
JSTHYUCD,MG Special,,Prospecting,,
JC7DDV56,MG Special,,Prospecting,,
ASDR6QEZ,MG Special,,Prospecting,,
5ELMZN3E,MG Special,,Prospecting,,
7Q90C2VN,MG Special,,Prospecting,,
ZIMT5RQ2,MG Special,,Prospecting,,
WTD6O2OR,MG Advanced,Betasoloin,Prospecting,,
OEG8QG42,MG Advanced,Bioplex,Prospecting,,
BG0BLC6S,MG Advanced,Fasehatice,Prospecting,,
5Q2BX622,MG Advanced,Inity,Prospecting,,
RSY2XLKK,MG Advanced,Streethex,Prospecting,,
FEEOZHT8,MG Advanced,,Prospecting,,
D382N39B,MG Advanced,,Prospecting,,
YYUJ1DCF,MG Advanced,,Prospecting,,
OH0HJ6KK,MG Advanced,,Prospecting,,
5TGQL49J,MG Advanced,,Prospecting,,
Y7WAFW9D,MG Advanced,,Prospecting,,
I8NC3RFB,MG Advanced,,Prospecting,,
38K5251H,GTX Basic,Fasehatice,Prospecting,,
QR63ME8L,GTX Basic,,Prospecting,,
I79B9KJ2,GTX Plus Basic,,Prospecting,,
LABZ0UGB,GTX Plus Basic,,Prospecting,,
3R4W7ZVY,GTX Plus Basic,,Prospecting,,
2SZX9B7J,GTX Plus Pro,Sunnamplex,Prospecting,,
0ZG6U7MQ,GTX Plus Pro,,Prospecting,,
KQPNPH8A,GTX Plus Pro,,Prospecting,,
SGI0VM1F,GTX Plus Pro,,Prospecting,,
DS5HZHDA,MG Special,Betatech,Prospecting,,
TLZGG7G5,MG Special,Conecom,Prospecting,,
8NI8O26G,MG Special,Goodsilron,Prospecting,,
9BM1CGBV,MG Special,Sumace,Prospecting,,
GSBUIL1E,MG Special,,Prospecting,,
9F9NDO41,MG Special,,Prospecting,,
IAV71BEX,MG Advanced,Singletechno,Prospecting,,
SJE81OUR,MG Advanced,,Prospecting,,
R0MBBXL8,MG Advanced,,Prospecting,,
NR2EDMKC,MG Advanced,,Prospecting,,
SU8FTFLS,MG Advanced,,Prospecting,,
61GDYW9T,MG Advanced,,Prospecting,,
TFCQZ28G,MG Advanced,,Prospecting,,
IXW68X6Z,MG Advanced,,Prospecting,,
F77XD7IZ,MG Advanced,,Prospecting,,
LEJWV2Y5,GTX Basic,Donquadtech,Prospecting,,
CAONNFXN,GTX Basic,Kinnamplus,Prospecting,,
R8V3ALA8,GTX Basic,Konmatfix,Prospecting,,
CPEYUW7V,GTX Basic,,Prospecting,,
5ZATE1WV,GTX Basic,,Prospecting,,
R1HFBU5H,GTX Basic,,Prospecting,,
03P9VXWG,GTX Basic,,Prospecting,,
RMJG8OS2,GTX Basic,,Prospecting,,
9L0WKMJ2,GTX Basic,,Prospecting,,
VAM56BG4,GTX Plus Basic,Acme Corporation,Prospecting,,
ZTCQWF53,GTX Plus Basic,Faxquote,Prospecting,,
LKDSEQ2Q,GTX Plus Basic,Yearin,Prospecting,,
I2LEEFAM,GTX Plus Basic,,Prospecting,,
1LWG4COF,GTX Plus Basic,,Prospecting,,
FEL7FQQG,GTX Plus Basic,,Prospecting,,
0TQP0E65,GTX Plus Basic,,Prospecting,,
P95E1DOX,GTX Plus Basic,,Prospecting,,
JCRT0QHO,GTX Plus Basic,,Prospecting,,
MTGV7WOM,GTX Plus Basic,,Prospecting,,
IEMOIN3K,GTX Plus Basic,,Prospecting,,
XTXMQMRC,GTX Plus Basic,,Prospecting,,
OQX98BBL,GTX Plus Basic,,Prospecting,,
RH0FJYPZ,GTX Plus Basic,,Prospecting,,
HD6YD6P9,GTX Plus Basic,,Prospecting,,
64OXRCSR,GTX Plus Basic,,Prospecting,,
EG3X1ACF,GTX Plus Basic,,Prospecting,,
TJ64MOUR,GTX Plus Basic,,Prospecting,,
FY0SHNZY,GTX Plus Basic,,Prospecting,,
V2V69I86,GTX Plus Basic,,Prospecting,,
OAECXU4A,GTX Plus Basic,,Prospecting,,
XETF5BVH,GTX Plus Pro,Finjob,Prospecting,,
FU2PQZR4,GTX Plus Pro,Green-Plus,Prospecting,,
CVMNBKGH,GTX Plus Pro,Hatfan,Prospecting,,
LZW4N9KF,GTX Plus Pro,Zathunicon,Prospecting,,
A4TA5P1B,GTX Plus Pro,,Prospecting,,
KIKV29M0,GTX Plus Pro,,Prospecting,,
PCXGIH9X,GTX Plus Pro,,Prospecting,,
ODSFN0YA,GTX Plus Pro,,Prospecting,,
6RQUXORL,GTX Plus Pro,,Prospecting,,
74LCNGIK,GTX Plus Pro,,Prospecting,,
28EJ0L9T,GTX Plus Pro,,Prospecting,,
UH9TR8Y1,GTX Plus Pro,,Prospecting,,
JVXGG70X,GTX Plus Pro,,Prospecting,,
SYP74C5W,GTXPro,Bioholding,Prospecting,,
R0Q5BZ9Y,GTXPro,Blackzim,Prospecting,,
OT0GOR3I,GTXPro,Bluth Company,Prospecting,,
6RN7I8ZF,GTXPro,Condax,Prospecting,,
YBWUG6QP,GTXPro,Condax,Prospecting,,
8XE8GGIW,GTXPro,Donquadtech,Prospecting,,
IHKIAB1W,GTXPro,Dontechi,Prospecting,,
YKBJP191,GTXPro,Faxquote,Prospecting,,
P7UPCSTC,GTXPro,Faxquote,Prospecting,,
GEQ8IGKW,GTXPro,Finjob,Prospecting,,
EYR5E7LO,GTXPro,Initech,Prospecting,,
LO8L5ELD,GTXPro,Inity,Prospecting,,
S1U1RD6K,GTXPro,Iselectrics,Prospecting,,
R6HYAPR6,GTXPro,Opentech,Prospecting,,
A8NXNY0M,GTXPro,Plusstrip,Prospecting,,
4ROECHG6,GTXPro,Ron-tech,Prospecting,,
FVVATY89,GTXPro,Ron-tech,Prospecting,,
BV75OM0B,GTXPro,Rundofase,Prospecting,,
ZGTCQT1A,GTXPro,Rundofase,Prospecting,,
GR8JTX1T,GTXPro,Warephase,Prospecting,,
2IRZM0LB,GTXPro,Xx-zobam,Prospecting,,
99YRLZM0,GTXPro,Yearin,Prospecting,,
VJILDVVF,GTXPro,Zathunicon,Prospecting,,
A9DGDN56,GTXPro,Zencorporation,Prospecting,,
D01U08PR,GTXPro,Zumgoity,Prospecting,,
LFD1ZGJ8,GTXPro,,Prospecting,,
4YJKB8EC,GTXPro,,Prospecting,,
DIGG7U6M,GTXPro,,Prospecting,,
VMXGBINH,GTXPro,,Prospecting,,
N6BT2U29,GTXPro,,Prospecting,,
T12MT0HL,GTXPro,,Prospecting,,
HZVVOITE,GTXPro,,Prospecting,,
P6Z4X54S,GTXPro,,Prospecting,,
910NLQ80,GTXPro,,Prospecting,,
8IPMP8NT,GTXPro,,Prospecting,,
7YOJ4KU7,GTXPro,,Prospecting,,
3K70RL7Q,GTXPro,,Prospecting,,
DX1M0XF0,GTXPro,,Prospecting,,
5MNF16D8,GTXPro,,Prospecting,,
PES548QV,GTXPro,,Prospecting,,
XGMTNND1,GTXPro,,Prospecting,,
6R94B0SG,GTXPro,,Prospecting,,
8JL58ECD,GTXPro,,Prospecting,,
KO7JWXCT,GTXPro,,Prospecting,,
FGSBCJSC,GTXPro,,Prospecting,,
65SMA4OZ,GTXPro,,Prospecting,,
537X47QY,GTXPro,,Prospecting,,
D95K3R9N,GTXPro,,Prospecting,,
51HOGHF0,GTXPro,,Prospecting,,
PRUFERA6,GTXPro,,Prospecting,,
NST2FEF3,GTXPro,,Prospecting,,
BBV196A3,GTXPro,,Prospecting,,
E4YR0OE6,GTXPro,,Prospecting,,
TR7WLH5Q,MG Special,,Prospecting,,
M64OQCC3,MG Special,,Prospecting,,
WR9CQB8E,MG Special,,Prospecting,,
TWWD62O3,MG Special,,Prospecting,,
7CZU8GS1,MG Special,,Prospecting,,
APXWBOOT,MG Special,,Prospecting,,
7N6AHU7C,MG Special,,Prospecting,,
EJUQOEY5,MG Advanced,Bubba Gump,Prospecting,,
9HA8VBAP,MG Advanced,Donquadtech,Prospecting,,
X4THRRSJ,MG Advanced,,Prospecting,,
3PN3YSPK,MG Advanced,,Prospecting,,
F6AOT0NK,MG Advanced,,Prospecting,,
YI92HVHO,MG Advanced,,Prospecting,,
39NJ6UC9,MG Advanced,,Prospecting,,
1XR36ESV,MG Advanced,,Prospecting,,
RJ21Q4HO,GTX Basic,Hottechi,Prospecting,,
NSYCCHCJ,GTX Basic,,Prospecting,,
ATOYVLLB,GTX Basic,,Prospecting,,
0M4K6F8Q,GTX Basic,,Prospecting,,
TLJWMKEO,GTX Plus Basic,Iselectrics,Prospecting,,
NXJNQ3Z9,GTX Plus Basic,Plexzap,Prospecting,,
HWKJ7TFJ,GTX Plus Basic,,Prospecting,,
Q62STRQQ,GTX Plus Basic,,Prospecting,,
9P9J2ANM,GTX Plus Basic,,Prospecting,,
OJWGRIXN,GTX Plus Basic,,Prospecting,,
EB393LSH,GTX Plus Basic,,Prospecting,,
566X0PLZ,GTX Plus Basic,,Prospecting,,
SFR7RG9V,GTX Plus Basic,,Prospecting,,
9RGWSKNU,GTX Plus Pro,Kan-code,Prospecting,,
49T7VKA7,GTX Plus Pro,Plussunin,Prospecting,,
BTDY3DHP,GTX Plus Pro,Vehement Capital Partners,Prospecting,,
UZ7DU3D9,GTX Plus Pro,,Prospecting,,
73CWPT9H,GTX Plus Pro,,Prospecting,,
B7KZYEII,GTX Plus Pro,,Prospecting,,
67CBAWHG,GTX Plus Pro,,Prospecting,,
2WTPSQTN,GTX Plus Pro,,Prospecting,,
V5PKXYWS,GTX Plus Pro,,Prospecting,,
EJCPWP6V,GTXPro,Bioholding,Prospecting,,
BJE7KCZ1,GTXPro,Genco Pura Olive Oil Company,Prospecting,,
TK9J8AOZ,GTXPro,Treequote,Prospecting,,
XARW0KTX,GTXPro,,Prospecting,,
0C34Z5UZ,GTXPro,,Prospecting,,
OA3RDG12,GTXPro,,Prospecting,,
847RHYQE,GTXPro,,Prospecting,,
P0B49XCI,MG Special,Codehow,Prospecting,,
DOP1NORG,MG Special,Plexzap,Prospecting,,
BUOI3TBI,MG Special,Rundofase,Prospecting,,
F22C6LKO,MG Special,The New York Inquirer,Prospecting,,
D8ZJ6F45,MG Special,Yearin,Prospecting,,
HP50ZWIZ,MG Special,,Prospecting,,
X3KQZM1K,MG Special,,Prospecting,,
WA3U0EVI,MG Special,,Prospecting,,
Q9CASEJL,MG Special,,Prospecting,,
OIBR7UA7,MG Special,,Prospecting,,
J5IXJWVU,MG Advanced,Cancity,Prospecting,,
KFSKQ291,MG Advanced,Plusstrip,Prospecting,,
ZT1234V3,MG Advanced,Ron-tech,Prospecting,,
JQBN7PXK,MG Advanced,Xx-zobam,Prospecting,,
J5IF7CT6,MG Advanced,,Prospecting,,
AAQ5H36J,MG Advanced,,Prospecting,,
37PEZCGO,MG Advanced,,Prospecting,,
X9NUTLTR,MG Advanced,,Prospecting,,
L5PS6S68,MG Advanced,,Prospecting,,
JLZCOLIE,MG Advanced,,Prospecting,,
TN4KM3D1,GTX Basic,Bluth Company,Prospecting,,
OIIFWY81,GTX Basic,Conecom,Prospecting,,
WE2CEE8A,GTX Basic,Dontechi,Prospecting,,
NT38RBZY,GTX Basic,Gogozoom,Prospecting,,
0XVL2UMH,GTX Basic,Groovestreet,Prospecting,,
UFZFCBOS,GTX Basic,Lexiqvolax,Prospecting,,
2BD1SDBX,GTX Basic,Vehement Capital Partners,Prospecting,,
AE3YDLK3,GTX Basic,Xx-zobam,Prospecting,,
C54CWZIT,GTX Basic,Zencorporation,Prospecting,,
D00AN5HY,GTX Basic,,Prospecting,,
E6798P2J,GTX Basic,,Prospecting,,
MR08TTTT,GTX Basic,,Prospecting,,
7UVKZD60,GTX Basic,,Prospecting,,
0RLU8I9Q,GTX Basic,,Prospecting,,
ZT163LH3,GTX Basic,,Prospecting,,
8Y3OMER4,GTX Basic,,Prospecting,,
OQ1P1OLH,GTX Basic,,Prospecting,,
UY93W9NZ,GTX Basic,,Prospecting,,
NVH71LD4,GTX Basic,,Prospecting,,
XVQ3OA99,GTX Basic,,Prospecting,,
DJDJ5A58,GTX Basic,,Prospecting,,
22TUMCKT,GTX Basic,,Prospecting,,
ARBTXSEH,GTX Plus Basic,Globex Corporation,Prospecting,,
P4D8H19O,GTX Plus Basic,Isdom,Prospecting,,
UD1GNRL4,GTX Plus Basic,,Prospecting,,
B2YZJ212,GTX Plus Basic,,Prospecting,,
94DGJSLN,GTX Plus Basic,,Prospecting,,
IRTO8ZJW,GTX Plus Basic,,Prospecting,,
OAMIMSUU,GTX Plus Pro,Cheers,Prospecting,,
B26TNOGQ,GTX Plus Pro,Silis,Prospecting,,
QN1UL4N3,GTX Plus Pro,,Prospecting,,
FW2CVY2X,GTX Plus Pro,,Prospecting,,
9R8AKL0D,GTXPro,Initech,Prospecting,,
R14YE68N,GTXPro,Plexzap,Prospecting,,
8RQCHZ5O,GTXPro,,Prospecting,,
90KRHC6T,GTXPro,,Prospecting,,
8NLGRTU5,GTXPro,,Prospecting,,
QMRDG7WP,GTXPro,,Prospecting,,
F0K8UDEG,GTXPro,,Prospecting,,
NUEPXB8Z,GTXPro,,Prospecting,,
FBDS7GIZ,GTXPro,,Prospecting,,
URRD7VUB,MG Special,Blackzim,Prospecting,,
11T4HX93,MG Special,Bluth Company,Prospecting,,
0QMDTHBS,MG Special,,Prospecting,,
GM5X0CSG,MG Special,,Prospecting,,
E0HMRMZ9,MG Special,,Prospecting,,
DYA87PL1,MG Special,,Prospecting,,
CGRMC7OE,MG Advanced,,Prospecting,,
0KSK9O00,GTX Basic,Bluth Company,Prospecting,,
76WK0KFZ,GTX Basic,Konex,Prospecting,,
IMN2GUYV,GTX Basic,Statholdings,Prospecting,,
9HFEMESD,GTX Basic,,Prospecting,,
00400B1S,GTX Basic,,Prospecting,,
PELBIQ95,GTX Basic,,Prospecting,,
HLE798LQ,GTX Basic,,Prospecting,,
NB67WD27,GTX Basic,,Prospecting,,
2RQOUJ9V,GTX Basic,,Prospecting,,
6KW4PU0S,GTX Basic,,Prospecting,,
Y533QVR5,GTX Basic,,Prospecting,,
PAUK1IU0,GTX Basic,,Prospecting,,
97WEHB4X,GTX Basic,,Prospecting,,
Z4JQEOMT,GTX Basic,,Prospecting,,
W2K1S9N3,GTX Plus Basic,Dalttechnology,Prospecting,,
U0U1RIMI,GTX Plus Basic,,Prospecting,,
ZTFYF8PV,GTX Plus Basic,,Prospecting,,
Q620I4AZ,GTX Plus Basic,,Prospecting,,
L7PPTHLF,GTX Plus Basic,,Prospecting,,
8U9CA21G,GTX Plus Basic,,Prospecting,,
F14T88OP,GTX Plus Pro,,Prospecting,,
JZ4QLP1W,MG Special,Bioplex,Prospecting,,
HSGGBG9J,MG Special,Codehow,Prospecting,,
O7MBZPN4,MG Special,,Prospecting,,
XS7B6QT7,MG Special,,Prospecting,,
N6JMQG0E,MG Special,,Prospecting,,
TBNPWPNE,MG Special,,Prospecting,,
M4WW6I1S,MG Special,,Prospecting,,
GLQLEZJM,MG Special,,Prospecting,,
ZKJIVMSG,MG Advanced,Finjob,Prospecting,,
3TMNC3GW,MG Advanced,Kinnamplus,Prospecting,,
P25KLAD2,MG Advanced,Rangreen,Prospecting,,
NDJBDONI,MG Advanced,,Prospecting,,
94ZZLWOH,MG Advanced,,Prospecting,,
KKUHAY4O,MG Advanced,,Prospecting,,
4V17GRKW,MG Advanced,,Prospecting,,
EOJHYLXG,MG Advanced,,Prospecting,,
4XQ43RJW,MG Advanced,,Prospecting,,
MJK3UJ1B,MG Advanced,,Prospecting,,
44JDHBI8,MG Advanced,,Prospecting,,
ETJR6FUL,GTX Basic,Plexzap,Prospecting,,
9CYYLZ11,GTX Basic,Stanredtax,Prospecting,,
RGW7PKJ6,GTX Basic,Xx-zobam,Prospecting,,
BW0NOLCK,GTX Basic,,Prospecting,,
G7K3HJAT,GTX Basic,,Prospecting,,
NBE5EMSV,GTX Basic,,Prospecting,,
D00KRY2S,GTX Basic,,Prospecting,,
ZB3JRI67,GTX Basic,,Prospecting,,
4AUWVKUU,GTX Basic,,Prospecting,,
I43F0Z77,GTX Plus Basic,Betasoloin,Prospecting,,
YYMKOAVY,GTX Plus Basic,Donquadtech,Prospecting,,
0HR4TEU4,GTX Plus Basic,Plussunin,Prospecting,,
O8JCYJSV,GTX Plus Basic,Silis,Prospecting,,
FMRVHL9O,GTX Plus Basic,Toughzap,Prospecting,,
YMI68O7S,GTX Plus Basic,Zumgoity,Prospecting,,
VUFZB941,GTX Plus Basic,,Prospecting,,
EABYCHB3,GTX Plus Basic,,Prospecting,,
6Z6DMG2V,GTX Plus Basic,,Prospecting,,
BZ96Z7AI,GTX Plus Basic,,Prospecting,,
QY7GTG6Y,GTX Plus Basic,,Prospecting,,
VZ28EXFN,GTX Plus Basic,,Prospecting,,
KOPIWJO5,GTX Plus Basic,,Prospecting,,
465ZW6J2,GTX Plus Basic,,Prospecting,,
BVRUBA3A,GTX Plus Pro,,Prospecting,,
5JS1Z5BQ,GTX Plus Pro,,Prospecting,,
5EUHU5AF,GTX Plus Pro,,Prospecting,,
F11IGBLD,GTX Plus Pro,,Prospecting,,
CC70D9SD,GTX Plus Pro,,Prospecting,,
0BQTT5UF,GTXPro,Donware,Prospecting,,
M7UNLZEP,GTXPro,Finhigh,Prospecting,,
EG7S6ZOI,GTXPro,Konmatfix,Prospecting,,
UND13JS5,GTXPro,Plusstrip,Prospecting,,
HFVWQIMF,GTXPro,,Prospecting,,
9YLUGU6I,GTXPro,,Prospecting,,
SAUIIUTV,GTXPro,,Prospecting,,
B5H6M7AP,GTXPro,,Prospecting,,
COGXUYLL,MG Special,Doncon,Prospecting,,
ZVO432VF,MG Special,Faxquote,Prospecting,,
1BB5LME9,MG Special,Globex Corporation,Prospecting,,
7WXPAXAV,MG Special,Rangreen,Prospecting,,
GSOR2INK,MG Special,,Prospecting,,
BTH2O9OF,MG Special,,Prospecting,,
HW367OVT,MG Special,,Prospecting,,
O6NIPA7N,MG Special,,Prospecting,,
MI3MV7PU,MG Advanced,Acme Corporation,Prospecting,,
A8PVW8RI,MG Advanced,Condax,Prospecting,,
S4V0T890,MG Advanced,Finjob,Prospecting,,
AP74NF6M,MG Advanced,Iselectrics,Prospecting,,
WJ7HDR4Q,MG Advanced,,Prospecting,,
F1NWH30L,MG Advanced,,Prospecting,,
7KQAH6UI,MG Advanced,,Prospecting,,
2NO97U9Z,MG Advanced,,Prospecting,,
BKI3OLP8,MG Advanced,,Prospecting,,
KTSP63I0,MG Advanced,,Prospecting,,
HKMMBDMW,GTX Basic,Plusstrip,Prospecting,,
52V1RWCZ,GTX Basic,Stanredtax,Prospecting,,
XS7L2AQE,GTX Basic,Zencorporation,Prospecting,,
M22PCEKY,GTX Basic,,Prospecting,,
IVTNXNYP,GTX Basic,,Prospecting,,
HOXD9TTL,GTX Basic,,Prospecting,,
H046CU4Z,GTX Basic,,Prospecting,,
JF4MEWPX,GTX Basic,,Prospecting,,
1HD5JJM3,GTX Plus Basic,,Prospecting,,
NWPSEF2I,GTX Plus Basic,,Prospecting,,
0E8D6TCQ,GTX Plus Basic,,Prospecting,,
7MKYTX69,GTX Plus Pro,,Prospecting,,
CLPDG9BG,MG Special,Yearin,Prospecting,,
32NDDT4L,MG Special,,Prospecting,,
1969NL80,MG Special,,Prospecting,,
IKR0NSUE,MG Special,,Prospecting,,
473F6L9F,MG Special,,Prospecting,,
KN4LCS4D,MG Special,,Prospecting,,
EL09RK8X,MG Advanced,Dalttechnology,Prospecting,,
Y9EBNML6,MG Advanced,Donquadtech,Prospecting,,
9H2V1F1E,MG Advanced,Funholding,Prospecting,,
2872DC79,MG Advanced,,Prospecting,,
OYRF34VN,MG Advanced,,Prospecting,,
HP8IWA1E,MG Advanced,,Prospecting,,
M5ZYQFGR,MG Advanced,,Prospecting,,
0CECGPEJ,MG Advanced,,Prospecting,,
D6YEYMJC,MG Advanced,,Prospecting,,
RLDCYEJU,MG Advanced,,Prospecting,,
BIN9U8D9,MG Advanced,,Prospecting,,
8O98HGMW,MG Advanced,,Prospecting,,
SRYX0U85,MG Advanced,,Prospecting,,
MON9ZE47,GTX Basic,Groovestreet,Prospecting,,
FJHKS2T2,GTX Basic,Plussunin,Prospecting,,
HUG2KAHE,GTX Basic,,Prospecting,,
PGN9I1HU,GTX Basic,,Prospecting,,
647SQRGL,GTX Basic,,Prospecting,,
TAKHOTRW,GTX Basic,,Prospecting,,
TS9QPHNA,GTX Basic,,Prospecting,,
UEI0RABV,GTX Basic,,Prospecting,,
27ZK0L0F,GTX Basic,,Prospecting,,
K38J8D75,GTX Basic,,Prospecting,,
UIP7MXOR,GTX Basic,,Prospecting,,
MNCY3CKD,GTX Plus Basic,Nam-zim,Prospecting,,
E0S2ZL6X,GTX Plus Basic,Streethex,Prospecting,,
XT9QCG8T,GTX Plus Basic,Zoomit,Prospecting,,
52WACRCG,GTX Plus Basic,,Prospecting,,
0PXJYUT7,GTX Plus Basic,,Prospecting,,
D45LXDPW,GTX Plus Basic,,Prospecting,,
DDHNCZMO,GTX Plus Pro,Konex,Prospecting,,
Z99W80UY,GTX Plus Pro,Zencorporation,Prospecting,,
K8ITR8PA,GTX Plus Pro,,Prospecting,,
G4B3UCWQ,GTXPro,,Prospecting,,
8O212QCV,GTXPro,,Prospecting,,
X2REWR7J,GTXPro,,Prospecting,,
RKP2DVSU,MG Special,Hottechi,Prospecting,,
T3T4OE0A,MG Special,Konex,Prospecting,,
K7L1RE8B,MG Special,,Prospecting,,
RPCZJOE2,MG Special,,Prospecting,,
6IG2A8KD,MG Special,,Prospecting,,
MFU6Y5HX,MG Special,,Prospecting,,
Y0EKPBLQ,MG Special,,Prospecting,,
8TLX2786,MG Special,,Prospecting,,
Z9CW6K35,MG Special,,Prospecting,,
YVFK9Q0W,MG Advanced,Faxquote,Prospecting,,
PF7M8CG2,MG Advanced,,Prospecting,,
ZHPJ73Q6,GTX Basic,Inity,Prospecting,,
2TI0MAKP,GTX Basic,Lexiqvolax,Prospecting,,
2G5ZMOYC,GTX Basic,Scottech,Prospecting,,
EPOB4B15,GTX Basic,,Prospecting,,
2WWMPY7O,GTX Basic,,Prospecting,,
Z6VQW8TB,GTX Basic,,Prospecting,,
FNLAOXF8,GTX Basic,,Prospecting,,
C5B5WBY9,GTX Plus Basic,Sumace,Prospecting,,
6IO91583,GTX Plus Basic,,Prospecting,,
ZXNPF7PL,GTX Plus Pro,,Prospecting,,
NKFG3KKP,GTX Plus Pro,,Prospecting,,
JQ338VQC,MG Special,Blackzim,Prospecting,,
WJK0O5J9,MG Special,Doncon,Prospecting,,
W2149WNZ,MG Special,Golddex,Prospecting,,
6WNENPQM,MG Special,Goodsilron,Prospecting,,
VW8CEV4C,MG Special,Konmatfix,Prospecting,,
KLUS7RVS,MG Special,Opentech,Prospecting,,
ROM4I2T0,MG Special,Rundofase,Prospecting,,
6QKBZAEQ,MG Special,,Prospecting,,
5P4OCP0Q,MG Special,,Prospecting,,
E54FFQBM,MG Special,,Prospecting,,
8GNSME5U,MG Special,,Prospecting,,
5697WKA6,MG Special,,Prospecting,,
A5DN7SE1,MG Special,,Prospecting,,
DGI6CB5K,MG Special,,Prospecting,,
MTH7D617,MG Special,,Prospecting,,
S6BD2RV6,MG Special,,Prospecting,,
P43NZA0V,MG Special,,Prospecting,,
TFPZNRS3,MG Special,,Prospecting,,
SPTF1MZ4,MG Special,,Prospecting,,
WI5RHGX9,MG Special,,Prospecting,,
WAT7H38N,MG Special,,Prospecting,,
1FAU5C6V,MG Special,,Prospecting,,
Q5RRTVJK,MG Special,,Prospecting,,
KIOF5EM0,MG Special,,Prospecting,,
SH4FSTJV,MG Special,,Prospecting,,
AV50UWVV,MG Special,,Prospecting,,
KAZ72JJ0,MG Special,,Prospecting,,
QVWEPN6J,MG Special,,Prospecting,,
JD7ACALY,MG Special,,Prospecting,,
NSGU1K3N,MG Special,,Prospecting,,
UK00OVV2,MG Special,,Prospecting,,
DWGARGA2,MG Special,,Prospecting,,
A4M34F8C,MG Special,,Prospecting,,
FCNN6UY0,MG Advanced,Ganjaflex,Prospecting,,
8M2O0Q8V,MG Advanced,Silis,Prospecting,,
WNWI8RJU,MG Advanced,,Prospecting,,
4H6DFFO4,MG Advanced,,Prospecting,,
IUM2FVA1,MG Advanced,,Prospecting,,
9MIWFW5J,MG Advanced,,Prospecting,,
6SLKZ8FI,MG Advanced,,Prospecting,,
LIB4KUZJ,MG Advanced,,Prospecting,,
18IUIUK0,MG Advanced,,Prospecting,,
8I5ONXJX,MG Advanced,,Prospecting,,
